species,protein-accession,protein-sequence,protein-length,project-accession,sequencing-technology,assembly-name,genome-refseq,assembly-status,scaffold-N50,coverage,scaffold-count
Oppiella nova,CAD7653192.1,mwsiigeealppdgslfnvllvfvlayicgqlvsiirlppllgmlaigftfgnvmdlnlnqslsatlrsialviillraglgldpqvikklsgvclrlslipctveaftfaatsyllidlpfnwgvllgfilsgvssaivipnmialqercegtdkgiptllmasasvdnvmaitgfgvcvglvfdtgssivwsvfkgpvsvligvvigttfglilwyipdkydsyktspddskllrlsllilfgmflvfvsksvgfdgtgplgclilafitslkwrgtpfynpiredlkflwtifeaflfvligtevkisdlqansiglaivcllialfmrfivssivvfgvqlnlkekifiaiswipkatvqaaigpialdlardrndpqlqelakfvltiavisiiitaplgaiamsltankclktevrsqyedledncvirqtmeertevrpllndtsnciqtrslkps,463,PRJEB39968,FALSE,1_On_b1v03.max_arth_b2g_droso_b2g_emblv2,FALSE,Scaffold,6753,490,63118
Dinothrombium tinctorium,RWS02343.1,mpkafdlkelrrysllklptiliilliwscvwslfdelalppngnlfwliilfiatyfageicslisapplvgmliagfilrnttsmkidaqvssilrnvaltvillragfglnpndlkklsgvclrlsfspciveticiavtthfllglswqwgfllgfvlaavspavvvpgmillnerklgtdkgvptlviaaasvddvlaitgfgvflgtvfsshqslawqiakgpleaivglvaglfigvllwfvpvhleneksapekkqrlaltlffglilvfisqkigwsgigplgaltlsfiaalkwrvksidlfvekqlksiwfffqfflfgligaevnissiqpdsigycllclfiglvfrcftamivtwgagfswkeklfvslawlpkatvqaafgpvaldlarkagdetkisfatlilnfaalsivitaplgallialsgpkllkkepetimneivvevdhngknleiisdashvtkf,479,PRJNA377800,IlluminaHiSeq;,ASM367599v1,FALSE,Scaffold,16512,60,22758
Tetranychus urticae,XP_015790562.1,mkanangsphqnrisvigspsiddsisqspeeaptiakkcisfitewiiraalcvlcwsllwsicgpialppqsplfslliiwitayalgqcclpfslppllgmmiagiilsnipgnvivldskissslrsialtiillraglgldpkmikslsgvcfrlafipclveavaiaitthliigfpfqwglllgfvvgavspavvvpamidlqqqgygieqgipslviasssvddvlaitgfdvvlsfafvrpdsslvwnlvkgpgealiglimgtltgiflwyfprcswkdldseetfdqftancqrfaltltiglasvfitnyldiggigplaalvvtfvaairwrplnidsqiedglkiawlifepflfsligaeikfsqlkldylfpvtlcliislgfrclasflvlfgselnlrekffiaiswlpkatvqaaigpvaldlarsrgdqqaiengilvltvailsilltapigavliklsapkllrkpatkntfemqvs,499,PRJNA315122,FALSE,FALSE,NW_015449950.1,FALSE,2993488,8.05,641
Trichonephila inaurata madagascariensis,GFY73361.1,melesmynevpdeihkdlgkrsgnklhrilpskrkiflaltqslvllflcaslygilgtdalpgselfallilsvtahiagrvvcliklppligmlitgflfrnlpfipfyknisirwattlrasafviillkaglgldaeklktlkrivfqlafspcivetivisiishfllhlpwtwaimlgfvisavspavvvpgllslqdrsfgikkgiptlviaaasvddilaitgftimlsvslsggdnlwitflkgilepvgglvygilfgiafwilpgsqisssaslfyhvillclggftgmflskrleiagagpiaclvmafvaslrwkkdadhleniekvigkmwvilqpflfsligaevsvqnlqsnlgntiltllialafriatamfasfggdfnlkekifiavawlpkatvqaavgpqaldyvltnnmgkemenlaqkiltgavlsimmtapigaaliailgplllsqdektnrkemnslevkdnkdesisgfev,498,PRJDB10127,IlluminaNextSeq500;ONTGridION;,Tnin_1.0,FALSE,Scaffold,231352,79,28263
Limulus polyphemus,XP_013794831.1,magstsneipnvqektenqtlnldqvvkensptsesvvnepglasnnkshsdgqddkgkkkiawwpprgifanylaltvvvvlfygtlvglvdslalpgghifslfiivvmchiagelitllhlpsllgmlimgfmlrnipkinfaedldpkwtsdlrsvalvvillragmgldpgtlrklslvcfrlaftpclvetvtvavtsnlllgfpwlwgfilgfvlaavspavvvpsmldlqdkklgvnkgiptlviaaasiddvlaitgfgvvlgitfsegsvawtvikgpleamvgvayggifgfilwhvpakddkslsilrsaalligglfimfgsravefggagalgclslafvaasgwrkqkwddgiwdgddnpvrtffnylwkifqpilfgligaeiqvsqleantvglglatlgiglfirmivtflvvfkanlniseqvfvalawlpkatvqaafgpvaldyarntkagpemeafgikvltiavlailvtaplgaaaislsaprlltpspgnnktsndteaqgsv,528,PRJNA238073,FALSE,FALSE,NW_013665862.1,FALSE,254089,18,286793
Leptotrombidium deliense,RWS31925.1,maiidlrnladfclnkvaelllfsliygtvwliigsdalppngrifvlfavfasayvgaelctaiyippilgmlvggcfvrnssyitidsrlssilrsfalatillragiglnpvelrklssiclrlaftpclvetitsaitayifydfpvvwgfilgfvlsavspgivvklmlelqeqglgtdkgiptlimaasslddivaitgfgialsialsmmtsllwnllkapleafcgiffgaavgciliiipsqidsaadnnmkirhncqrvcltiifglflvlitrelelgssgalaaltltfvaalswrhynnqktveetlkvawnliepflfgligaeiqisilelkivllslltlsiglvmrcltvvlvcygydfnmkekffialswlpkatvqaaigpvaldnarelndttsikyatlvltiavisifvtaplgsmaitlsaprllsksnqqkpienpahepveitgh,470,PRJNA377801,IlluminaMiSeq;,ASM367590v2,FALSE,Scaffold,2941,30,66710
Stegodyphus mimosarum,KFM61101.1,melqtenvdehlnncteeknctvdrsaskciiwrqllkpskrkifiilaqvlvflflfatlfgilrqdalpgseifalllllifahiggkiigfvklppllgmlivgflfrnvtfipyykdisikwasvlrgsalvvillkaglgldavklrklklvvfqlsftpclvetaitgisshyllqlpwpwaimlgfiisavspavvvpslltlqekklgtnkgiptlviaaasmddiiaitgftvmlsisvskdewiwsfvkgplepivgllygilvgvsfwyvpnsesskqlqtyyhflmlcfgglsamflskafefagtgplacltlafvasigwkkdpeqfntlerstgvlwkliqpflfsligaevtisnlqsnlgygvlalcigllfrivtaalvtfggdlnikekffvafawlpkatvqaaigpqaldyvlinnkgpemeemakkiltvavlsiiltapigaalisilgpilltkekevtenllieennatkl,496,PRJNA222714,FALSE,Stegodyphus_mimosarum_v1,FALSE,Scaffold,480636,70,68653
Nephila pilipes,GFS30334.1,melesmcdevpdeihkdlgsshrseskfchmvlgkrkvmlavsqllvlfflcaslygilgsdvllrseifallllsviahiagkvvsliklppligmliigflfrnlpfipfyknisirwattlrasafviillkaglgldaeklkslklivfqlafspciveamvisitshfllnlpwtwaimlgfvisavspavvvpgllnlqdrsigikkgiptlviaaasvddilaitgftimfsvslsagsnlwitllkgilepvggltygilfgvtfwilpgsqsfsstslfyhvillclggfagmflskrleiagagpmaclvmafvaslhwkkdiqhlesiektigvvwiilqpflfsligaevsvqnlqsnlgntilvllialafrivtamfasfggdfnlkenifiavawlpkatvqaavgpqaldyvltnnmgkemedlaqkiltgavlsiimtapigaaliailgplllshdnktdkkelnqleenvnkdesrsdfdvsnqa,504,PRJDB10128,IlluminaNextSeq500;ONTGridION;,Npil_1.0,FALSE,Scaffold,292147,112,132898
Homarus americanus,XP_042203786.1,mdnltmtsfvdtlngpamdssqhqsdggraatidavevtsslqsrdgsflehegpvqeskikkcllscsschhplsrkhnplssnptflqllkysflcpphgtvgkwltlvliillvfgslvsilgatslpggnifslcvlfvlalvgghaitplrlppllgmlvvgillksvpgiseigknidrdwasalrnialvvillraglgldpaalkqlsfmvvrlafspciietivvatvshlllgfpwlwglmlgfvlsavtpavivpcmlvlsekgygvekgiptlviaastiddvlaisgfgillgitfaegelwvvilkgpfevlvgllfglifgvlcwvlpnrkeqeaqvmrfaiilsagllsvfgsqmvelggagalgclvmafvagfgwrrqgmtdenyvdhllgyvweffqpflfaligaeiqldqldgntvgyglititiglifrmitsflvvmggelsvkerifvalawlpkatvqaaigsqalnyarktaagpeaeklglqvltiavlvilitaplgaaaitlsapkllsrsnqahtqspgtpektmea,557,PRJNA744898,FALSE,FALSE,NW_024749657.1,FALSE,759644,110,47246
Centruroides sculpturatus,XP_023233238.1,mhldfqtppsqqqsplqlsnanfsskkknflkafllspsvlswfglilstslvwgslwgllnhlalpggeifalvvvvvvcyiggqivslltlppllgmlimgmilqnvpyidvakdlnpkwssdlrsialviillraglgldpivlrklsgacfrlaftpcivecitiaiishfllefpwlwgfilgfviaavspavvvpsmllleekglgvnkgiptlviaaasvddilaitgfgvvlgitfstgslawniakgpleavigivygcilgwimwfvpgdsdkkvnlfrilellfggmfamfggravkfggigalacltlafvaafgwrkksfsnedslvsstlgnlwllfqpilfgligteikfedlkgdtvgfgiavllialvfrmltsfivvfkaglslreqffiaiawlpkatvqaaigpfaldlarklgsdkteeklgiqvltiavlsilltapigaaaiavsaprllektdkdnlphetssytsssasldkgeidtkl,504,PRJNA422877,FALSE,FALSE,NW_019384339.1,FALSE,537465,181,8338
Portunus trituberculatus,XP_045108651.1,mpciyivgkwltgllilclvfgslvsllgdtalpggnifslfilflaaeaagrvveplrlppllgmlvvgillksvpginhvgksinqewstalrnlalviillraglgldpaalkqlslmvvrlafspcvvetlvvavvthlllgfpwlwglmlgfvlgavtpavivpcmlvlsqkgygvdkgiptlviaassvddvlaisgfgvlmgitfaegelwvvilkgpfevvvgliygvvlgmlcwvlpvpsehnapllrfvvlltagvvslfgsplihlggsgalgclvmafvagfgwrkqgmteenyvdkmlehmwmffqpflfaligaeiqvdklegstigyglltlfvglvfrmvtsflvvmggelnmkerlfvafawlpkatvqaaigsqaldyarktnagpeeerlgeqvltiavlsilltapvgaaaimltaprllgkssqakegvgemdeaakeppe,462,PRJNA783019,FALSE,FALSE,NC_059267,Chromosome,21793880,54.74,524
Stegodyphus dumicola,XP_035226765.1,meisvinsveepfpqqlvvehklgpirrcfqaacngilpnkkefnlfltqllvliffavstygilnknalpgsevfallllvlsatvagrifgfmffppllgmmiagflyrnlsfipyygnishktvsslrdialvlillraglgldpnklknlkmvvfrltvvpcivetgsiavlahflldlpwiwatmlgfiisavspavvlpillnlmkknlgtskgiptliiaassmddilaiagftitlsiafsqgniiwtaikapleplvgvvfgsvfgvifwhipskdrsksaliyynvlllcfaglsamfaskragipgsgalgcitlalaaslqwrkdadqfhsisavvdimweiiqpflfaligaevtlpslqqhvgysvlalilglccrslvtglavfganlnikekifvccawlpkatvqaavgsqvldyarshnkgfqyeeygkqilniavlsivltvpvgaaltailgpillstddtaknltenahddngekvkgnkilpdygscdmletasilphknfntv,526,PRJNA642917,FALSE,FALSE,NW_023321452.1,FALSE,0,0,
Penaeus japonicus,XP_042856260.1,myycagmmenspemsngmrgtelagvvdsshnidgqvmedqissadkityesgsaslkyvfdcwpphgivgscltwtilvllvwgaaiaiiglsalpggnifslmclfciavlggqlatlaklpslmgmlvvgillssvpginyvgnsidkdwssalrnialvvillraglgldpaalkelsfmvlrlaftpcivetitvatvthlllgfpwlwglmlgfilsavtpavivpcmiklseegygmdkgiptlviaassvddvlaisgfgvlmgitfakgslwwiilkgpievvmglvyglgvgallwvlpnieernahnlrffllgsagllavfgsqmaqfggagalgclvmafvagigwrrqgmsednnpvddkllimwelfqpflfsligaeirvseldirtvgwglvtlavglvfrmttsflvvmggnlnikermfvalawlpkatvqaaigsqaldfaqkseagpeiirlgeqvltitvlvilitaplgaaaimlsapklltkgktkdtldlpdglpdp,522,PRJNA752636,FALSE,FALSE,NW_025037366.1,FALSE,0,0,
Penaeus chinensis,XP_047501491.1,menlpemsngmrstevavvvdsshnidgqvmedqissadkityesgsaslkyvfdcwpphgivgrcltwtilvllgwgaaiailgisalpggnifsimclfciallggqlatlaklpslmgmlvvgiilssvpginyvgsnidkdwsaalrnialvvillraglgldpaalkelsfmvlrlaftpcivetitvatvthlllgfpwlwglmlgfilsavtpavivpcmiklseegygmdkgiptlviaassvddvlaisgfgvlmgitfaegslwwiilkgpievvmglvyglgvgallwvlpnieernaqnlrffllacagllavfgsqmaqfggagalgclvmafvagigwrrqgmsednnpvddkllimwelfqpflfsligaeiqvseldigtvgwglvtlaiglvfrmttsflvvmggnlnikerlfvalawvpkatvqaaigsqaldfaqkseagpevvrlgeqvltitvlvilitaplgaaaimlsapkllskgktkdtldlpdglpdp,515,PRJNA822080,FALSE,FALSE,NC_061858,FALSE,0,0,
Argiope bruennichi,KAF8765000.1,melesftgenhrrnldadhhsfrkfynllpskrkailtitqvtvlvflyaslygilgsdalpgseifallllsvsahivgklvsliklppligmlivgflfrnlpfipyyqnisilwattlraaafvvillkaglgldaeklkslklivfqlafspcivetivigisshfllnlpwawaimlgfvisavspavvvpgllslqersfgvrkgiptlviaaasvddilaitgftimlsislsagdslwvtllkgllepiggllygvlfgalfwlipssqyssstqtfyhvvllclggfaamflskrlgiagigpmaclvmafvaslgwkkdhqhleeiekifsvmwiilqpflfsligaevsvqnlqsnlgstvlalligftfriitaafasygggfnikeklfiaiawfpkatvqaavgpqaldyvlsnkmgkemedqaqkiltgavlsiimtapigaaliallgpllltkdkpeerdvlemagdtaknecgi,492,PRJNA629526,PacBioSequel;Illumina;,ASM1534279v1,FALSE,Chromosome,124235998,21,2231
Araneus ventricosus,GBN34252.1,melesytdenhsndhhssrkfynllpskrkavltatqtvvlvflyaslygilgddalpgseifallllsvsahivgklvsliklppligmlivgflfrnlpfipyyqnisilwattlraaafvvillkaglgldaeklkslklivfqlafspcivetivlgisshfllnlpwawaimlgfvisavspavvvpgllslqersfgirkgiptlviaaasvddilaitgftimlsislsagdslwvtvlkgllepiggllygvlfgslfwlipssqsssstqafyhvvllclggfagmflskrlgvaglgpmaclvlafvaslgwkkdpqhleqieriigvmwiilqpflfnligaevsvrnlqsnlgntvlalligftfriitaafasygggfnvkerlfiaiawfpkatvqaavgpqaldyvlsnnmgkeledqaqkiltgavlsiimtapigaaliallgplllsqdkpkekdasemdgdsaknecri,488,PRJDB7092,IlluminaNextSeq500;MinION;,Ave_3.0,FALSE,Scaffold,59619,19,300721
Parasteatoda tepidariorum,XP_015912243.1,mssdphhqsqeseylnenqpgisksgvfqciprkfkqwfpssskvvlyftqglvilllfgtiygmigkdifpvsgifalfllallahigglivkivrlpplvgmlivgflfrnlsfitfydhitvrwaasfrgsalvvillkaglgldadklkklsrvvfqlsftpciveaitigvashfllqlpwswsimlgfvisavspavivpgllnlqskmrgtkkgiptlviaaasiddilaitgftvmltialthdnlvssvlkglfepigglifglgygrllwclpslesspfqvmyyhilllclggstvmffskelgiagagpmgclvlafvaalnwkkdpehfnyieklisllwsllqpflfsligaevsvgdlqsnlgaamltlfiglvfrimtaafvtfgggfnikekifiafawlpkatvqaaigsqaldyvvtnngspemldyaqkvltcavlsimmtapigaafisimgpklltkdiqtrrkskqklencdsniqdvencimakm,509,PRJNA316108,FALSE,FALSE,NW_024970612.1,FALSE,765179,96.9,59953
Penaeus monodon,XP_037797691.1,menmpempngmrstevavvvdsshnidgqvmedqissadkityesgsaslkyvfdcwpphgivgrcltwtilvllgwgaaiailgisalpggnifslmclfciallggqlatlaklpslmgmlvvgiilssvpginyvgnnidkewssalrnialvvillraglgldpaalkelsfmvlrlaftpcivetitvatvthlllgfxwlwglmlgfilsavtpavivpcmiklseegygmdkgiptlviaassvddvlaisgfgvlmgitfaegslwwiilkgpievvmglvyglgvgalfwvlpnieersaqnlrffllgcagllavfgsqmaqfggagalgclvmafvagigwrrqgmsednnpvddkllimwelfqpflfsligaeiqvseldigtvgwglvtlaiglvfrmttsffvvmggnlnvkerlfvalawvpkatvqaaigsqaldfaqkseagpeivrlgeqvltitvlvilitaplgaaaimlsapkllskgktkdtldlpdglpdp,515,PRJNA679074,FALSE,FALSE,NC_051416.1,Chromosome,44862054,189,26635
Uloborus diversus,XP_054711692.1,mvpyaeisvvttvkddsiifnrgkkvctrllpskqsillaathtvvllffagalygiigenslpgseifalfslaisayaggvlvgyfklppllgmlvsgilfrnlpfmtfhenisimwastfrdtslviillkaglgldpeklkrlkmaviklsfipclletlgssvfahyllglpwlwscmlgfivsavsaavlvpgvlmleekrygirsgiptlimasvsidnivaltgfvvtfsilssnenltwalvkrplepcigflfggifgallryipdenipknslvyyrtillflggmafsfvskragisgagalscvslafvaalkwrkdpeqykticwitgilwqliepflfgligaeitleslqndlgyavltlilgllvraiatilalmrsqlsfkeklfvssswlakatvqaavgsqaldyarsqskgyefetyskqvltlsvlsiiltaplgsafmeclgpyllekdpvvtdlqseseedetdivvekrasygscsvtlssrns,509,PRJNA949570,FALSE,FALSE,NC_072734,Chromosome,185519777,60,1586
Ixodes scapularis,XP_040071702.1,mkdittveaaasashaipaiedapqqdatfpgeerlglvgrarrlscppegpvsqglswllllalawgalwglfgdgalpgghffsllalvcaayaggqlvklvrlppllgmlitgfilrnvdainvvrhiepswasdlrsmalililiraglgldatvlrnlggaclrltccpclmecaavavsarlllgfpwlwgtllgfvlgavspavvvpsmlwlqseglgvdqgiptlvmaaasfddvlaitgfgvvlgivfskgnlawniakgpleavvglifggvvggllwflpsaqsgqrttlrpvllllaglcvmfaarrvefggsgplgciavafvaafrwnkdqhgaasasetcallwevfqpilfgligsevqikdvaadtmcwgwgvlgisltlrmttsflvvygaslslkerlfvaiawlpkatvqaaigpvaldyarnlgaddrtvslatqvltvavlsilvtapigaaaialsaprllrrsarsldpakgravtepneadvdmsvl,512,PRJNA704952,FALSE,FALSE,NW_024609883.1,FALSE,132052651,41,648
Lepeophtheirus salmonis,XP_040567434.1,mncfssslnlklqnffgnfllshqedelkdedsiwkkikfallcpphghigkwlsiilvilavyggllaligqhaaaphgilfqlfvlvivgvlmgkvmelirlppllgmivtgiffenlnllekdenvwpqtssklrslalviillkaglgldpkalkklsgivfrlafipccietlfvgiagylivglpwtwsfllgfvlsavspavvvpsmldlqargygvekgiptlviaaasiddvlaisgftlctaiifkpssniqniilqvplevfigilagliwgiicifipskdddnvkgfrscillggsimshfgcqyyevpgagpisilimgfisglgwtqygwktnnyvvqllsklwmlfqpllfvligteikiyaldiailgqcaavfligmsvrliasylatfskeitlkerifislawlpkatvqaavggwaldfvksktdlpdwstklnyativlntavlvilvtaplgaiaisitgpkllkktvtessletpg,500,PRJNA687570,FALSE,FALSE,NC_052135.1,FALSE,0,0,
Panonychus citri,XP_053205578.1,mdenvssegksmetikenvinflgqwiirvilcvliwsllwsvcgsialppssplfslliiwltayalgqlclplglppllgmmiagiglanfpgnivtlqsqlssslrsialtiillraglgldpkxikslsgvcfrlaffpcivetvsiamtsyliigfpwqwglllgfvigavspavvvpamidlqqqgygtsqgiptliiasssvddiaaitgfdvalsfafvnpkssllwnivkgpgeatigliigslaglllwylprlksidthnkiqsddndsfeqfsltsqrfgltiviglasvfitnhldvggigplaalvftfvaairwrphklhlpienglkvawlifepflfsligaeikfnqlqldrlfpitccllislvlrslasfisvfgsslnmreklfisiawlpkatvqaaigpvaldlartkgdqqaisngilvltvailsilitapigavlikltapkllrkstkddtleiels,484,PRJNA927099,FALSE,FALSE,NW_026515416,FALSE,1807243,80,145
Trichonephila clavata,GFQ88531.1,mdknifsgfresrcssaflkdrlllvgtqlvclfffvgamygvlgdvslpgteifallvlaasawvggvvvsclklppllgmlavgiffrnapfipyhadisimwastlrdislviillkaglgldppklmelkldvlklsfipclfeaassavlvhyfldlpwiwafmlgfiisavsaavlvpgmldleekglgleagiptllmaavsidniaaltgfivtfsiitsnenltwtlitrplepfigllfgtimgvflwylpsenttepvqvfyrssslflgglcftfvskrvgmagagalacvsfafiaslkwrtqehfkyityiigimwnliepflfgligaeitlsslgnnlgyatlalclgvlirvlftifallgsklnfkektfvsaswiakatvqaavgsqaldyarshrtepnfkeysqqvlmmsvlsiiltaplgaafidwlaphllnagyvtcssspdssgeeereqisdvtvtdygarrsasvgeiegfirglksgvnv,508,PRJDB10007,IlluminaNextSeq500;ONTGridION;PacBioRSII;,Tnct_1.0,FALSE,Scaffold,112987,110,39792
Penaeus vannamei,XP_027214475.1,menlpemsngmrstelavvvdsshnldgqvieeqissadkityesgsaslkyvfdcwpphgivgrcltwtllvllgwgaaiaiigisalpggnifslmclfciavlggqlatlaklpslmgmlvvgixlssvpginyvgnnidkewssalrnialvvillraglgldpaalkelsfmvlrlaftpcivetvtvatvthlllgfpwlwglmlgfilsavtpavivpcmiklseegygmdkgiptlviaassvddvlaisgfgvlmgitfaegslwwiilkgpievvmglvyglgvgalfwvlpnieersaqnlrffllgcagllavfgsqmaqfggagalgclvmafvagigwrrqgmsednnpvddkllimwelfqpflfsligaeiqvseldigtvgwglvtlaiglvfrmatsflvvmggnlnikerifvalawvpkatvqaaigsqaldfaeksgagpeivrlgeqvltitvlvilitaplgavaimlsapkllskgktkdtldlpdglpdp,515,PRJNA508983,FALSE,FALSE,NW_020869190.1,FALSE,0,0,
Trichonephila clavipes,GFT57103.1,mdknifsgfgeslcswtslkdklllvgtqlacllffagavygvlggvsqpgteifallvlaasawgggvlvsclklppllgmlavgiffrnapfipyhadisimwastlrdislviillkaglgldppkllelkldvlklsfipclfeaacsavlvhyfldlpwvwafmlgfivsavsaavlvpgmldleekglgleagiptllmaavsldniaaltgfivtfsiitsnenltwtlitrplepfigllfgtimgvilwylpsentsepvqvfyrssslflggmcftfvskrvgmagagalacvsfafiaslkwrtqehfkyityiigtawnliepflfgligaeialnslgnnlgyatlalclgvlirvlstifallgsklnfkektfvsaswiakatvqaavgsqaldyarshrtepnfkeysqqilmmsvlsiiltaplgaafidwlaphllnagyvtcssspdssgeeereqisevtvtdygarrsasvgeiegfirglrsg,505,PRJDB10126,IlluminaNextSeq500;ONTGridION;,Tncv_1.0,FALSE,Scaffold,738925,79,21438
Caerostris extrusa,GIY41623.1,medvpvlqsifqsktalweahstqwnimliqnetigqssglhfmflffkicgewadqsflkkchhylpskkkimlaisqlfiiiflyasmygilgkdalpeseifallllyvlahiggklasivklppligmliigflfrnlpfipyyrnisnqwattlrsaafviillkaglgldaeklkalkrivfqlaffpciietivsgisshfllglpwtwaimfgfvlsavspavvvpgllnlqersfgvkkgiptlviaaasmddilaitgfsvmlgasltgdhlgyallngiweptaglicgilfgfifrffpssenssstlllyhitmlclggftgmfvsktigiagagpmsclvmafvaslgwkkdvqhlegiqkiigvmwnllqpflfsligaevllqnlqsnldntilalllgfvfriitatiasfggdfnlkekvfiavawfpkatvqaavgpqpldyvltydkgeelenhaqrlifylcsl,485,PRJDB11547,IlluminaNextSeq500;ONTGridION;,Cext_1.0,FALSE,Scaffold,98474,13,21729
Eriocheir sinensis,XP_050686079.1,mensalqfsetgnasqdggaqcdgetqetftpvlldscsvedpggprkevgrcqalcatclrpftrslyllpdnptlrqkfrysllcpphgrvgkwltglliislvfgslvsllgesalpgsnifslfvlfvlaeaagravvplrlppllgmlvvgillksvpgldvigknidqewsaalrnlalviillraglgldpaalrqlsfmvvrlafspcvvetlvvavvthlvlgfpwlwglmlgfvlgavtpavivpcmlvlsqkgygvekgiptlviaassiddvlaisgfgvlmgitfaegelwvvilkgpfevvvgvlyglvlgalswvlpvpsenntdvlrfslllaagvvslfgsqmihlggsgalgclvmafvagfgwrrqgmteenhvdqmlekawiffqpflfaligaeiqvdklegstigyglltlfvslvfrmltsflvvmggqlnlrerlfvalawlpkatvqaaigsqaldyarktnagpeeeklgeqvltiavlsilvtapvgaaaimltaprllskpdqdkekavgtaqetle,545,PRJNA883401,FALSE,FALSE,NC_066552,FALSE,0,0,
Procambarus clarkii,XP_045611888.1,mitirivcrdvchsrgastdgsimdtygslatdsrrgtysdagtlpigstiieenpqgwdkesdekklpesenshaknsqrlilcgccksflrshqelpehptvaeiikysftcpphgkvgdclfwvvaglalwcclisitgdlalpggnffsllvlyvtamlagkftgfmglppllgslvvgilfssvpglnavgrnidvywsaalrnfaliviliraglgldpvalkklsctvlrlaflpclveatstgiaskfllglpwswsimlgfivsavspavvvpsllklsdrgygveqgiptliiaaasiddvlaitgfsvmlgltfaegslvwtilkgpveilagivygivfgllcwivpssdkksrafykfiivfilgslgmfgsqkvglgssgpiavlafafiaglgwrrpgnedpkvsdyyrnvwqifqpmlfaligteidisaidpdtigwglltlficltlrvatsfvvvmgaaftiwerlfiaiawlpkatvqaaigsqaldyvrlhdgedvdiirgeqivtiavmvilvtapigaiairltgpkflakklptrtlndpettvmclpses,575,PRJNA793253,FALSE,FALSE,NC_059571,Chromosome,17011522,100,24239
Hyalella azteca,XP_018008691.1,mkkynalppsptwgdrikyafscpphgkvgevltqvvqlllvwgalyaitgdaaapgghifsllvvfvcsvmggkvteacglpallgmllagialrsipgvkiigdslnpswsasirkmalvvillraglgldpkalktmsltvfrlafvpslvesttvaivahfllgfpwlwsfmlgfivaaispsvvvpcllqlsqqgygvdkgiptlviaaatlddvlaisgfglmlgmtfsegsltwqllhgplevlmglsygammgficwilpnehhqsrsfqqftilisagffalfgsqkinfggagalavlcmafiagigfrrqsggdknlvgqhftvawgylmpmlfalmgteiqimqleldtiwlgvallcisltcrvvttffvvlgsglnirerffvalawlpkatiqaaigstaldyavrigadeteialakkvltivvlvilisapigaiaimtsaprllqraiqpapstsv,474,PRJNA342675,FALSE,FALSE,NW_025935622,FALSE,0,0,
Pollicipes pollicipes,XP_037084502.1,madptatyvfpaldleppmqqqqqqqprsaeqstsseekqsrssehgslngtdlatrgsgskpptisddigdqdvflaeplelqspeptgrchrcsrpllrstykplpaapvwrrllygctcppwgrleqllvavlvtlalwalavsladkealpggqifgvlcvvvlslaagwlverlrlppllgmlimgivlanvpglsgvatavkestssllrnvalmviltraglgldagalrrlslvvvrlaftpclsetltvgiaahlllgmpwiwsfmlgfvlaavspavvvpcllalqeqgygvakgvptlvmaaasiddvlaisgfgvlfgicfsqgaltdkllsgplevllglsygvslgvllwflpgadnrqlpllrlvlitclgllalfgsqavgcsgagalgaltlsfvaghgwrqrgwtgdtnpvseaygilwfvfqpilfgligaeirvdalkadtvgfglltlaigltvriivsffvvmgggltvkerlfvavawlpkatvqaaigpvaldyarlhaptpenialgeqvvaiavlvilvtapigaaaimlsaprllvrgsqvapgsqdqtkgkvangdnta,587,PRJNA624368,FALSE,FALSE,NW_023596805.1,FALSE,47009503,160,1237
Dermatophagoides farinae,XP_046913143.1,miiqfihkhcplftwklltitmiylnlliilpakslppdgdlfnmvilfvgahflgllsekiglpplfgmlvagflhgniidnemdptltsttrslaliiiliraglnldpqairtlssvcarlsllpsivealivtllswiwfgfnlswslmlgfvigsvspavvvpsmviiqeqnygvrngiptlliasasvdnvfaitgvsvclsfainngdggsnisqmiltivrgplealagiiyglivgiilwyiperydrkksaerfeihrfillattslfiwfgsqqanlksigplailtapfvasirwrqnnlgqlsresfrilwvvfenflfcligfsvrlrkldtsvlfggiviiliaviirmivaylvtygqfdrkerlfmaiswlpkatiqaamgpvaldlaqtnddigraqivltlavlsilmtapvgaiamdrtyrkllknysnenlnpntnnmtssepmdlenqtttnkvntplllndkpmlyyntle,494,PRJNA811591,FALSE,FALSE,NW_025814793,FALSE,0,0,
Caerostris darwini,GIY80960.1,mietnktysegccslsglkersvsagtqlacllflcgatygilgssslpgtetfallllavtawlggvlvgcirlppllgmllvgvlfrnvpfipyhadisiqwastlrdislviillkaglgldpgklmelkldvlkmsvvpclfeaagftflghyllglpwlwaamlgfivsavsaavlvpgmlalehrglgvesgiptlvmasvsidnivaltgfivtfsilrsnenltwtlitrplepfiglllgtivgvvlwylpsdgnsknslvlyrsvllilgglsfgfvskrvdmagagalacvslafvaslkwrahseqfmpitwitgsiwtliepflfgligaeitigslkdnlgyavlavmlgvvfrflstffallgsklnlkektfvsaswlskatvqaavgsqaldymrshptepffkeysqqvlmvsvlsilltaplgaafidflapyllrkddltscssedtsgeeeeereritevtvsdygagrsasvgdiegilrgyktn,507,PRJDB11546,IlluminaNextSeq500;ONTGridION;,Cdar_1.0,FALSE,Scaffold,440877,112,15733
Darwinula stevensoni,CAD7247776.1,mqdplrpsaskqddddektstrcpfllrderelppeatrwerfrrnlpcppgvklgrvctfllalplfwlagygltgsemllngnlfklyivffacllggwfmeiirlpgllgmllvgillgnlerqtgwmehplqpgwsgkirgialvviliraglglnpeqlrrlslmvtrlafvpctveaiavacfsyfilelpwtwgfmlgfalaavspaivvpcmlriqeegygvdkgiptlllaassmddvlaisafvvflgvtfsqgsiikkifmpfaeiivgllygiilgvifwfvpnhkdsfavtevrsimlliggiasyfgsmfiemhsagalgvlslafvssigwrrqgyqddnpvslnfnylwlifqpllfgligteidlvqirvttvgyalivicgglifrccaaflavsggdlnmkekvftaiawlpkatvqaaigpnaldtalamhdpnpqhidwgrdiltiavmailisapiggicirycspkllvksrymppacvlnvsqtldegpetlgaslainasdtrvtfldqpssqd,539,PRJEB38362,FALSE,Dst_b1v02_max_arth_b2g_genome,FALSE,Scaffold,56422,353,62117
Ixodes scapularis,EEC08736.1,lcscagmlitgfilrnvdainvvrhiepswasdlrsmalililiraglgldatvlrnlggaclrltccpclmecaavavsarlllgfpwlwgtllgfvlgavspavvvpsmlwlqseglgvdqgiptlvmaaasfddvlaitgfgvvlgivfskgnlawniakgpleavvglifggvvggllwflpsaqsgqrttlrpvllllaglcvmfaarrvefggsgplgciavafvaafrwnkdqhgaasasetcallwevfqpilfgligsevqikdvasdstllglgvlgisltlrmttsflvvygaslslkerlfvaiawlpkatvqvssgdvgldepnkiqvpvncrflffsrpktqvltvavlsilvtapigaaaialsaprllqrsarsldpakgr,397,PRJNA16232,FALSE,JCVI_ISG_i3_1.0,FALSE,Scaffold,76228,6,369492
Eurytemora affinis,XP_023323140.1,mrkmasdkkkapenlqasskdrdpesnqtepdspfikpselkpetkeislsriqkifapilvknyslsdesgpcsrfgysllcpphgrvgtlitwilavflvwgtavavlgpialpgnspiqfevsggtvfslialvssayvggwivslvklppllgmlvvgivlknvpyidvgrgldpswsaalrstalavillraglgldpralkqlsamvfrlaffpclveatvvaisshlllgfpwlwgfmlgfilaavspavvvpcllslqergfgvekgiptlviaaasvddvlaisvftillgvtfntnqdnlyqlilqgpleaivgvlggfiwgvlviflppsphpnvllrvvllfggslfalfgsamagfpgagalgvlvlafvaglgwrrqgwkednpvsqtlaqmwiifqpllfgligteiqvdkldpetvglgigvlvcglsarlvlsyisvlggdvnhrermfialawlpkatvqaaigplaldlatqalrkagmdgenlpelneqlelaekvltlavlvilitapigavaimasgprlltkmnkplpydikeegeemsemis,566,PRJNA423276,FALSE,FALSE,NW_019396180.1,FALSE,0,0,
Cherax quadricarinatus,XP_053649231.1,megscdsqnplfsrdmsntvhanvnhaleldesqdisepsslntvpvavdtepshtpgphvpdvplsspvhnveedsqvqnnvtekgegsdtkpasvnvgdgtsvtqssstaagprmshsrgasqissceasvgrrdlchsrgastdgslmdaygssatdsrrgtyseagtlpigstiieenpqgmdkapdekklsnsedadtkyshklisscyccksflrshhelpehptvselmkysftcpphgkvgdcliwivvglsfwgilvaitgelalpggnffnllvlyvvalvagfmanfiglppllgslvvgilfssvpvinvvghnidtywssalrnialviiliraglgldpvalkklsctvirlaflpclieattmgivstfflglpwswgfmlgfivaavspavvvpsllklseqgygvdqgiptliiaaasiddvlaitgfsvllgltfaegsliwtilkgpveillgiiygiffgllcwfvpykekrnravykfiivfclgalgmfgshkvglessgpiavlafafvaglgwrrpgkedpdvgvyyrfvwkifqpmlfaligteidvaaidpdtigwgllavvislsfriltsfvvvmgaaftiwerlfiaiawlpkatvqaaigsqaldyvrlhngedediirgekivtiavmvilvtaplgaaaikltgprflakklpnlslmsdpeatv,697,PRJNA923327,FALSE,FALSE,NC_069466,Chromosome,45061517,108.71,46553
Chionoecetes opilio,KAG0726903.1,mwslqglvwrrggevwlagvsqvwqvrhgrpsspavpgrrliptatggrwqpcstieetntylvmeprgqeeregthetgcspcfhpclrglhplpsnpsrlqklkyallcpphgrvgkwltgllivslvfgslvsllgaaalpgghifslfivflgaeaagramvplhlppllgmlvvgillksvpgidyvgksidpdwsaalrnialvvillraglgldpaalkqlslmvvrlaftpclvetlvvavvthfllgfpwlwgvmlgfvlgavtpavivpcmlvlsqkgygvakgiptlviaassvddvlaisgfgvlmgitfaegelwvvilkgpfevvvgvvygvvlgalcwvlpvpsehntpvlrfvvllaagvvslfgspliqlggsgalgclvmafmagygwrrqgmtdevdklegstvgygfltllaglsfrmvtsfvvvmggqlnlkerlfvalawlpkatvqaaigsqaldyarktnagpeeerlgeqvltiavlsilltapvgaaaimltaprllstcspakdeagkegpe,539,PRJNA602365,PacBioSequel;IlluminaHiSeq;,ASM1658430v1,FALSE,Scaffold,208145,100,26514
Trinorchestia longiramus,KAF2354193.1,mspasqvgeiqccfitvvlpwdtssiqagdlvntlsdagergtccvgdacergtccvgdagergtccvgdagergtcfvgegsdeatsrapeedednsdclstttstsaltalstsqpnipgqsglslpppsyssdpsgassptavvptpsgtydnpaadltetpptiakssksksedlvntqqqpqnhtsspsspikpggkittdvnsgssnvvsgsskptssvssssvaspsqqllldssdftskkvpqksltsgnesevqpnpvlsptttndpeascyskvnssnapshnmhsgfdggtstsclnapptslfclstppnglsnvtngpcstscpnsltngasmnnsngvysfngfssssscgpvpsnstvnnsinnsishnntfnitsanttpltvnsnatnsttaasnglsnttsqlsnttchsrcsswvsggvtsgtqtvchsrgastegstmdafsasatdsrrgtyseagtlpigslpegslggtiieeehpleplsekklssedsssgdrdnedskkrsksaimrqlgslgsclkyctccrplmqehnplptnptradrlkyaftcpphgkvgvllthvtlllltwgslyaitgdaaapggnlfsllvvfvcsvlggkltqvcglppllgmllvgialrsvpglmiigesldpewsasirnialvvillraglgldphalkamsfvvfrlaftpcivetvvvaivthfllgfpwlwgfmlgfilaavspavvvpcllqlsqkgygvekgiptlviaaasvddvlaisgfgvllgmtfsdgslawqimhgpievlmglsygvgmgllcwvlpnkhhqdcsllqfamlftaglfalfgsqriefggagalavlcmafiagvgyrrqgwgdddnpvgqhcniawsylqpmlfaligtqiqilqleldtiglgvatlcvsltcrvvttffvvlgsglnirerlfvalawlpkatvqaaigstaldyanrigadedqivlakqvltiavlvilitapigaiaimtsaprllqrarrpsasdtv,1026,PRJNA543945,IlluminaHiSeq;,ASM678305v1,FALSE,Scaffold,120570,41,30897
Dermatophagoides pteronyssinus,XP_027196423.1,mlkrlketkeeiltlpylryilwliflftfvyltlvaffnekalppngdlfhmfclfilahlfgkifhiinlpsllgmlgagilygnlveleldkqllstirslalliillraglhlipeylrylsfsairviaipffaetfivaicsiiffqftfmwslligfvmsavspavvvpcmiriqqsglsegkgiptlniaaasiddvlsvtgfniflgfaipteksehmsltmkiiqgplqiiigiafglimgwilwylpetydkcdkndskkhhisrfslllmagmfalfgsiyvemeaagpmailimafvatikwrencweednehslkiiwlilkrflfcligcelkfqtldadivgkaigclmigivlkiivtylvtfniglnhkerlfiafawmpkatvqaaigptalsiaqtdldiqngkviltaaalsilitaplgaicmdflctrlltkpkqnnnnnnidtnnnnipiinnhsvinitnitntnalhsptlsvkrftvdldl,508,PRJNA509265,FALSE,FALSE,NW_020873458.1,FALSE,0,0,
Armadillidium vulgare,RXG52054.1,wptnrvrcgawcgavaahfqqpvrcgavrntfsaarygavwcerknksavrcgawcddfgavrgsncgssinglevnppaystnesgkvtdnescstpfrmrheevpmvgekggtpkiveksyrdsktsekegpseeerevtkwkhfknevgrfltylllfilfwgslvyivhdmalpggtifsllilivtaqlggmlvakihlppllgmllvgilfrsapfidtigksistewssslrsmalvviliraglgldpvalkklsyvvlrlavcpclvetttvavvshllldfpwkwafllgfilaavspavvvpcllnladqgfgvekgiptlviaaasiddviaisgfgvclgtifsngsslwqglkgpmeigmgiayglivglilwvlpskkegnaniyrflmlfcagllaifgskgidfggagalgclcvafiagygwrregrvgnkkpvseyfnfvwillqpmlfgligteirvgdlhpatvgwgvvtliigltlrvivsffavlgggltlkercfvtlawlpkatvqvltiavlvilitapvgavaimlsaiv,557,PRJNA501402,IlluminaHiSeq;IlluminaMiSeq;PacBioRSII;,Arma_vul_BF2787,FALSE,Scaffold,51088,72,43541
Idotea baltica,MCL4150668.1,mllvgialrslpgldiiganidskwsatlrkmalvviltraglgldpkalremslmvlrlgilpnvvemtvvavvshfllqfpwlwsfmlgfilagvspsvvvpcmlnlsdngyginkgiptlviaglsvdnvisisgfgvmlgiifsegsivwqalkgpievmvglgyalfmgsltwylpnrnekgsskfkfvllfasgllaifgsmkvgfggagpiaclgtafvagvgwrkqgcmdakdpikknfnfiwqfflpllfgligteikisalngstvgfgfitllisltfrvltsyfsvlggdlnlrerifvalawlpkatiqaavgstaldvaraidgnpdfesaeealgkqvltiavlvilaaapigaaaimlsapkllhkkvfkedaikeekdiqsv,399,PRJNA599581,IlluminaHiSeq;PacBioRSII;,Ibalt_v1,FALSE,Scaffold,7966,50,338085
Amphibalanus amphitrite,XP_043191593.1,madptasyvfppvdpspaeqrrraserstsseekqsrsswresltgtdlatrgsgskpptisddvadgdvflgeplelqspepsgpchrcarpllrssyappagaalwrralygctcppwgwlegllsaaavtlsvwglalaltgphalpggqifgilcllvlclaagwvaalvrlppllgmlimglclanvpglrsvassipegtssllrnmalmviltraglgldaaalrrlslvvlrlaftpclcetltvgvaahlllgfpwiwafmlgfvlaavspavvvpcllslqqqgygvekgvptlviaaasvddvlaisgfgvllgvnfsqgaltekllsgplevvmglgygvvggvllwylpgasnsrlallrlllltctgllalfgsqkvgyagagalaaltlafvaghgwrrsgwtgdtnpvsdaysvlwfvfqpllfgligaeiqvnalradtvglgllvlfigltvrmavtffvvlgggltvkerlfvtlawlpkatvqaaigpvaldfarqyaptpenislgeqvvaiavlvilvtaplgaaaimlsaprllskasqvgpddkevqkvangdnta,580,PRJNA751628,FALSE,FALSE,NW_024882198.1,FALSE,0,0,
Hyalella azteca,KAA0201437.1,milifklwrevgevltqvvqlllvwgalyaitgdaaapgghifsllvvfvcsvmggkvteacglpallgmllagialrsipgvkiigdslnpswpwqlmshsfgrkmalvvillraglgldpkalktmsltvfrlafvpslvesttvaivahfllgfpwlwsfmlgyrlsqqgygvdkgiptlviaaatlddvlaisgfglmlgmtfsegsltwqllhgplevlmglsygammgficwilpnehhqsrsfqqftilisagffalfgsqkvrlgalavlcmafiagigfrrqsggdknlvgqhftvawgylmpmlfalmgteiqimqleldtiwlgvallcisltcrvvttffvvlgsglnirerffvalawlpkatiqaaigstaldyavrigadeteialakkvltivvlvilisapigaiaimtsaprllqraiqpapstsv,444,PRJNA243935,Illumina;,Hazt_2.0.2,FALSE,Scaffold,213783,105,17396
Varroa jacobsoni,XP_022706746.1,meesisepndaaarpnylerlrwifitlpllgalwgalpsaqfllsvqlvvtvtiayiagcatallprvppllgmmgagavlanfdlvaipseipgklrsvalaiillragigldltilqklsmacirltfipcfaeafmvmfvghylldlpflwalllgfvlaavspavivpamielnqqrlgtdkgiptlimaaasfddvaaitgfgvvsgmlfqamvedsvlwtllsvpseailglicgvllgfviayglpanrnieskmfdllcalyivlsgiagilisnrfglggvgplvaiassataaviwkrqasilcdandvvqivscslvlkylwimsepvlfamiglefrvssldpnvillgcltliiclsvrigvtylavscssltpkerlfvsiawlpkatvqaalaptaldmvrslknegqpveesalvygetvltvsilaiiitapigalsialsaprllrkgqqkflvnvkeemplkaiaraaedlpnlselrkqrdrsvcrtegpct,513,PRJNA414422,FALSE,FALSE,NW_019214400.1,FALSE,0,0,
Varroa destructor,XP_022664684.1,mcnqklvgrhvartmksvflksaitapfivrtkfapklnvteeappktilsrdnaakqvspsttwldassetsssatatvptesqqkgqveesvssrfstttkletesitlispaeiggllaedstvkqkadfvrksprrlpkafsearpnylerlrwifitlpllgalwgalpsaqfllsvqlvvtvtiayiagcatallprvppllgmmgagavlanfdlvaipseipgklrsvalaiillragigldltilqklsmacirltfipcfaeafmvmfvghylldlpflwalllgfvlaavspavivpamielnqqrlgtdkgiptlimaaasfddvaaitgfgvvsgmlfqamvedsvlwtllsvpseailglicgvllgfviayglpanrnieskmfdllcalyivlsgiagilisnrfglggvgplvaiassataaviwkrqasilcdandvvqivscslvlkylwimsepvlfamiglefrvssldpnvillgcltliiclsvrigvtylavscssltpkerlfvsiawlpkatvqaalaptaldmvrslknegqpveesalvygetvltvsilaiiitapigalsialsaprllrkgqqkflvnvkeemplkaiaraaedlpv,628,PRJNA413423,FALSE,FALSE,NW_019211458.1,FALSE,0,0,
Portunus trituberculatus,MPC09619.1,megdsiperlldngdtadtastndtsqaqvnlafeltgsshgsgdeaekegepdvgrgddvegwttlpptnrgveyseaatlplgcpsvgekinewdgrtdkftekkeskgcdaccrcllrskhklpeeptmaqrihysltcpphgkvgdillrlvigtavwgclicitgrlalpggnlfslavlyiaavlsgrasaavgmppllgslvagilfesvpginavghnvdvfwssvirnlvlviillraglgldpaalrklscvvlrlaflpcvveavvaalmtklllglpwlwsfmlgfivaavspavvvpgllklaeegygveagiptlviaaaslddvlaitgfsvmmglafaegslvwtlakgplevvaglvygvvfgslcwvlphqeskdrpafkfvilfclgclgmfgshkvglessgpiavlslafvtglgwrqsankdeevtryyralwevfqpalfvligaeidvgkidagtigwgllallvclslrvatsflvvmgagfsllerlfiaiawlpkatvqpcipcvsvmvvvilqaaigshaldfvrqhgndpddifrgqqvgdllgeschndtqhsggpclatlqhntvvvtiavmvilvtapigaaaikltgpkflarhqphdsqa,634,PRJNA526559,IlluminaHiSeq;,ASM837305v1,FALSE,Scaffold,857,305,1595217
Galendromus occidentalis,XP_028966518.1,malavillraglgldlsvlkalsaacirltflpcfaeaasicvvshlvlglpytwglllgfvlaavspavvvpamidltnrklgtdkgiptllmaassfddvaaitgfgvvlgtifsggtslaltlasgpleaiaglliggllgvllatmfranrrgedqfdlacalhlviqgimavfisnrlnfggvgpltaitasavavivwkkqgktsdpdsiaqtktcssvlasfwlvfepvlfsligmeiqlnrlkpatvtgglltlaicltirvivtffavghstlnvkerifvcvgwlpkatvqaalaptamdmvrrwtaqgkplekmalhysetvltvsviaimvtapigavaisvlaprllrvektnpdegtecsislkdddggleers,388,PRJNA166945,FALSE,FALSE,NW_003805061.1,FALSE,0,0,
Homarus americanus,KAG7156609.1,megssdsqdplfihdttesqhakvnnalqlmespddiaasvdtppshmpeprvpdipssslthnaveenhvhneatekgggcdskpglvnsvgdgdsatisnstagghhmchsrgasqvssceasvgrmsgrdlchsrgastdgslmdayvssatdsrrgtyseagtlpigstiieensqgwdresgekklsdsedsrtkyshklisscnccknflrshhklpehptvgelvkysftcpphgrvgdcliwlvaglalwgclisitgdmalpggnffsllvlyvmamlagkaasfvglppllgslvvgilfssipginavghnidaywssslrfivaavspavvvpcllklgeegygvdkgiptlviaaasiddviaitgfsvmlgitfaegslfwtilkgpveilagimygigfgllcwflpykekerratyntwsvglessgpiavltlafvaglgwrkpgnedadvsvyyrtlweifqpmlfvligaeidvavidpgtvgwglltlaiclslrvatsfvvvmgtaftvwerlfiaiawlpkatvqaaigsqaldyvrqhdgekvdlirgqqivtiavmvilvtaplgaaaikltgprflakklpnrnlpddpettv,618,PRJNA655509,IlluminaHiSeq;OxfordNanopore;OxfordNanoporePromethION;,GMGI_Hamer_2.0,FALSE,Scaffold,759644,110,47246
Armadillidium nasatum,KAB7506620.1,malrrlpytsfsnrhkillitvmhqwiikissesnishafesgndssaincnngsncgssingleanppayspnengkvtdnescstpfrmrheevpmvgekgatpkiveksyrdsktsekegpteeerevtkwkhfknevhslrrpfmqkhntlppdpskgerlkyafscpphgkigrfltylllfilfwgslvyivhdmalpggtifsllilvvtaqiggmlvakihlppllgmllvgilfrsapfidsigksistewssslrsmalvviliraglgldpealkklsyvvlrlavcpclvetitvavvsnlllgfpwkwafllgfvlaavspavvvpcllnladqgygvekgiptlviaaasiddviaisgfgvclgtifsngsslwqglkgpmefgmgiayglivglilwidfggagalgclcvafiagygwrregrvvnkvgdlhpatvgwgvvtliigltfrvivsffavlgggltlrerffvalawlpkatvqvltiavlfcr,509,PRJNA516589,IlluminaHiSeq;PacBioRSII;,CNRS_Arma_nasa_1.0,FALSE,Scaffold,86284,89,25196
Sarcoptes scabiei,KPM10809.1,mfgsdqidlsgsgplaililsfvasirwrkygwldvnekrlrvlwsvfkpylfclvgfnvrfseirmdivvlgfvcfiiglicrsiceflmthglglnykerlfsviawipkatvqaavgpvaldyarneretyyatvivtmailsvlitaplgaiaidsvsgrllsknknqdldeeeegpdetrrelnlpkefeaisncpslderyd,208,PRJNA268368,Illumina;,SarSca1.0,FALSE,Scaffold,11557,174,18860
Lepeophtheirus salmonis,CAB4064343.1,mncfssslnlklqnffgnflwltkrmnsrmkipfgkkikfallcpphghigkwlsiilvilavyggllaligqhaaaphgilffnylslslndslkklsgivfrlafipccietlfvgiagylivglpwtwsfllgfvlsavspavvvpsmldlqargygvekgiptlviaaasiddvlaisgftlctaiifkpssniqniilqvplevfigilagliwgiicifipskdddnvkgfrscillggsimshfgcqyyevpgagpisilimgfisglgwtqygwktnnygqikiyaldiailgqcaavfligmsvrliasylatfskeitlkerifislrmasegnsasccwwlgt,354,PRJEB37485,FALSE,FALSE,FALSE,FALSE,0,0,
Ixodes persulcatus,KAG0427321.1,mlcagsadhaapvllllaglcvmfaarrvefggsgplgciavafvaafrwnkdqhgaasasktcallwevfqpilfgligsevqikdvasdaallglgvlgisltlrmttsflvvygaslslkerlfvaiawlpkatvqaaigpvaldyarnlgaddrtvsfatqapvgaaaialsaprllrrsaksldpangravaeldeadvdvsdl,209,PRJNA633311,PacBioSequel;,BIME_Iper_1.3,FALSE,Scaffold,532020,87,11597
Euroglyphus maynei,OTF70470.1,mahfigkiahiinlpsllgmlaagiiygnlvefeldkklvstirslalliillraglhlipeylrylsfsairviaipffaetfavgacsilffqfdfmwslligfvlaavspavvvpcmiriqqsglsegkgiptlniaaasiddvlsvtgfniflafaiptekssemstamkllqgplqivvgitygllmgfilwylpesydkc,206,PRJNA350546,Illumina;,EurM1.0,FALSE,Scaffold,787,30,72749
Oedothorax gibbosus,KAG8172704.1,mvnlrkyfppdsifqhktsccswyrvkenilllltqlvslifligtlygilgndvlpgteifallllaisaygggvlaglirlpplvgmlvvgilyrnlsfipyqknisimwastlreislvvillkaglaldpkklkemkldvfklsfipclfeaatsavfihfsrltclgsgfhlgyvgqilkl,186,PRJNA681589,PacBioSequel;,Ogib_1.0,FALSE,,,,