species,protein-accession,protein-sequence,protein-length,project-accession,sequencing-technology,assembly-name,genome-refseq,assembly-status,scaffold-N50,coverage,scaffold-count,type
Oedothorax gibbosus,KAG8183783.1,messiskqtfderhrncvneecnsnlapespakcfrltnerwklvqaqfltfillllficaslygileedilpgselfallllalsayisgvvanyvhlppligmliagflfrnlhvsahlyenisirwattlrstafviillkaglgldadklkklsltvfqlaltpcivetaaaavashfflglpwvwsimlgfvisavspavivpgllnlqnkcfgtakgiptlviaaaslddiicitgfsvmlsvsfsegnllitilkgvlepvgglllgvifgrifwhlpnsasvpsnlvyyrvlllcfggfasmfvskrydvagvgpmaclvlafvaafgwkrdqltfdriekvtgvlwtglqpflfsligsevsiadlqfnlgntilslaialgfrivvatfvtfgsdlnikekifiafawipkatvqaavgpqaldyvlsnskgqemekyaqmvltaavvsiimtapvgaflisvlgpillsndrnpdkqrsenmrlqtvdsdvl,503,PRJNA681589,PacBioSequel;,Ogib_1.0,FALSE,Chromosome,979336,80,7802,spider
Sarcoptes scabiei,KAF7496482.1,mehfwskilsylsksvnmllwkliimilifsnlwamfgdevlppdghifhwlmlfivshigskisyllrlpslfgmlisgfiygnffrinlnaglmsdiraialmiillraglhlemktlkkisfasvrivlipflaeiaavaastyyflsieigwamlsgfvmsavspavvvpfmiriqkaglseekglptliiaassiwdvlsvtgfvvclsfvvkrpsnstlnlllraplqilvgvlygtilgvllwylpeihrnqenqsksqydlhrlillllaayfamfgsdqidlsgsgplaililsfvasirwrkygwldvnekrlrvlwsvfkpylfclvgfnvrfseirmeivvlgfvcfiiglicrsiceflmthglglnykerlfsviawipkatvqaavgpvaldyarneretyyatvivtmailsvlitaplgaiaidsvsgrllsknknqdldeeeegpdetrrelnlpkefeaisncpslderyd,490,PRJNA598457,PacBio;,S_scabiei_pig,FALSE,Scaffold,2965819,100,66,mite
Oedothorax gibbosus,KAG8186332.1,mvnlrkyfppnsifqhktsccswyrvkenilllltqlvslifligtlygilgndvlpgteifallllaisaygggvlaglirlpplvgmlvvgilyrnlsfipyqknisimwastlreislvvillkaglaldpkklkemkldvfklsfipclfeaatsavfihflldlpwlwafmlgfilcavsaavlvpgmlvleqkglgtesgiptlvmaslsvdnvvaltgfvvtfstitsdesliwtlvkrpveliigltlgaliglllwylpsrnsdskssilyyrslmlilgglglnflckrfgmtgagalgcvglafvaalwwrndvqlfknitsvtgifwslieaflfgligsevtieslgnnigysllvlvlggiirylstmfalfgsklsikekafvsatwlakatvqaavgsqaldyartenknvqfveyskqvltmsvlsiivtaplgaifiehlapilltesgnstdtsqnsfeifedereciaevtvtdygssnnltnsrkfdglikglksnanalq,522,PRJNA681589,PacBioSequel;,Ogib_1.0,FALSE,Chromosome,979336,80,7802,spider
Blomia tropicalis,KAI2808467.1,mnfklsnqtstnyllfwswkisifalvfiliwcffdqealppngngfhllmlfigahvggkivsvigipqllgylvagiiygnlfnvtlnrtltttirsialmiiflraglnldptaikrlvsavfqlgflpalletiiyailsiwllkmniawalmlgfvvaavspavvvpemiklkennigvskgiptlaiaaasmdniltitgfyitfsfafdknitnnstgnmvwsiakgpveiligiiyglvfgsvlwfipdpsdgdsfkskrkynihrftaillfgsvalfgsakcnfkssgplailvlsfmvaikwrprnvlsfqqnslktlwiifehflyvligfdarfnsdteikiifysililiigvtirmvtafiftygidynikerlfialawlpkatvqaaigsialenattddetrmgsiilniavlsilitaplgaiaidvtsrkflvqdeqeeqrnnqiieadpnqamvrqsitqcl,483,PRJNA702011,IonTorrent;IlluminaNovaSeq;PacBioSequel;,BT_genome_CUHK,FALSE,Scaffold,3687816,854,117,mite
Oedothorax gibbosus,KAG8186330.1,mevatiqsnvvvdnwshwdmtdfetgekkwyhkvlefilptrkkmniyitkllilifffltvlgmlmkgampgsqvfavlllgllaaiggklisfiklppllgmmivgflfrnveaisfyedidrktimvlrevalaiilmraglgidgqqlkksklavlrltvvplivealsmgvfahfllglpwmfalmlgfilsaiapevilpvilhlesqgyggskgiptiliaacslddigaiagfticfsiafsddnliwtivkaplepvvgfafgavfgvifwsfpserlkkntlifynvllisfgamtvlfastrlglpgagplgcitlafiagikfrqdevrfkgvqkvtsqiwaiinpflfamigtevtldtlqnnagygilaifcalscrsvatvlvcfglnlnfkekiymvfswlpkavvqaaigsqaldyarihnlhpelqkygeivlnvcvlsilvtaplsavlctvfgpylltrdripeiedeyetedelsetpkpsasvagieasssqplvtpdsqkh,524,PRJNA681589,PacBioSequel;,Ogib_1.0,FALSE,Chromosome,979336,80,7802,spider
Penaeus vannamei,ROT75079.1,msngmrstelavvvdsshnldgqvieeqissadkityesgsaslkyvfdcwpphgivgrcltwtllvllgwgaaiaiigisalpggnifslmclfciavlggqlatlaklpslmdkewssalrnialvvillraglgldpaalkelsfmvlrlaftpcivetvtvatvthlllgfpwlwglmlgfilsavtpavivpcmiklseegygmdkgiptlviaassvddvlaisgfgvlmgitfaegslwwiilkgpievvmglvyglgvgalfwvlpnieersaqnlrffllgcagllavfgsqmaqfggagalgclvmafvagigwrrqgmsednnpvddkllimwelfqpflfsligaeiqvseldigtvgwglvtlaiglvfrmatsflvvmggnlnikerifvalawvpkatvqaaigsqaldfaeksgagpeivrlgeqvltitvlvilitaplgavaimlsapkllskgktkdtldlpdglpdp,487,PRJNA438564,PacBio;IlluminaHiSeq;,ASM378908v1,FALSE,Scaffold,605555,84,4683,shrimp
Tigriopus californicus,TRY75264.1,maspgftspgpsgspgplvpqleapplpanrghdaiksecesslegtpvvvaepnepcssadelspskssrrvvskwirpmllrhyppltsqsswrtrllyavlcpihgqiarvvtylllfvlivlvsfcllghigtppngtvflllvlvtlgalvgqaftwvhlppllgmlitgivlknlpfiefedrwavwsstlrgvalviilmraglgldpealkrlsalvfrlaflpclaetsvvavashfllgfpwlwgfmlgfvlaavspavvvpcllqlqkegygvakgiptlvmaaasvddvlaisgftivlgitfspdaslvqlafqgpleaaigvasgivgglvviflphqamdsyglarfsllvggclvclfgsklvhfpgagalavlvmsfvagfgwrkqgwsddnlvskylshlwmifqpllfgligteikvgeidqstiglglavvlisltvrvivsflsvtdrklnlrervfialawipkatvqaaigpvaydtalnleprrsdyidlghqlltiavlvilvtapigaiaimttaprlltkqgkppssa,555,PRJNA237968,Illumina;PacBioRSII;,Tcal_SD_v2.1,FALSE,Chromosome,15806032,180,459,copepod
Dermatophagoides farinae,KAH7644190.1,miylnlliilpakslppdgdlfnmvilfvgahflgllsekiglpplfgmlvagflhgniidnemdptltsttrslaliiiliraglnldpqairtlssvcarlsllpsivealivtllswiwfgfnlswslmlgfvigsvspavvvpsmviiqeqnygvrngiptlliasasvdnvfaitgvsvclsfainngdggsnisqmiltivrgplealagiiyglivgiilwyiperydrkksaerfeihrfillattslfiwfgsqqanlksigplailtapfvasirwrqnnlgqlsresfrilwvvfenflfcligfsvrlrkldtsvlfggiviiliaviirmivaylvtygqfdrkerlfmaiswlpkatiqaamgpvaldlaqtnddigraqivltlavlsilmtapvgaiamdrtyrkllknysnenlnpntnnmtssepmdlenqtttnkvntplllndkpmlyyntle,473,PRJNA512594,Nanopore;,ASM2080927v1,FALSE,Contig,9265486,396,10,mite
Halotydeus destructor,KAI1295545.1,mpmyrmfigyatnsaiilmvwatlwgmsteassppngkifalvilyaasitfgqvlelfkiprlfgmlfagffltnltdltfypfmsatlrsvsltvillrgglgldlavirrmsaiclrmtfvplvtevicvailghywlglpfawsfmvgfilaaacaaiivptmlslqhqglgtskgiptivmaassiddvfaiagfgvmlgfvftsgedsstlwnvakgpievfigifggaiygtflwilpdqavagpdmslarlalmvfgglafvfvsdvlgfqgsgplgslslatvagikyrakeydisiekslgqlwhilepflfsligaevdishidkssillvlavilvtmvlrtvstyaslygsdmngkekafvsiawlskaavqaavgpialdiarqhgdkedikratlvlticfltilvstpvgtlgmaftakrwlqrdpagpeldra,450,PRJNA756307,PacBio;,ASM2275052v1,FALSE,Contig,874492,208,132,mite
Oedothorax gibbosus,KAG8183784.1,mtnpsiipspceeddavsetsksakelwsslwtcppisplttmtsmaaiaflfygsiwgltakeampggpvfglfmlalvcylggqftkliklptlvgmmvfgfilrnvpainiakdipsewgsnirhmalilillraglevdsdillkqkatctklifipfifelvagslaakylldmpwlwaftlgsmlsavspavvlpvmlklqkkgigtengvptmviavagiddvlaltayevlfgvlmgkgnmewliargpievivgiiygialgiflwyiphpeerktsvfrflllllggmfclfgsqqiewgaagalgciclpfvaairwkkhkdwddeenpvgealafiwkiiepflfgligseiklemlkptlvglslatmfialffrmaasmlaawtaglsfkeqvfvtfaglpkatvqaaigpqalnyvrgdeelagqkdliahatmiltvavlaiiifaplgsvlisilaprllskptnndveksktsvpaimdsipmyqqnssydiknenrlsnpensnsrehqnnqyssssvcsqnwrniennsnvntsekl,557,PRJNA681589,PacBioSequel;,Ogib_1.0,FALSE,Chromosome,979336,80,7802,spider
Dermatophagoides farinae,KAH9493942.1,miiqfihkhcplftwklltitmiylnlliilpakslppdgdlfnmvilfvgahflgllsekiglpplfgmlvagflhgniidnemdptltsttrslaliiiliraglnldpqairtlssvcarlsllpsivealivtllswiwfgfnlswslmlgfvigsvspavvvpsmviiqeqnygvqngiptlliasasvdnvfaitgvsvclsfainngdggsnisqmiltivrgplealagiiyglivgiilwyiperydrkksaerfeihrfillattslfiwfgsqqanlksigplailtapfvasirwrqnnlgqlsresfrilwvvfenflfcligfsvrlrkldtsvlfggiviiliaviirmivaylvtygqfdrkerlfmaiswlpkatiqaamgpvaldlaqtnddigraqivltlavlsilltapvgaiamdrtyrkllknysnenlnpntnnmtssepmdlenqtttnkvndamknktkakrssismmkngrlfwqqknrsnislnqqfyqesqnktpvdknqlrnwglpepilhhygqksisrffdwqveclelpgvlddqknlvysaptsagktmvadivlfktllerrkkaiiilpfvsisvekvqslkqvfrrlglridsfagqtnprgglqrvdaavctiekannmvnrlieekkiaeigliivdelhmigdtsrgyilelllsklihmksnpfaedidlrqlqiigmsatipnlndiakwldaeffvtdyrpvplnehvvvgneilkvstnsiqpdtqfsslqstvvssglsnndnngeieciplktidcnllklntafsqsliymaietlaqgfstlifcptrsmcesmaksiasnifsigqkdripqndfernirnsihsdqilsyqrsvslintlkrsssgfdpnlervlkfgcafhhagmtmeergtveqgfrdgtlrilcctttlsagvnlparrvmitspldysnkllavgnyrqmigragrkgidtlgesflfcadkdinmarrlistkmqsiksnlitiqklnnnkssattsveqiptssnikwqpvlndqllravlevianemvkniddihvylgctffrncplnllgsqtnmekdeiinecirmvldklktyefiyihsseannseeksddsrinvtdlgravissgvspsdgqfiyeelkrfrtklslltdlhlvyqttpvyiinqlpdidwhhylnlyerwdkntrhiakligisehficiqvstsgmktstqaqihrrfyaslalfelieevpmwkvqqkynldkgilqslqqqastfagmlstfcqrlewktlaklfeefqprlsfgvqldlidlvripcinsmiarqlhskgyedissliqlkpkdieialmtskdlipdgnndpneariylstldctitiaelskmiikearmlkekeigqkisfdneiesgstvnspasivnddlpppeqekeqafskptlkiqrsnesmdmmepdgnnkriktdhsltsndyievpieedsssgsslpssstpnankqpqsnsiqpsspksdtstffddedddelleglsliisktkddqgtnktvmmpesskslsmstmsidediellqmleqqeqqdssedpeshsqsssvntieskdeadrflqsladneiinppllhesnvtvdnfelitiengqscqdflarifpendnnqivalyfrfeqrknqnkqrtmivlkpgdqclstqqqpsdeplgfrlrnssdlylvglyvtklnqkqiyyinghealeflrqnwfthlsnvvlgtestntirfvchdvkqavrcfydvfnfdwtfisyriewndatvatwlldpesqqynidsirikdlpkwamnhqldidyfnridkyrqilintkrypfgcqslqdvdyllkililfnlvygllirlreqnlyksyrlieipsricisvmesnptkvdreymnqledtiqdlisrietkifatvgrsfnlnspdqiakilysqemglissyfnvttsspgssskrlstktslpkitpvtrkpstskmalmrlqesvgkkshlptmiiewrrlnhaltnsimtinrhwhlrnndsfiygnccewtatgriamydpnlinldndfeikshlndaiknddvkstlihirrmiispdnyelvtadycqlelrilahfskdtnlvkvlnnidvdvfksiaaswkqisidqvdyetrqqakqicygiiygmgdeslaqkleitreeaaeykqsffqrynrlnefitktidncrqkryvetiagrrrqlsaivspksvessracrqalntkiqgsaadiikiamiavqkqidqqcfdvrfvlqmydelmyqvrrdqleqfgsclkrqmemvgnylrvvlpvkishgqnwselepll,2345,PRJNA174061,OxfordNanoporeGridION;PacBioSequel;,Dfarinae2.0,FALSE,Scaffold,8981490,431,10,mite
Blomia tropicalis,KAJ6219928.1,mlfigahvggkivsvigipqllgylvagiiygnlfnvtlnrtltttirsialmiiflraglnldptaikrlvsavfqlgflpalletiiyailsiwllkmniawalmlgfvvaavspavvvpemiklkennigvskgiptlaiaaasmdniltitgfyitfsfafdknitnnstgnmvwsiakgpveiligiiyglvfgsvlwfipdpsdgdsfkskrkynihrftaillfgsvalfgsakcnfkssgplailvlsfmvaikwrprnvlsfqqnslktlwiifehflyvligfdarfnsdteikiifysililiigvtirmvtafiftygidynikerlfialawlpkatvqaaigsialenattddetrmgsiilniavlsilitaplgaiaidvtsrkflvqdeqeeqrnnqiieadpnqamlhnetsssssfssflpsdpillvgsfyiittnqdcpledlettfitiiiivartlalhsftisissnhrqkamlllivslamrtttlafsiffccgqrlvsgkrrfyvdvpktwlnnnkyplsdryvnvnpilftnhhirlvtayssgapnsknvctslipghgsrqnaispyklihsenvdgqivinlvatsqvtfagfivqardaenydtivdgeflrsegtqvkschsgksntwthssgqtktqvstlwipparfngsvifkgtvvqvkqaywdqimseplfmlngyrvdqkhftqnyntltnneqgtseplssssldynqcsermclglgdstdclstrtcqailtskqetdttefmimakpsgdhkgkyysvgfshddsmgddlvfdcytdsngrvkvgmsynhgksneilsgskiirdgigqytdgviqcrwkldqniaingkqydlvdkkyymllahgtvesddgeksyhdlrarssetvnlasvgqlitrdmtylikihgglmvfswmftvslaiifaryfkeawsnqllcgvkiwfafhrtlmvvsvimmviaqtsifyyvggyrigihqvlgsiafafalfqplgalfrphpdagsrwifnwlhwfggnaghitataaillatrlktaslpesflyivmawilfhvvmhiilqfhsscsgnsktsdmamhemrngermymdkgssssrsgfksfllsiytlvvlaittilvllivipemvterlpfi,1161,PRJNA911905,OxfordNanoporePromethION;,ASM2920402v1,FALSE,Chromosome,15739378,202,7,mite
Dermatophagoides pteronyssinus,KAH9417711.1,mlkrlketkeeiltlpylryilwliflftfvyltlvaffnekalppngdlfhmfclfilahlfgkifhiinlpsllgmlgagilygnlveleldkqilstirslalliillraglhlipeylrylsfsairviaipffaetfivaicsiiffqftfmwslligfvmsavspavvvpcmiriqqsglsegkgiptlniaaasiddvlsvtgfniflgfaipteksehmsltmkiiqgplqiiigiafglimgwilwylpetydkcdkndskkhhisrfslllmagmfalfgsiyvemeaagpmailimafvatikwrencweednehslkiiwlvlkrflfcligcelkfqtldadivgkaigclmigivlkiivtylvtfniglnhkerlfiafawmpkatvqaaigptalsiaqtdldiqngkviltaaalsilitaplgaicmdflctrlltkpnqndndnnidpnnnnipiinnhsvinitnitntnalhsptltieyapivqtkhgqirglvntvglwtksylyqgiryataerfakpvrvekfdeeiydaimernscpqflgglgntdkyhktnksedclflnvytptpktddsngdgangkllpvmvwfygggfqcgtiffplydgtylanygnvlvvfinyrvgpfgflyagtddipgnqafydqimglewvrdniqnfggdpnqvtifgesagsfsvsalvlsplakglfhraimqsgtivptvrfsnkqgaldktknlakklnckvddneeistvidclrsksmeeivdvatgdmeemisnqmigpilgdaflpedvlkfkygsngpvdimfgvtrdegsyfvvhfvpelkddntvmneeeirenirkilssyhiedhkeiedyylkqidindfnqvrkmfsdmfgdlrfncpvmlygqqmaranpknhfyayrfdrrtlvsdrmhcyewmgvchaseilyvfsnsmmtlypkdsqlsidimnswtnfaktgnpspigsslewpeafddnqssssssmnwmildiehriekdiykdvcekiwskqyhdwlakyfvdksgsnnekdel,1056,PRJNA388362,OxfordNanoporeGridION;PacBioSequel;,CUHK_Dpter_2.0,FALSE,Contig,963061,170,131,mite
Amphibalanus amphitrite,KAF0289584.1,madptatyvfppvdpspaeqrrraserstsseekqsrsswresltgtdlatrgsgskpptisddvadgdvflgeplelqspepsgpchrcarpllrssyappagaalwrralygctcppwgwlegllsaaavtlavwglalaltgphalpggqifgilcllvlclaagwvaalvrlppllgmlimglclanvpglrsvassipegtssllrnmalmviltraglgldaaalrrlslvvlrlaftpclcetltvgvaahlllgfpwiwafmlgfvlaavspavvvpcllslqqqgygvekgvptlviaaasvddvlaisgfgvllgvnfsrgaltekllsgplevvmglgygvvggvllwylpgasnsrlallrlllltctgllalfgsqkvgyagagalaaltlafvaghgwrrsgwtgdtnpvsdaysvlwfvfqpllfgligaeiqvnalradtvglgllvlfigltvrmavtffvvlgggltvkerlfvtlawlpkatvqaaigpvaldfarqyaptpeniglgeqvvaiavlvilvtaplgaaaimlsaprllskasqvgpddkevqkvangdnta,580,PRJNA549550,PacBioSequel;IlluminaHiSeq;,SNU_Aamp_1,FALSE,Scaffold,458238,116,2240,barnacle
Sarcoptes scabiei,UXI19638.1,msdiraialmiillraglhlemktlkkisfasvrivlipflaeiaavaastyyflsieigwamlsgfvmsavspavvvpfmiriqkaglseekglptliiaassiwdvlsvtgfvvclsfvvkrpsnstlnlllraplqilvgvlygtilgvllwylpeihrnqenqsksqydlhrlillllaayfamfgsdqidlsgsgplaililsfvasirwrkygwldvnekrlrvlwsvfkpylfclvgfnvrfseirmeivvlgfvcfiiglicrsiceflmthglglnykerlfsviawipkatvqaavgpvaldyarneretyyatvivtmailsvlitaplgaiaidsvsgrllsknknqdldeeeegpdetrrelnlpkefeaisncpslderyd,395,PRJNA749654,IlluminaHiSeq;PacBioSequel;,ASM2084414v1,FALSE,Chromosome,6519198,670,9,mite
Tyrophagus putrescentiae,KAH9408692.1,mvilfraglsldlnvlkrlsaivgllaftpclveaaavavftsfffnslppswalltgftlaavspavvvpqmlqlqskklgvrkgiptlitaassiddvlaisgfsvlvprqmtlgklimsllkapseaavgiiygllggallwyipevcskpkstensillllfgsfsifgsqkldiggagplavmmlsfvaairwrpagfdvscesslktlwsilyhylfcliggeiriknlqtsvllyatlvilfslifrlaaaflltygssfsakerlfiaiawlpkatvqaalgpvaldmatdkedierghlvltfsviailmtapigavlidlssrillstdesftisylefftwklaifalvflnlwaffgdealppygslfhlwmlfisghfagkiatlfkmpallgmmiaeaaviavasffafnlswslslmlgfvvasvspaivvptmidltdrqigvakgiptlitassgvdnsfalsafyvcfslafssqsslvwtilkppaeliagvliglvvglitwfvpeqchpypktitgkynlhrfitlllcstfflfgakklnftssgpigilvlsfvaslrwkafgyaafcedglkkmwdgvlncylfvlvtaeirlktletsvllfgvpillvalivrvvtafavtygagfnyrerlfaaiawipkasvqaaigsaaldaaqtesehqtgilvltiavlsilltgplgalaldysarpllvgstcddcvegkyrrkyhkkdyeqldddeeeeenalplvy,761,PRJNA706095,IlluminaHiSeq;PacBioSequel;,CUHK_Tput_1.0,FALSE,Scaffold,2913131,635,176,mite
Tyrophagus putrescentiae,KAH9408692.1,mvilfraglsldlnvlkrlsaivgllaftpclveaaavavftsfffnslppswalltgftlaavspavvvpqmlqlqskklgvrkgiptlitaassiddvlaisgfsvlvprqmtlgklimsllkapseaavgiiygllggallwyipevcskpkstensillllfgsfsifgsqkldiggagplavmmlsfvaairwrpagfdvscesslktlwsilyhylfcliggeiriknlqtsvllyatlvilfslifrlaaaflltygssfsakerlfiaiawlpkatvqaalgpvaldmatdkedierghlvltfsviailmtapigavlidlssrillstdesftisylefftwklaifalvflnlwaffgdealppygslfhlwmlfisghfagkiatlfkmpallgmmiaeaaviavasffafnlswslslmlgfvvasvspaivvptmidltdrqigvakgiptlitassgvdnsfalsafyvcfslafssqsslvwtilkppaeliagvliglvvglitwfvpeqchpypktitgkynlhrfitlllcstfflfgakklnftssgpigilvlsfvaslrwkafgyaafcedglkkmwdgvlncylfvlvtaeirlktletsvllfgvpillvalivrvvtafavtygagfnyrerlfaaiawipkasvqaaigsaaldaaqtesehqtgilvltiavlsilltgplgalaldysarpllvgstcddcvegkyrrkyhkkdyeqldddeeeeenalplvy,761,PRJNA706095,IlluminaHiSeq;PacBioSequel;,CUHK_Tput_1.0,FALSE,Scaffold,2913131,635,176,mite
Tyrophagus putrescentiae,KAH9408692.1,mvilfraglsldlnvlkrlsaivgllaftpclveaaavavftsfffnslppswalltgftlaavspavvvpqmlqlqskklgvrkgiptlitaassiddvlaisgfsvlvprqmtlgklimsllkapseaavgiiygllggallwyipevcskpkstensillllfgsfsifgsqkldiggagplavmmlsfvaairwrpagfdvscesslktlwsilyhylfcliggeiriknlqtsvllyatlvilfslifrlaaaflltygssfsakerlfiaiawlpkatvqaalgpvaldmatdkedierghlvltfsviailmtapigavlidlssrillstdesftisylefftwklaifalvflnlwaffgdealppygslfhlwmlfisghfagkiatlfkmpallgmmiaeaaviavasffafnlswslslmlgfvvasvspaivvptmidltdrqigvakgiptlitassgvdnsfalsafyvcfslafssqsslvwtilkppaeliagvliglvvglitwfvpeqchpypktitgkynlhrfitlllcstfflfgakklnftssgpigilvlsfvaslrwkafgyaafcedglkkmwdgvlncylfvlvtaeirlktletsvllfgvpillvalivrvvtafavtygagfnyrerlfaaiawipkasvqaaigsaaldaaqtesehqtgilvltiavlsilltgplgalaldysarpllvgstcddcvegkyrrkyhkkdyeqldddeeeeenalplvy,761,PRJNA706095,IlluminaHiSeq;PacBioSequel;,CUHK_Tput_1.0,FALSE,Scaffold,2913131,635,176,mite
Dermatophagoides pteronyssinus,KAH9424775.1,mllmefinkhcslfiwkllsilmiflnllvifpheslppngnlfhliilfigahflgllseriglpplfgmlvagflygnfndrveldtklsstirslaliiillraglnldpkairrlsiilarlslipsiiesliiglltwicfsfnlswsliigfvigsvspavvvpsmvdvqeknygtkrgiptlliastsvdnvfaitaisvclsfafpnsneerdsdhlvqtvltisrgpleaitgiiygiiigiilwyipahhdsrliknsssrtanhknkknhyeihrfvllattslfiwfgsqkgnfksmgpiailtapfiasirwrennlgkfsreslrilwlifenflfsligfnvrlrqldisillsgiliivfsvivrmivafavtfggqfdrnerlfmaiawlpkatiqaamapiamdlaqntedkrraqimkngrlfwqqknqsnislkqldettqnghipidknqlrnwglsepiiqyyarkgisrffdwqidclqlpgvleqqknlvysaptsagktmvsdillfktlldrrkkaiiilpfvsismekvqnlkqvfrrlglridsfagqtnprgglkrvdaavctiekannminrlieertisdigliivdelhmigdqsrgyilelllsklmhmksnplacnaddnidlhqlqivgmsatipnlndiakwlnaelfitdyrpvpldehvvvgneilkissnqnqnladtqfnscastaiaslggnnrqevecqplktidlnqlklstttmshsliylaietlaqgfstlifcptrsmcesmaktiaanifnigqkeripqndfesfirerihsdqilsykrlvslietlkrstsssssggfdpnlervlrfgcafhhagmtmeergtveqgfrdgtlrilcctttlsagvnlparrvmitspfdyannllpvgnyrqmigragrkgidilgesflfcsdkdirlarrllsaeilpiksnlvtvkksnnnnktntscstsstnsdqnitkksqwqpiindqllravlevianemvknindisgylgctffrncplnlfgsqqqqqsqteeneeiinesirlvldrlkqfefiyiespdngdsrivctdlgravissgvsptdgqfiyeelkrfrtklslltdlhlvyqttpvyivnqlpdidwrhylnlyerwdkntkfisqmigisehflciqvsmsglmkqttsneslihrrfyaslalfdlieeipmwkvqqkynldkgtlqslqqqastfagmlstfcqrlnwktlaklfdefqprlsfgvqldlidlvrlpcvnsmiarqlfnkgyedisslinlkpkdielalitskdlipddssnvdpnevkiflstldqtititelskmiikearmltekeigqkisfedeiesgstvnspvnlvvdqqpeqpeeqeeepalstepskmersnesidnsiestnsnkriktdidlssinhhhddndymikevpiiqedsnsdskssiissstpnvtkqiqstsstkptetsilfddddddflleelsliltkkesekisetiaqpstskslsmstmsidadleilemleqeedtkqqeedskqpkqeekeshssetvrneritasndknddeiwlddkddisfddddsteetspmnspassvdskedmdkflqslsnnddddhneiihnlpslhesnvtvdnfelikidnrelcrdflaqifpetdqnivalyfrlerrkdssehhrrtmivlkpgdrklstqqppstespdestglrlknspdlylislyvtklnqtqifhidsqealkflqqnwfkhlqqksstrrsihfvchdvkqacrclnevfnfewkfllnhlewydvtiaqwlldpessppynidsirikdlpvlartnqlsdidyfdnvsnyyrrkillnsnphryrskdssiqdldiilkililfnlidglllrlreenllksyfrieipsricitmmesnptkidrkylneledtiqdlisrieqkivakigrsinlnspdqvgkvlysqemglissyfnvttnttaaspsprskskrlssllpkitpvtrkpstskialmrlqesvgnrsnlptmiiewrhlnhaltnsimainrhwyyrrdddpddsliykqccewtatgritmldpnlinldndfeikthlndatistatgdnnirstkihirkivqspdnyqlitadycqlelrilahfskdknllnvlnnlavdvfksiaadwkqipieqvdyetrqqakqicygivygmgdeslaqklditsneageykqsfferynrlqefinktidncrqnlfvetiagrrrqlplirspkldessrasrqavntkiqgsaadiikmamisvqkqiverkfdacfvlqmydelmyqvridqceefglflkqqmemvgdclrvvlpvklsmgrnwsemdpffflekmssssnndnqqqqqrrrermkrndrrrrrlplwmdilddeilnrtifeddnddddddddndnveydwttiqrpfpkgaktnaaaiigaktmindpldhskvndmlidhdnddnnpninqnpnilgndntireimfkwmideilepptpsiigpliqngwscrtieeldecaysfdiltnpgipipkndqdvqdlcdktqsglkclsddakecakgsvkavlvkvitdlanginqrcadsgeraefakhvqcfhdeskaapirncvnrhivmmervsnldkplrlggaccgshyyrkclidsiqqscggdsadyfnevidaaigqnmelmckdlsdtdkceakydsttltelktimessepiqsnqyktlipiivkmlrea,2778,PRJNA388362,OxfordNanoporeGridION;PacBioSequel;,CUHK_Dpter_2.0,FALSE,Contig,963061,170,131,mite
Tyrophagus putrescentiae,KAH9400465.1,mykiallsalfavtvnaygygggmgggfgggglgggfggglggglggglgggqsgtlavrtsqrvnfvdtpsqgysqptnvfvdsqsspvvlhfrsnsapvqiqhhhqsqpgsfrqtqstdephvrvhtvikpieqrvqevivprriitqqvqpvqedvqtivarqvqgggsigggagglgglgglggsgggsglgglgggfggnslggglggglggglggglgggfgggrggfgaqanyggggyggvpvlalggggggcgggcggggalvagaplllaggggglvassaagplavvsrhrinyvptasapgfaraqkifvdapmspvqlvvrsfsapvhllhkhipsrgtyratasvdgpsvhrhtvtkpviqelvelitprrvirqqvqpvqedvqvnvarnvagggavlaggaggaggagglvgglsagglvgggggavlggeglvaldggaglgdggygsggglvalggeeidagglsggvvlggggggkssigynglsfvvllfaasthayyggggggrsaqlidvrqladdmslaygqggggggggvllsgggaglsgsaggalllgggggddgagailssgggfssgagfsslgslggggggfsggigniaiqrapqrvdvlpvqsnevpaeptnlvvdshsspinlivrslsqgvnldvqhipsrgtfrqtesedepsiheiitpirrvvqrvlpvqediettvpravkavpvvapvapalvaapaplaapllpapvpllggfvpirprggcsgrgggcggrkfagtiaygrglggayvlgnlteackltalfgmlisgfiygnsinislekkltsafrqlalltillraglhldpvlirklsfatfrlafgpllveifmialssyylfelplvwaimlgfvtaavsaaiivpemiklqeagkgvdkgknsiafnccwvysvliglafsdstktengstgqliwsfakgpveavsgvalgvvfgvifwhiphtapkedkqvstatdkynlhrlvlfiavgifmlfgsehlnmsgagplaclvlsfvaalrwrpaglvdyqeenlkmswqvlepmlyaligsdvrlrdlqpemllygivcllsamllrtiasfgftfnigcsfkeklfiaiawlpkatvqaaigpvpldhaknetdihrgkivltvavlsivctapigalaiqffskillkdekkkkeevcfiatllassayayggyggglvvgslssgallggggggggylttdggdggggllslgggggggdggfltstsfsggraglgalpivrtqkvdfirvpqqaqavavepaqllvdsqmnpislvyrshgapinivqkhipsrgtfrqsqseeepsrhlhiheiitpfrkeeintvvakaspavaavpvaapvllsgggggggiggfggsggggfggsgysarlsgggggrivsgpslgtsageygslalnngy,1438,PRJNA706095,IlluminaHiSeq;PacBioSequel;,CUHK_Tput_1.0,FALSE,Scaffold,2913131,635,176,mite
Halotydeus destructor,KAI1299850.1,mmvakeyvrngalqlllivfifgttwsifgdealprkgkiftlfvlyilanvlgeafelvklppllgmllsgflitnvlkleldtktssslrsmalaiillraglgldplalkklsglclrlafipclvetvvygligkyilnipfewsfllgfvisavspavtvpgmialqeknlgtekgiptlviaaasvddvlaitgfgvvlgfvfvsssdpvwaggkalifppfshaptrpflwapaylrgvfwprppapvfsrapptcsrvyaailkgprvperpf,281,PRJNA756307,PacBio;,ASM2275052v1,FALSE,Contig,874492,208,132,mite
Penaeus vannamei,ROT78782.1,mlgfvvaavspavvvpcllklgedgygvekgiptlviaaasmddvlaitgfsvmmgltfakgsttwtvlkgpfeiftgivygivfgivcwylpyrekknraiykllmlfglgglamfgshkvglessgaiavltvafvaglgwrkpgnedaavgkyyrflweifqpmlfcligaeidvmaiepstvgwgllalivgltlrvatsfvvvmgasftvwerlfiaiawlpkatvqaaigslaldyvqgsdsepdsediqrgvkvvtiavmvilvtaplgaaaikltgpkflarkpssnsqqdsettv,304,PRJNA438564,PacBio;IlluminaHiSeq;,ASM378908v1,FALSE,Scaffold,605555,84,4683,shrimp
Centruroides sculpturatus,XP_023233238.1,mhldfqtppsqqqsplqlsnanfsskkknflkafllspsvlswfglilstslvwgslwgllnhlalpggeifalvvvvvvcyiggqivslltlppllgmlimgmilqnvpyidvakdlnpkwssdlrsialviillraglgldpivlrklsgacfrlaftpcivecitiaiishfllefpwlwgfilgfviaavspavvvpsmllleekglgvnkgiptlviaaasvddilaitgfgvvlgitfstgslawniakgpleavigivygcilgwimwfvpgdsdkkvnlfrilellfggmfamfggravkfggigalacltlafvaafgwrkksfsnedslvsstlgnlwllfqpilfgligteikfedlkgdtvgfgiavllialvfrmltsfivvfkaglslreqffiaiawlpkatvqaaigpfaldlarklgsdkteeklgiqvltiavlsilltapigaaaiavsaprllektdkdnlphetssytsssasldkgeidtkl,504,PRJNA422877,FALSE,FALSE,NW_019384339.1,FALSE,537465,181,8338,scorpion
Portunus trituberculatus,XP_045108651.1,mpciyivgkwltgllilclvfgslvsllgdtalpggnifslfilflaaeaagrvveplrlppllgmlvvgillksvpginhvgksinqewstalrnlalviillraglgldpaalkqlslmvvrlafspcvvetlvvavvthlllgfpwlwglmlgfvlgavtpavivpcmlvlsqkgygvdkgiptlviaassvddvlaisgfgvlmgitfaegelwvvilkgpfevvvgliygvvlgmlcwvlpvpsehnapllrfvvlltagvvslfgsplihlggsgalgclvmafvagfgwrkqgmteenyvdkmlehmwmffqpflfaligaeiqvdklegstigyglltlfvglvfrmvtsflvvmggelnmkerlfvafawlpkatvqaaigsqaldyarktnagpeeerlgeqvltiavlsilltapvgaaaimltaprllgkssqakegvgemdeaakeppe,462,PRJNA783019,FALSE,FALSE,NC_059267,Chromosome,21793880,54.74,524,crab
Uloborus diversus,XP_054711692.1,mvpyaeisvvttvkddsiifnrgkkvctrllpskqsillaathtvvllffagalygiigenslpgseifalfslaisayaggvlvgyfklppllgmlvsgilfrnlpfmtfhenisimwastfrdtslviillkaglgldpeklkrlkmaviklsfipclletlgssvfahyllglpwlwscmlgfivsavsaavlvpgvlmleekrygirsgiptlimasvsidnivaltgfvvtfsilssnenltwalvkrplepcigflfggifgallryipdenipknslvyyrtillflggmafsfvskragisgagalscvslafvaalkwrkdpeqykticwitgilwqliepflfgligaeitleslqndlgyavltlilgllvraiatilalmrsqlsfkeklfvssswlakatvqaavgsqaldyarsqskgyefetyskqvltlsvlsiiltaplgsafmeclgpyllekdpvvtdlqseseedetdivvekrasygscsvtlssrns,509,PRJNA949570,FALSE,FALSE,NC_072734,Chromosome,185519777,60,1586,spider
Panonychus citri,XP_053205578.1,mdenvssegksmetikenvinflgqwiirvilcvliwsllwsvcgsialppssplfslliiwltayalgqlclplglppllgmmiagiglanfpgnivtlqsqlssslrsialtiillraglgldpkxikslsgvcfrlaffpcivetvsiamtsyliigfpwqwglllgfvigavspavvvpamidlqqqgygtsqgiptliiasssvddiaaitgfdvalsfafvnpkssllwnivkgpgeatigliigslaglllwylprlksidthnkiqsddndsfeqfsltsqrfgltiviglasvfitnhldvggigplaalvftfvaairwrphklhlpienglkvawlifepflfsligaeikfnqlqldrlfpitccllislvlrslasfisvfgsslnmreklfisiawlpkatvqaaigpvaldlartkgdqqaisngilvltvailsilitapigavlikltapkllrkstkddtleiels,484,PRJNA927099,FALSE,FALSE,NW_026515416,FALSE,1807243,80,145,spider
Pollicipes pollicipes,XP_037084502.1,madptatyvfpaldleppmqqqqqqqprsaeqstsseekqsrssehgslngtdlatrgsgskpptisddigdqdvflaeplelqspeptgrchrcsrpllrstykplpaapvwrrllygctcppwgrleqllvavlvtlalwalavsladkealpggqifgvlcvvvlslaagwlverlrlppllgmlimgivlanvpglsgvatavkestssllrnvalmviltraglgldagalrrlslvvvrlaftpclsetltvgiaahlllgmpwiwsfmlgfvlaavspavvvpcllalqeqgygvakgvptlvmaaasiddvlaisgfgvlfgicfsqgaltdkllsgplevllglsygvslgvllwflpgadnrqlpllrlvlitclgllalfgsqavgcsgagalgaltlsfvaghgwrqrgwtgdtnpvseaygilwfvfqpilfgligaeirvdalkadtvgfglltlaigltvriivsffvvmgggltvkerlfvavawlpkatvqaaigpvaldyarlhaptpenialgeqvvaiavlvilvtapigaaaimlsaprllvrgsqvapgsqdqtkgkvangdnta,587,PRJNA624368,FALSE,FALSE,NW_023596805.1,FALSE,47009503,160,1237,barnacle