,assembly-name,assembly-status,coverage,genome-refseq,project-accession,protein-accession,protein-length,protein-sequence,pubmed-accession,scaffold-N50,scaffold-count,sequence-tech,sequencing-technology,species
0,Hazt_2.0.2,False,105.0,NW_025930738,PRJNA342675,XP_047735583.1,860,mldpndktpiankaqetsghnpedtstraadedeensdclstttstsaltalsisqsnipghsglsllpssystdpsgdptehvptpvvpnpsgvydnpaadlaetppsvtklpksdsapqspskstgnlgdvrpmqasntalfgtsiastsvshsspnkssfpssnsclmsqkfsasgnnsdfnpilsssgptnalvgasnnigpsdvhnsdnngntnytesgvsgsmslnalpsslncldtapsslnvnisnipcstggsgsstafpttgitqnpastsistnttasyvptnshtnngpccgtnggpsngvsttshsrcsswvsggqtvghsrgastegstidafttsatdsrrgtyseagtlpigsfpegslggtiieeehpldrlsekklsseessaagrdntasggkskilrglcslgsclkecrccrpvmqkhnplpttptkgdrfkyaftcpphgkacglppllgmllsgialrsfpgiriigeslnpnwsasirnvalvvillraglgldpkalkamslvvfrlacvpclvettvvavvshfllgfpwlwgfmlgfilaavspavvvpcllqlsqqgygvdkgiptlviaaasiddviaisgfgvmlgmtfsegslawqilhgplevliglsygavmgficwilpnkhhqscsllqfamlftagllalfgsqriefggagalavlsmafiagvgfrrqgwgdddnpvgqhcnvawgylqpmlfaligteiqilsleldtiglgvatlcisltcrvvttffvvlgsglnirerffvalawlpkatvqaaigstaldyavrigagepeialakqvltiavlvilitapigaiaimtsaprllqrarqpapsdtv,False,False,0.0,False,Illumina;,Hyalella azteca
0,Mj_TUMSAT_v1.0,False,377.0,NW_025037366.1,PRJNA752636,XP_042856260.1,522,myycagmmenspemsngmrgtelagvvdsshnidgqvmedqissadkityesgsaslkyvfdcwpphgivgscltwtilvllvwgaaiaiiglsalpggnifslmclfciavlggqlatlaklpslmgmlvvgillssvpginyvgnsidkdwssalrnialvvillraglgldpaalkelsfmvlrlaftpcivetitvatvthlllgfpwlwglmlgfilsavtpavivpcmiklseegygmdkgiptlviaassvddvlaisgfgvlmgitfakgslwwiilkgpievvmglvyglgvgallwvlpnieernahnlrffllgsagllavfgsqmaqfggagalgclvmafvagigwrrqgmsednnpvddkllimwelfqpflfsligaeirvseldirtvgwglvtlavglvfrmttsflvvmggnlnikermfvalawlpkatvqaaigsqaldfaqkseagpeiirlgeqvltitvlvilitaplgaaaimlsapklltkgktkdtldlpdglpdp,False,False,0.0,False,2021/02/12.Theoriginalwhole-genomeshotgunprojecthastheaccessionBOPN00000000.1.;##Genome-Assembly-Data-START##;AssemblyMethod::SPAdesv.3.13.0;Redundansv.0.14a;REAPRv.1.0.18;L_RNA_scaffolder;P_RNA_Scaffolder;Sealerv.2.1.0;NtEditv.1.3.1;TGS-GapCloserv.1.1.1;NtEditv.1.3.2;LRScafv.1.1.11;BESSTv.2.2.8;purge_haplotigsv.1.1.1;Hypov.1.0.3;IlluminaHiSeq4000;OxfordNanoporeTechnologiesGridION;,Penaeus japonicus
0,Mj_TUMSAT_v1.0,False,377.0,NW_025037366.1,PRJNA752636,XP_042856260.1,522,myycagmmenspemsngmrgtelagvvdsshnidgqvmedqissadkityesgsaslkyvfdcwpphgivgscltwtilvllvwgaaiaiiglsalpggnifslmclfciavlggqlatlaklpslmgmlvvgillssvpginyvgnsidkdwssalrnialvvillraglgldpaalkelsfmvlrlaftpcivetitvatvthlllgfpwlwglmlgfilsavtpavivpcmiklseegygmdkgiptlviaassvddvlaisgfgvlmgitfakgslwwiilkgpievvmglvyglgvgallwvlpnieernahnlrffllgsagllavfgsqmaqfggagalgclvmafvagigwrrqgmsednnpvddkllimwelfqpflfsligaeirvseldirtvgwglvtlavglvfrmttsflvvmggnlnikermfvalawlpkatvqaaigsqaldfaqkseagpeiirlgeqvltitvlvilitaplgaaaimlsapklltkgktkdtldlpdglpdp,False,False,0.0,False,2021/02/12.Theoriginalwhole-genomeshotgunprojecthastheaccessionBOPN00000000.1.;##Genome-Assembly-Data-START##;AssemblyMethod::SPAdesv.3.13.0;Redundansv.0.14a;REAPRv.1.0.18;L_RNA_scaffolder;P_RNA_Scaffolder;Sealerv.2.1.0;NtEditv.1.3.1;TGS-GapCloserv.1.1.1;NtEditv.1.3.2;LRScafv.1.1.11;BESSTv.2.2.8;purge_haplotigsv.1.1.1;Hypov.1.0.3;IlluminaHiSeq4000;OxfordNanoporeTechnologiesGridION;,Penaeus japonicus
0,AplCal3.0,False,66.0,NW_004798488.1,PRJNA209509,XP_005112307.1,564,mvgrkdlndagahnsnnvefemnsdldgagssanrpqkcaalrecyqsctrpclaeshplpenaswprkcfdnilcpphskagaaifvaivfaaawttvysmtgkealpggnlfamlilfmacwcggylvglvrlppllgmllvggvlgnaphinvardidpvwssgcrqialtiiliraglgldpkalkklsfvvvrlafspclvetivdgiashlilglpwswgfmlgfviaavspavvvpsllslsergygvdkgiptlviaaasiddvlaitgfgvllgisfssgnivwtlfkgpieaivgvlygivggyiiwyipqksskhlilfrstlllllcmmaifgskildwsgagplaalslpfvaalkwrkeyaegvknpiedvvgvlwmifqpllfgligaevdissldgdtvglgiavlaiglslrvvvsflavfgtdlnlkerffipfawlpkatvqaavgavaldtakakgdvelealgkqilnlavlsilltaplgaaliavlgpmllnkretakansslarsvndsdrdrnveealleeendaesgnirlemtptvt,False,False,0.0,False,IlluminaHi-Seq;,Aplysia californica
0,AplCal3.0,False,66.0,NW_004798488.1,PRJNA209509,XP_005112307.1,564,mvgrkdlndagahnsnnvefemnsdldgagssanrpqkcaalrecyqsctrpclaeshplpenaswprkcfdnilcpphskagaaifvaivfaaawttvysmtgkealpggnlfamlilfmacwcggylvglvrlppllgmllvggvlgnaphinvardidpvwssgcrqialtiiliraglgldpkalkklsfvvvrlafspclvetivdgiashlilglpwswgfmlgfviaavspavvvpsllslsergygvdkgiptlviaaasiddvlaitgfgvllgisfssgnivwtlfkgpieaivgvlygivggyiiwyipqksskhlilfrstlllllcmmaifgskildwsgagplaalslpfvaalkwrkeyaegvknpiedvvgvlwmifqpllfgligaevdissldgdtvglgiavlaiglslrvvvsflavfgtdlnlkerffipfawlpkatvqaavgavaldtakakgdvelealgkqilnlavlsilltaplgaaliavlgpmllnkretakansslarsvndsdrdrnveealleeendaesgnirlemtptvt,False,False,0.0,False,IlluminaHi-Seq;,Aplysia californica
0,False,False,150.0,NC_061858,PRJNA822080,XP_047501491.1,515,menlpemsngmrstevavvvdsshnidgqvmedqissadkityesgsaslkyvfdcwpphgivgrcltwtilvllgwgaaiailgisalpggnifsimclfciallggqlatlaklpslmgmlvvgiilssvpginyvgsnidkdwsaalrnialvvillraglgldpaalkelsfmvlrlaftpcivetitvatvthlllgfpwlwglmlgfilsavtpavivpcmiklseegygmdkgiptlviaassvddvlaisgfgvlmgitfaegslwwiilkgpievvmglvyglgvgallwvlpnieernaqnlrffllacagllavfgsqmaqfggagalgclvmafvagigwrrqgmsednnpvddkllimwelfqpflfsligaeiqvseldigtvgwglvtlaiglvfrmttsflvvmggnlnikerlfvalawvpkatvqaaigsqaldfaqkseagpevvrlgeqvltitvlvilitaplgaaaimlsapkllskgktkdtldlpdglpdp,False,False,0.0,False,PacBioSequel;,Penaeus chinensis
0,False,False,150.0,NC_061858,PRJNA822080,XP_047501491.1,515,menlpemsngmrstevavvvdsshnidgqvmedqissadkityesgsaslkyvfdcwpphgivgrcltwtilvllgwgaaiailgisalpggnifsimclfciallggqlatlaklpslmgmlvvgiilssvpginyvgsnidkdwsaalrnialvvillraglgldpaalkelsfmvlrlaftpcivetitvatvthlllgfpwlwglmlgfilsavtpavivpcmiklseegygmdkgiptlviaassvddvlaisgfgvlmgitfaegslwwiilkgpievvmglvyglgvgallwvlpnieernaqnlrffllacagllavfgsqmaqfggagalgclvmafvagigwrrqgmsednnpvddkllimwelfqpflfsligaeiqvseldigtvgwglvtlaiglvfrmttsflvvmggnlnikerlfvalawvpkatvqaaigsqaldfaqkseagpevvrlgeqvltitvlvilitaplgaaaimlsapkllskgktkdtldlpdglpdp,False,False,0.0,False,PacBioSequel;,Penaeus chinensis
0,False,False,150.0,NW_024037062.1,PRJNA683060,XP_038060272.1,672,maspvrlkpqpkprpskrtsgaaaspvaagatslmpktseysepkdtkhvkeeviyatpgeanvydapqqanvyatpdessrttspvhsskpgspvmewdgyqtqtsrdsqrwdrtppeiphfdldsddretdsdedsgeccpgrcepckavlrpcmaqynplpdnpslcvrlkhallcpphgrmsrdltlvllvflswgvvwgatgdaalpggtffalyvlticcilggflvklvrlppllgmlivgfilrnvpriniavdidkewssglrsvalvvilmqaglgldakalrslsmvcvrlcflpclveacvagvvshfllglpwvwgfmlgfvlgavtpavivpsllslqkrgygidkgiptlviaaascddvlaisafgvilgaafatgdlvynilrgplelvvgvafgclggvvlwylpdrfqnafvlrrtvllfggglfavfgsaavkfsgagalgcltmafvaghgwkknkepivknidllwiifepllfgligaevaietvqpatiglglatlfiglaarllasflavcrakmnlkeklfialawlpkatvqaaigpvaldtaikhgsgeyielgtqlltvavlsilvtaplgaiaialagprllsksinekprdnnnrrpiihlvpigtppesevvelspvspepdrsnplnrlvavvesddkv,False,False,0.0,False,PacBioSequel;,Patiria miniata
0,False,False,150.0,NW_024037062.1,PRJNA683060,XP_038060272.1,672,maspvrlkpqpkprpskrtsgaaaspvaagatslmpktseysepkdtkhvkeeviyatpgeanvydapqqanvyatpdessrttspvhsskpgspvmewdgyqtqtsrdsqrwdrtppeiphfdldsddretdsdedsgeccpgrcepckavlrpcmaqynplpdnpslcvrlkhallcpphgrmsrdltlvllvflswgvvwgatgdaalpggtffalyvlticcilggflvklvrlppllgmlivgfilrnvpriniavdidkewssglrsvalvvilmqaglgldakalrslsmvcvrlcflpclveacvagvvshfllglpwvwgfmlgfvlgavtpavivpsllslqkrgygidkgiptlviaaascddvlaisafgvilgaafatgdlvynilrgplelvvgvafgclggvvlwylpdrfqnafvlrrtvllfggglfavfgsaavkfsgagalgcltmafvaghgwkknkepivknidllwiifepllfgligaevaietvqpatiglglatlfiglaarllasflavcrakmnlkeklfialawlpkatvqaaigpvaldtaikhgsgeyielgtqlltvavlsilvtaplgaiaialagprllsksinekprdnnnrrpiihlvpigtppesevvelspvspepdrsnplnrlvavvesddkv,False,False,0.0,False,PacBioSequel;,Patiria miniata
0,Mj_TUMSAT_v1.0,False,377.0,NW_025037366.1,PRJNA752636,XP_042856258.1,525,myycagmmenspemsngmrgtelagvvdsshnidgqvmedqissadkityesgsaslkyvfdcwpphgivgscltwtilvllvwgaaiaiiglsalpggnifslmclfciavlggqlatlaklpslmgmlvvgillssvpginyvgnsidkdwssalrnialvvillraglgldpaalkelsfmvlrlaftpcivetitvatvthlllgfpwlwglmlgfilsavtpavivpcmiklseegygmdkgiptlviaassvddvlaisgfgvlmgitfakgslwwiilkgpievvmglvyglgvgallwvlpnieernahnlrffllgsagllavfgsqmclqaqfggagalgclvmafvagigwrrqgmsednnpvddkllimwelfqpflfsligaeirvseldirtvgwglvtlavglvfrmttsflvvmggnlnikermfvalawlpkatvqaaigsqaldfaqkseagpeiirlgeqvltitvlvilitaplgaaaimlsapklltkgktkdtldlpdglpdp,False,False,0.0,False,2021/02/12.Theoriginalwhole-genomeshotgunprojecthastheaccessionBOPN00000000.1.;##Genome-Assembly-Data-START##;AssemblyMethod::SPAdesv.3.13.0;Redundansv.0.14a;REAPRv.1.0.18;L_RNA_scaffolder;P_RNA_Scaffolder;Sealerv.2.1.0;NtEditv.1.3.1;TGS-GapCloserv.1.1.1;NtEditv.1.3.2;LRScafv.1.1.11;BESSTv.2.2.8;purge_haplotigsv.1.1.1;Hypov.1.0.3;IlluminaHiSeq4000;OxfordNanoporeTechnologiesGridION;,Penaeus japonicus
0,Mj_TUMSAT_v1.0,False,377.0,NW_025037366.1,PRJNA752636,XP_042856258.1,525,myycagmmenspemsngmrgtelagvvdsshnidgqvmedqissadkityesgsaslkyvfdcwpphgivgscltwtilvllvwgaaiaiiglsalpggnifslmclfciavlggqlatlaklpslmgmlvvgillssvpginyvgnsidkdwssalrnialvvillraglgldpaalkelsfmvlrlaftpcivetitvatvthlllgfpwlwglmlgfilsavtpavivpcmiklseegygmdkgiptlviaassvddvlaisgfgvlmgitfakgslwwiilkgpievvmglvyglgvgallwvlpnieernahnlrffllgsagllavfgsqmclqaqfggagalgclvmafvagigwrrqgmsednnpvddkllimwelfqpflfsligaeirvseldirtvgwglvtlavglvfrmttsflvvmggnlnikermfvalawlpkatvqaaigsqaldfaqkseagpeiirlgeqvltitvlvilitaplgaaaimlsapklltkgktkdtldlpdglpdp,False,False,0.0,False,2021/02/12.Theoriginalwhole-genomeshotgunprojecthastheaccessionBOPN00000000.1.;##Genome-Assembly-Data-START##;AssemblyMethod::SPAdesv.3.13.0;Redundansv.0.14a;REAPRv.1.0.18;L_RNA_scaffolder;P_RNA_Scaffolder;Sealerv.2.1.0;NtEditv.1.3.1;TGS-GapCloserv.1.1.1;NtEditv.1.3.2;LRScafv.1.1.11;BESSTv.2.2.8;purge_haplotigsv.1.1.1;Hypov.1.0.3;IlluminaHiSeq4000;OxfordNanoporeTechnologiesGridION;,Penaeus japonicus
0,NSTDA_Pmon_1,False,189.0,NC_051416.1,PRJNA679074,XP_037797691.1,515,menmpempngmrstevavvvdsshnidgqvmedqissadkityesgsaslkyvfdcwpphgivgrcltwtilvllgwgaaiailgisalpggnifslmclfciallggqlatlaklpslmgmlvvgiilssvpginyvgnnidkewssalrnialvvillraglgldpaalkelsfmvlrlaftpcivetitvatvthlllgfxwlwglmlgfilsavtpavivpcmiklseegygmdkgiptlviaassvddvlaisgfgvlmgitfaegslwwiilkgpievvmglvyglgvgalfwvlpnieersaqnlrffllgcagllavfgsqmaqfggagalgclvmafvagigwrrqgmsednnpvddkllimwelfqpflfsligaeiqvseldigtvgwglvtlaiglvfrmttsffvvmggnlnvkerlfvalawvpkatvqaaigsqaldfaqkseagpeivrlgeqvltitvlvilitaplgaaaimlsapkllskgktkdtldlpdglpdp,False,False,0.0,False,PacBioSequel;IlluminaNovaSeq;,Penaeus monodon
0,NSTDA_Pmon_1,False,189.0,NC_051416.1,PRJNA679074,XP_037797691.1,515,menmpempngmrstevavvvdsshnidgqvmedqissadkityesgsaslkyvfdcwpphgivgrcltwtilvllgwgaaiailgisalpggnifslmclfciallggqlatlaklpslmgmlvvgiilssvpginyvgnnidkewssalrnialvvillraglgldpaalkelsfmvlrlaftpcivetitvatvthlllgfxwlwglmlgfilsavtpavivpcmiklseegygmdkgiptlviaassvddvlaisgfgvlmgitfaegslwwiilkgpievvmglvyglgvgalfwvlpnieersaqnlrffllgcagllavfgsqmaqfggagalgclvmafvagigwrrqgmsednnpvddkllimwelfqpflfsligaeiqvseldigtvgwglvtlaiglvfrmttsffvvmggnlnvkerlfvalawvpkatvqaaigsqaldfaqkseagpeivrlgeqvltitvlvilitaplgaaaimlsapkllskgktkdtldlpdglpdp,False,False,0.0,False,PacBioSequel;IlluminaNovaSeq;,Penaeus monodon
0,Mj_TUMSAT_v1.0,False,377.0,NW_025037366.1,PRJNA752636,XP_042856261.1,508,mrgtelagvvdsshnidgqvmedqissadkityesgsaslkyvfdcwpphgivgscltwtilvllvwgaaiaiiglsalpggnifslmclfciavlggqlatlaklpslmgmlvvgillssvpginyvgnsidkdwssalrnialvvillraglgldpaalkelsfmvlrlaftpcivetitvatvthlllgfpwlwglmlgfilsavtpavivpcmiklseegygmdkgiptlviaassvddvlaisgfgvlmgitfakgslwwiilkgpievvmglvyglgvgallwvlpnieernahnlrffllgsagllavfgsqmclqaqfggagalgclvmafvagigwrrqgmsednnpvddkllimwelfqpflfsligaeirvseldirtvgwglvtlavglvfrmttsflvvmggnlnikermfvalawlpkatvqaaigsqaldfaqkseagpeiirlgeqvltitvlvilitaplgaaaimlsapklltkgktkdtldlpdglpdp,False,False,0.0,False,2021/02/12.Theoriginalwhole-genomeshotgunprojecthastheaccessionBOPN00000000.1.;##Genome-Assembly-Data-START##;AssemblyMethod::SPAdesv.3.13.0;Redundansv.0.14a;REAPRv.1.0.18;L_RNA_scaffolder;P_RNA_Scaffolder;Sealerv.2.1.0;NtEditv.1.3.1;TGS-GapCloserv.1.1.1;NtEditv.1.3.2;LRScafv.1.1.11;BESSTv.2.2.8;purge_haplotigsv.1.1.1;Hypov.1.0.3;IlluminaHiSeq4000;OxfordNanoporeTechnologiesGridION;,Penaeus japonicus
0,Mj_TUMSAT_v1.0,False,377.0,NW_025037366.1,PRJNA752636,XP_042856261.1,508,mrgtelagvvdsshnidgqvmedqissadkityesgsaslkyvfdcwpphgivgscltwtilvllvwgaaiaiiglsalpggnifslmclfciavlggqlatlaklpslmgmlvvgillssvpginyvgnsidkdwssalrnialvvillraglgldpaalkelsfmvlrlaftpcivetitvatvthlllgfpwlwglmlgfilsavtpavivpcmiklseegygmdkgiptlviaassvddvlaisgfgvlmgitfakgslwwiilkgpievvmglvyglgvgallwvlpnieernahnlrffllgsagllavfgsqmclqaqfggagalgclvmafvagigwrrqgmsednnpvddkllimwelfqpflfsligaeirvseldirtvgwglvtlavglvfrmttsflvvmggnlnikermfvalawlpkatvqaaigsqaldfaqkseagpeiirlgeqvltitvlvilitaplgaaaimlsapklltkgktkdtldlpdglpdp,False,False,0.0,False,2021/02/12.Theoriginalwhole-genomeshotgunprojecthastheaccessionBOPN00000000.1.;##Genome-Assembly-Data-START##;AssemblyMethod::SPAdesv.3.13.0;Redundansv.0.14a;REAPRv.1.0.18;L_RNA_scaffolder;P_RNA_Scaffolder;Sealerv.2.1.0;NtEditv.1.3.1;TGS-GapCloserv.1.1.1;NtEditv.1.3.2;LRScafv.1.1.11;BESSTv.2.2.8;purge_haplotigsv.1.1.1;Hypov.1.0.3;IlluminaHiSeq4000;OxfordNanoporeTechnologiesGridION;,Penaeus japonicus
0,False,False,150.0,NC_061858,PRJNA822080,XP_047501489.1,518,menlpemsngmrstevavvvdsshnidgqvmedqissadkityesgsaslkyvfdcwpphgivgrcltwtilvllgwgaaiailgisalpggnifsimclfciallggqlatlaklpslmgmlvvgiilssvpginyvgsnidkdwsaalrnialvvillraglgldpaalkelsfmvlrlaftpcivetitvatvthlllgfpwlwglmlgfilsavtpavivpcmiklseegygmdkgiptlviaassvddvlaisgfgvlmgitfaegslwwiilkgpievvmglvyglgvgallwvlpnieernaqnlrffllacagllavfgsqmclqaqfggagalgclvmafvagigwrrqgmsednnpvddkllimwelfqpflfsligaeiqvseldigtvgwglvtlaiglvfrmttsflvvmggnlnikerlfvalawvpkatvqaaigsqaldfaqkseagpevvrlgeqvltitvlvilitaplgaaaimlsapkllskgktkdtldlpdglpdp,False,False,0.0,False,PacBioSequel;,Penaeus chinensis
0,False,False,150.0,NC_061858,PRJNA822080,XP_047501489.1,518,menlpemsngmrstevavvvdsshnidgqvmedqissadkityesgsaslkyvfdcwpphgivgrcltwtilvllgwgaaiailgisalpggnifsimclfciallggqlatlaklpslmgmlvvgiilssvpginyvgsnidkdwsaalrnialvvillraglgldpaalkelsfmvlrlaftpcivetitvatvthlllgfpwlwglmlgfilsavtpavivpcmiklseegygmdkgiptlviaassvddvlaisgfgvlmgitfaegslwwiilkgpievvmglvyglgvgallwvlpnieernaqnlrffllacagllavfgsqmclqaqfggagalgclvmafvagigwrrqgmsednnpvddkllimwelfqpflfsligaeiqvseldigtvgwglvtlaiglvfrmttsflvvmggnlnikerlfvalawvpkatvqaaigsqaldfaqkseagpevvrlgeqvltitvlvilitaplgaaaimlsapkllskgktkdtldlpdglpdp,False,False,0.0,False,PacBioSequel;,Penaeus chinensis
0,UMN_Dpol_1.0,False,93.0,NC_068356,PRJNA903932,XP_052262773.1,538,mpaeeedmdlkvtngilvttedrsddpprctalrqccdratrplhtkynplesnastcqivkhafmcpphgklakycmfiimflvcgavlfslhleiflallvlfxacvvggylvvyiklppllgmlivgsclrniptvkvigesldsewsaalrqialtiiliraglgldpaalkklsfavirlafspclaecvaeaiaahfllgfpwiwsfmlgfvlaavspavvvpslinlsdrgygidkgiptlviaaasvddvlaitgfgvclgiafsegdlalsivkgpleavvgvlygivggvilwyipnrasrhvvlyrtfllfglglvstfgsskvefpgagplgcltlafiagyrwkkedwseqggkepmegivaivwmifqpllfgligsevnlaeidvgsvglgiavlaiglvirlivsffavwgtdlnlkeklfiplawfpkatvqaaigamamdkasevkdtdgvrlgkqiltlavlsiiitapvgaavialtgprllhcteqgqcqeeervegqeekgmllekkvsendavev,False,False,0.0,False,PacBioSequel;IlluminaHiSeq;,Dreissena polymorpha
0,False,False,54.0,NC_059267,PRJNA783019,XP_045108651.1,462,mpciyivgkwltgllilclvfgslvsllgdtalpggnifslfilflaaeaagrvveplrlppllgmlvvgillksvpginhvgksinqewstalrnlalviillraglgldpaalkqlslmvvrlafspcvvetlvvavvthlllgfpwlwglmlgfvlgavtpavivpcmlvlsqkgygvdkgiptlviaassvddvlaisgfgvlmgitfaegelwvvilkgpfevvvgliygvvlgmlcwvlpvpsehnapllrfvvlltagvvslfgsplihlggsgalgclvmafvagfgwrkqgmteenyvdkmlehmwmffqpflfaligaeiqvdklegstigyglltlfvglvfrmvtsflvvmggelnmkerlfvafawlpkatvqaaigsqaldyarktnagpeeerlgeqvltiavlsilltapvgaaaimltaprllgkssqakegvgemdeaakeppe,False,False,0.0,False,OxfordNanopore;Illumina;,Portunus trituberculatus
0,False,False,54.0,NC_059267,PRJNA783019,XP_045108649.1,511,mcsvedqgpeeregtsrthcstcfhpcmrshhpllsnptqlqrfkyallcpphgrvgkwltgllilclvfgslvsllgdtalpggnifslfilflaaeaagrvveplrlppllgmlvvgillksvpginhvgksinqewstalrnlalviillraglgldpaalkqlslmvvrlafspcvvetlvvavvthlllgfpwlwglmlgfvlgavtpavivpcmlvlsqkgygvdkgiptlviaassvddvlaisgfgvlmgitfaegelwvvilkgpfevvvgliygvvlgmlcwvlpvpsehnapllrfvvlltagvvslfgsplihlggsgalgclvmafvagfgwrkqgmteenyvdkmlehmwmffqpflfaligaeiqvdklegstigyglltlfvglvfrmvtsflvvmggelnmkerlfvafawlpkatvqaaigsqaldyarktnagpeeerlgeqvltiavlsilltapvgaaaimltaprllgkssqakegvgemdeaakeppe,False,False,0.0,False,OxfordNanopore;Illumina;,Portunus trituberculatus
0,False,False,54.0,NC_059267,PRJNA783019,XP_045108649.1,511,mcsvedqgpeeregtsrthcstcfhpcmrshhpllsnptqlqrfkyallcpphgrvgkwltgllilclvfgslvsllgdtalpggnifslfilflaaeaagrvveplrlppllgmlvvgillksvpginhvgksinqewstalrnlalviillraglgldpaalkqlslmvvrlafspcvvetlvvavvthlllgfpwlwglmlgfvlgavtpavivpcmlvlsqkgygvdkgiptlviaassvddvlaisgfgvlmgitfaegelwvvilkgpfevvvgliygvvlgmlcwvlpvpsehnapllrfvvlltagvvslfgsplihlggsgalgclvmafvagfgwrkqgmteenyvdkmlehmwmffqpflfaligaeiqvdklegstigyglltlfvglvfrmvtsflvvmggelnmkerlfvafawlpkatvqaaigsqaldyarktnagpeeerlgeqvltiavlsilltapvgaaaimltaprllgkssqakegvgemdeaakeppe,False,False,0.0,False,OxfordNanopore;Illumina;,Portunus trituberculatus
0,False,False,76.0,NC_069120,PRJNA913910,XP_052689170.1,498,mafqrlcsyklreflamlaqftmlmvmvwtttlsitdrlalpgghifsllvlftsavaggyifsriylppllgmviagfalsnvpvlseighnispvwsgalrrmaltviliraglgldpvalrklsatvsrlaflpcllecltcavvshflmdlpwvwafllgfvlsaispavvvpsllslaergfgldkgiptlviaaasiddvvaisgfgislgiafstgdlawtiakgpleallgiaygcilgiclwfipaknssnlvfframllftggllatfgstyidmagagplgclvlpfvsgirwrkmntpeqtaamteavgllwmifqpvlfgligaavrieqiqdpyivgfgvavlasgllvrcsvtflavlrsglnlkeqifvslawipkatvqaaigglaldqaikdknetlkplgltvltiavlsiiitapigalaiaisgprflksdhlknelscssndhqdsqekeekivieteivgekpclteaadvvthi,False,False,0.0,False,PacBioSequel;,Crassostrea angulata
0,False,False,54.0,NC_059267,PRJNA783019,XP_045108640.1,558,mpplhsphqrtlsshsalqktrpcrtgvsygqpcditgeihtinavdmcsvedqgpeeregtsrthcstcfhpcmrshhpllsnptqlqrfkyallcpphgrvgkwltgllilclvfgslvsllgdtalpggnifslfilflaaeaagrvveplrlppllgmlvvgillksvpginhvgksinqewstalrnlalviillraglgldpaalkqlslmvvrlafspcvvetlvvavvthlllgfpwlwglmlgfvlgavtpavivpcmlvlsqkgygvdkgiptlviaassvddvlaisgfgvlmgitfaegelwvvilkgpfevvvgliygvvlgmlcwvlpvpsehnapllrfvvlltagvvslfgsplihlggsgalgclvmafvagfgwrkqgmteenyvdkmlehmwmffqpflfaligaeiqvdklegstigyglltlfvglvfrmvtsflvvmggelnmkerlfvafawlpkatvqaaigsqaldyarktnagpeeerlgeqvltiavlsilltapvgaaaimltaprllgkssqakegvgemdeaakeppe,False,False,0.0,False,OxfordNanopore;Illumina;,Portunus trituberculatus
0,False,False,54.0,NC_059267,PRJNA783019,XP_045108640.1,558,mpplhsphqrtlsshsalqktrpcrtgvsygqpcditgeihtinavdmcsvedqgpeeregtsrthcstcfhpcmrshhpllsnptqlqrfkyallcpphgrvgkwltgllilclvfgslvsllgdtalpggnifslfilflaaeaagrvveplrlppllgmlvvgillksvpginhvgksinqewstalrnlalviillraglgldpaalkqlslmvvrlafspcvvetlvvavvthlllgfpwlwglmlgfvlgavtpavivpcmlvlsqkgygvdkgiptlviaassvddvlaisgfgvlmgitfaegelwvvilkgpfevvvgliygvvlgmlcwvlpvpsehnapllrfvvlltagvvslfgsplihlggsgalgclvmafvagfgwrkqgmteenyvdkmlehmwmffqpflfaligaeiqvdklegstigyglltlfvglvfrmvtsflvvmggelnmkerlfvafawlpkatvqaaigsqaldyarktnagpeeerlgeqvltiavlsilltapvgaaaimltaprllgkssqakegvgemdeaakeppe,False,False,0.0,False,OxfordNanopore;Illumina;,Portunus trituberculatus
0,False,False,54.0,NC_059267,PRJNA783019,XP_045108645.1,557,mdataplsppadtviplcppenkalqdrdgqpcditgeihtinavdmcsvedqgpeeregtsrthcstcfhpcmrshhpllsnptqlqrfkyallcpphgrvgkwltgllilclvfgslvsllgdtalpggnifslfilflaaeaagrvveplrlppllgmlvvgillksvpginhvgksinqewstalrnlalviillraglgldpaalkqlslmvvrlafspcvvetlvvavvthlllgfpwlwglmlgfvlgavtpavivpcmlvlsqkgygvdkgiptlviaassvddvlaisgfgvlmgitfaegelwvvilkgpfevvvgliygvvlgmlcwvlpvpsehnapllrfvvlltagvvslfgsplihlggsgalgclvmafvagfgwrkqgmteenyvdkmlehmwmffqpflfaligaeiqvdklegstigyglltlfvglvfrmvtsflvvmggelnmkerlfvafawlpkatvqaaigsqaldyarktnagpeeerlgeqvltiavlsilltapvgaaaimltaprllgkssqakegvgemdeaakeppe,False,False,0.0,False,OxfordNanopore;Illumina;,Portunus trituberculatus
0,False,False,54.0,NC_059267,PRJNA783019,XP_045108645.1,557,mdataplsppadtviplcppenkalqdrdgqpcditgeihtinavdmcsvedqgpeeregtsrthcstcfhpcmrshhpllsnptqlqrfkyallcpphgrvgkwltgllilclvfgslvsllgdtalpggnifslfilflaaeaagrvveplrlppllgmlvvgillksvpginhvgksinqewstalrnlalviillraglgldpaalkqlslmvvrlafspcvvetlvvavvthlllgfpwlwglmlgfvlgavtpavivpcmlvlsqkgygvdkgiptlviaassvddvlaisgfgvlmgitfaegelwvvilkgpfevvvgliygvvlgmlcwvlpvpsehnapllrfvvlltagvvslfgsplihlggsgalgclvmafvagfgwrkqgmteenyvdkmlehmwmffqpflfaligaeiqvdklegstigyglltlfvglvfrmvtsflvvmggelnmkerlfvafawlpkatvqaaigsqaldyarktnagpeeerlgeqvltiavlsilltapvgaaaimltaprllgkssqakegvgemdeaakeppe,False,False,0.0,False,OxfordNanopore;Illumina;,Portunus trituberculatus
0,False,False,84.0,NW_020869190.1,PRJNA508983,XP_027214475.1,515,menlpemsngmrstelavvvdsshnldgqvieeqissadkityesgsaslkyvfdcwpphgivgrcltwtllvllgwgaaiaiigisalpggnifslmclfciavlggqlatlaklpslmgmlvvgixlssvpginyvgnnidkewssalrnialvvillraglgldpaalkelsfmvlrlaftpcivetvtvatvthlllgfpwlwglmlgfilsavtpavivpcmiklseegygmdkgiptlviaassvddvlaisgfgvlmgitfaegslwwiilkgpievvmglvyglgvgalfwvlpnieersaqnlrffllgcagllavfgsqmaqfggagalgclvmafvagigwrrqgmsednnpvddkllimwelfqpflfsligaeiqvseldigtvgwglvtlaiglvfrmatsflvvmggnlnikerifvalawvpkatvqaaigsqaldfaeksgagpeivrlgeqvltitvlvilitaplgavaimlsapkllskgktkdtldlpdglpdp,False,False,0.0,False,PacBio;IlluminaHiSeq;,Penaeus vannamei
0,MABIK_Lsat_1.0,Contig,155,False,PRJNA736170,KAI0224210.1,586,mssvvettqidkengddqcvenialdenndtdddsnvcignspdgdhdhhvdydhniicvdskhnstpvcddlatvssnrccatcrtgclnrcsternplstdascakklrfaflcpphgnvartitlvfviayiwctlwsvlgdaalpggnyfalitllvlcviageivekvhlppllgmlcagvalrnvpvvnvakdinpqwssalrnialviilcraglgldpvalkklsfgvirlaffpclveavccavsshlllgmpwtwglmlgfvisavspavvvpcllhlsemgygiakgiptlviaassiddvlaisgfgvmlgisfskghlavtiikgplealagvvygimlgivawyiphskhdhktmfrfvilffggllvtfgsrsldlagagalgcltlafvaalgwrkelqlgehmpvadamggmwmvfqpllfgligaevnvydvkestiwkgltvlgigltirlivsffavsglgfnlkehifitlawmpkatvqaaigsialdtarvknaspeiieyglqiltiavlvilitapigavaitlsgpkllaksitcisdfnisasessipntkpdeagkvv,False,267064,6320.0,,IlluminaNovaSeq;OxfordNanoporeGridION;,Lamellibrachia satsuma
0,MABIK_Lsat_1.0,Contig,155,False,PRJNA736170,KAI0224210.1,586,mssvvettqidkengddqcvenialdenndtdddsnvcignspdgdhdhhvdydhniicvdskhnstpvcddlatvssnrccatcrtgclnrcsternplstdascakklrfaflcpphgnvartitlvfviayiwctlwsvlgdaalpggnyfalitllvlcviageivekvhlppllgmlcagvalrnvpvvnvakdinpqwssalrnialviilcraglgldpvalkklsfgvirlaffpclveavccavsshlllgmpwtwglmlgfvisavspavvvpcllhlsemgygiakgiptlviaassiddvlaisgfgvmlgisfskghlavtiikgplealagvvygimlgivawyiphskhdhktmfrfvilffggllvtfgsrsldlagagalgcltlafvaalgwrkelqlgehmpvadamggmwmvfqpllfgligaevnvydvkestiwkgltvlgigltirlivsffavsglgfnlkehifitlawmpkatvqaaigsialdtarvknaspeiieyglqiltiavlvilitapigavaitlsgpkllaksitcisdfnisasessipntkpdeagkvv,False,267064,6320.0,,IlluminaNovaSeq;OxfordNanoporeGridION;,Lamellibrachia satsuma
0,GMGI_Hamer_2.0,False,110.0,NW_024749657.1,PRJNA744898,XP_042203786.1,557,mdnltmtsfvdtlngpamdssqhqsdggraatidavevtsslqsrdgsflehegpvqeskikkcllscsschhplsrkhnplssnptflqllkysflcpphgtvgkwltlvliillvfgslvsilgatslpggnifslcvlfvlalvgghaitplrlppllgmlvvgillksvpgiseigknidrdwasalrnialvvillraglgldpaalkqlsfmvvrlafspciietivvatvshlllgfpwlwglmlgfvlsavtpavivpcmlvlsekgygvekgiptlviaastiddvlaisgfgillgitfaegelwvvilkgpfevlvgllfglifgvlcwvlpnrkeqeaqvmrfaiilsagllsvfgsqmvelggagalgclvmafvagfgwrrqgmtdenyvdhllgyvweffqpflfaligaeiqldqldgntvgyglititiglifrmitsflvvmggelsvkerifvalawlpkatvqaaigsqalnyarktaagpeaeklglqvltiavlvilitaplgaaaitlsapkllsrsnqahtqspgtpektmea,False,False,0.0,False,IlluminaHiSeq;OxfordNanopore;OxfordNanoporePromethION;,Homarus americanus
0,GMGI_Hamer_2.0,False,110.0,NW_024749657.1,PRJNA744898,XP_042203786.1,557,mdnltmtsfvdtlngpamdssqhqsdggraatidavevtsslqsrdgsflehegpvqeskikkcllscsschhplsrkhnplssnptflqllkysflcpphgtvgkwltlvliillvfgslvsilgatslpggnifslcvlfvlalvgghaitplrlppllgmlvvgillksvpgiseigknidrdwasalrnialvvillraglgldpaalkqlsfmvvrlafspciietivvatvshlllgfpwlwglmlgfvlsavtpavivpcmlvlsekgygvekgiptlviaastiddvlaisgfgillgitfaegelwvvilkgpfevlvgllfglifgvlcwvlpnrkeqeaqvmrfaiilsagllsvfgsqmvelggagalgclvmafvagfgwrrqgmtdenyvdhllgyvweffqpflfaligaeiqldqldgntvgyglititiglifrmitsflvvmggelsvkerifvalawlpkatvqaaigsqalnyarktaagpeaeklglqvltiavlvilitaplgaaaitlsapkllsrsnqahtqspgtpektmea,False,False,0.0,False,IlluminaHiSeq;OxfordNanopore;OxfordNanoporePromethION;,Homarus americanus
0,AplCal3.0,False,66.0,NW_004798488.1,PRJNA209509,XP_005112306.1,570,mvgrkdlndagahnsnnvefemnsdldgagssanrpqkcaalrecyqsctrpclaeshplpenaswprkcfdnilcpphskagaaifvaivfaaawttvysmtgkealpggnlfamlilfmacwcggylvglvrlppllgmllvggvlgnaphinvardidpvwssgcrqialtiiliraglgldpkalkklsfvvvrlafspclvetivdgiashlilglpwswgfmlgfviaavspavvvpsllslsergygvdkgiptlviaaasiddvlaitgfgvllgisfssgnivwtlfkgpieaivgvlygivggyiiwyipqksskhlilfrstlllllcmmaifgskildwsgagplaalslpfvaalkwrkeyaegvknpiedvvgvlwmifqpllfgligaevdissldgdtvglgiavlaiglslrvvvsflavfgtdlnlkerffipfawlpkatvqaavgavaldtakakgdvelealgkqvlmmavlvilitapigavgialagprllkhtprfnlevkaaeddrvgraakpdgngdlesasrrrnggepadsdslldkreatv,False,False,0.0,False,IlluminaHi-Seq;,Aplysia californica
0,AplCal3.0,False,66.0,NW_004798488.1,PRJNA209509,XP_005112306.1,570,mvgrkdlndagahnsnnvefemnsdldgagssanrpqkcaalrecyqsctrpclaeshplpenaswprkcfdnilcpphskagaaifvaivfaaawttvysmtgkealpggnlfamlilfmacwcggylvglvrlppllgmllvggvlgnaphinvardidpvwssgcrqialtiiliraglgldpkalkklsfvvvrlafspclvetivdgiashlilglpwswgfmlgfviaavspavvvpsllslsergygvdkgiptlviaaasiddvlaitgfgvllgisfssgnivwtlfkgpieaivgvlygivggyiiwyipqksskhlilfrstlllllcmmaifgskildwsgagplaalslpfvaalkwrkeyaegvknpiedvvgvlwmifqpllfgligaevdissldgdtvglgiavlaiglslrvvvsflavfgtdlnlkerffipfawlpkatvqaavgavaldtakakgdvelealgkqvlmmavlvilitapigavgialagprllkhtprfnlevkaaeddrvgraakpdgngdlesasrrrnggepadsdslldkreatv,False,False,0.0,False,IlluminaHi-Seq;,Aplysia californica
0,Hazt_2.0.2,False,105.0,NW_025946645,PRJNA342675,XP_018012556.2,540,msaagtdieeeypldlqnekkssideyptesrntfskglggrkkvgehdsirscpkarhssgpvlqeknslpntctkgdlikraftcpphgkvgevltyvalllltwgalyaitgdaslpggnlfsllvvfvcsviggkiteacglppllgmllagialrsfpgiriigesldlnysasirnialvvillraglgldpkalkamslvvfrlacvpclveaivgaivshfllgfpwlwgfmlgfvlsavspavvvpcllqlsqqgygvdkgiptlviaaasiddviaisgfgvmlgmtfsegsltwqilhgplevvmglsygavmgficwilpnkqqqscsllqfgmlltaglfalfgsrkiefggagalavlsmafiagvgfrrqgeadgdkilvgqhcnvawgylqpmlfaligteiqvlslelgtvglgvallcisltcrvvttffvvlgsglnirerffvalawlpkatiqaaigstaldyavrigageheialakqvltiavlvilitapigaiaimtsaprllqrprqpassdtv,False,False,0.0,False,Illumina;,Hyalella azteca
0,False,False,60.0,NC_037590.1,PRJNA472795,XP_025095637.1,576,mnskiengeipevefevqeepveedltkcrkchtscleccrpvlahhhplsdnpsllqrlhfaflcpphgrigacffvvlvgalwwgvlwsltgddalpggnffsllppfffllvwripcqlgeataplgmlivggilgnvpgidiakdinqswgsgarqialtviliraglgldpkalrrlsfavlrlafspclsetvaigvaaylildfpwpwgfmlgfvisavspavvvpsllslsergygidkgiptlviaaaslddvlaitgfgvllgisfstgdiawnickgpleavigivygmlggiilwyipqkksrhlllfrsamllgggmlavfgskmvdwagagplgcltisfvaalrwrsevpkgkrnpvegvtgvlwmifqpllfgligaqvniaslepetvgkgigvltiglvvrmvvsflavfgtnlnlkerlfipiawlpkatvqaaigslaldtardnnktdliplgeqiltlavlsilmtaplgavlivitgkrllnqtpdfdpqqrksiitmafdqdsllslqelnnstwltrtgeendvsqpmidssktteekengnalqdltark,False,False,0.0,False,IlluminaHiSeq;PacBio;,Pomacea canaliculata
0,Hazt_2.0.2,False,105.0,NW_025935622,PRJNA342675,XP_018008691.1,474,mkkynalppsptwgdrikyafscpphgkvgevltqvvqlllvwgalyaitgdaaapgghifsllvvfvcsvmggkvteacglpallgmllagialrsipgvkiigdslnpswsasirkmalvvillraglgldpkalktmsltvfrlafvpslvesttvaivahfllgfpwlwsfmlgfivaaispsvvvpcllqlsqqgygvdkgiptlviaaatlddvlaisgfglmlgmtfsegsltwqllhgplevlmglsygammgficwilpnehhqsrsfqqftilisagffalfgsqkinfggagalavlcmafiagigfrrqsggdknlvgqhftvawgylmpmlfalmgteiqimqleldtiwlgvallcisltcrvvttffvvlgsglnirerffvalawlpkatiqaaigstaldyavrigadeteialakkvltivvlvilisapigaiaimtsaprllqraiqpapstsv,False,False,0.0,False,Illumina;,Hyalella azteca
0,Hazt_2.0.2,False,105.0,NW_025935622,PRJNA342675,XP_018008691.1,474,mkkynalppsptwgdrikyafscpphgkvgevltqvvqlllvwgalyaitgdaaapgghifsllvvfvcsvmggkvteacglpallgmllagialrsipgvkiigdslnpswsasirkmalvvillraglgldpkalktmsltvfrlafvpslvesttvaivahfllgfpwlwsfmlgfivaaispsvvvpcllqlsqqgygvdkgiptlviaaatlddvlaisgfglmlgmtfsegsltwqllhgplevlmglsygammgficwilpnehhqsrsfqqftilisagffalfgsqkinfggagalavlcmafiagigfrrqsggdknlvgqhftvawgylmpmlfalmgteiqimqleldtiwlgvallcisltcrvvttffvvlgsglnirerffvalawlpkatiqaaigstaldyavrigadeteialakkvltivvlvilisapigaiaimtsaprllqraiqpapstsv,False,False,0.0,False,Illumina;,Hyalella azteca
0,SNU_Nstr_1.0,Scaffold,140,False,PRJNA595812,KAG1663790.1,539,mkirlqvdkvqmkeskmgecdeksnknivgeemkplnpdndeqtdvissntipitgaleevkfsekcrsrqskmkclccqhdsgsvnnfnfvieklylceimcvillwmslysiigcqllpeghlfalfilivcciiggnlisllhfppllgmlvvgfllrnvphinvaanlnpqwasalrsialvviliraglgldpqalkqlslvclrlaftpclvetivvavsshlvlglpwlwgfmlgfvlsavspavvvpsmisiqekglgcakgiptliiaaasvddvlaisgfgivlgitftegslgwtiakgpievliglaygiflgvtlwvipyrskenkyiyrflllstggtvavfgsriasfggagalgclilsfvaavgwkkedinesdqvahifanlwyffqpilfgligaeitvdnldastvgygiavlsiglffriiasffvvlgagltmkerlfialawlpkatvqaaigpvaldlaraqadkelehyglqvltisvlvilitapigaaaialsapklltpqreasndeeksv,False,701800,1638.0,,PacBioSequel;,Nymphon striatum
0,ASM378908v1,Scaffold,84,False,PRJNA438564,ROT75079.1,487,msngmrstelavvvdsshnldgqvieeqissadkityesgsaslkyvfdcwpphgivgrcltwtllvllgwgaaiaiigisalpggnifslmclfciavlggqlatlaklpslmdkewssalrnialvvillraglgldpaalkelsfmvlrlaftpcivetvtvatvthlllgfpwlwglmlgfilsavtpavivpcmiklseegygmdkgiptlviaassvddvlaisgfgvlmgitfaegslwwiilkgpievvmglvyglgvgalfwvlpnieersaqnlrffllgcagllavfgsqmaqfggagalgclvmafvagigwrrqgmsednnpvddkllimwelfqpflfsligaeiqvseldigtvgwglvtlaiglvfrmatsflvvmggnlnikerifvalawvpkatvqaaigsqaldfaeksgagpeivrlgeqvltitvlvilitaplgavaimlsapkllskgktkdtldlpdglpdp,False,605555,4683.0,,PacBio;IlluminaHiSeq;,Penaeus vannamei
0,ASM2543416v1,Contig,234,False,PRJNA769727,KAI8745152.1,534,mvidqddeasentkkksmlkvkeclgrctkplmsdnhplpldapwyyrlrdnflcpphsrmgavifivlvtgsiwatlfsvtgdealpggnlfallilfvacwsggyvarlirlppllgmlivggvlgnvphinlardihsswvftlrqialtviltraglgldpkalkrlsfvvlrlaflpclteatvdaiashlilgfpwqwgfmlgfvisavspavivpsvlslgercygiekgiptlviaassvddilaitgfgvllgitfstgdivwtlfkgplevlsgvtygivggvilwyipqktsklqllfrsvllmfmglmaifgsiklhwsgagplaaltvpfvaavrwrsewkessknpveevlgvlwmifqpflfgligsevdvmkldydviglgiavlviglvfritvsflsvfftnlnykerlfvamawlpkatvqaaigtvafdlakknndvaaqtlgkqvlnlavlsilltapigsflisllgpvllkcspvttsekivveengiqekcmiedelpdskpketeekel,36085314,19398339,346.0,,PacBioSequel;IlluminaNextSeq;,Biomphalaria glabrata
0,ASM2543416v1,Contig,234,False,PRJNA769727,KAI8745152.1,534,mvidqddeasentkkksmlkvkeclgrctkplmsdnhplpldapwyyrlrdnflcpphsrmgavifivlvtgsiwatlfsvtgdealpggnlfallilfvacwsggyvarlirlppllgmlivggvlgnvphinlardihsswvftlrqialtviltraglgldpkalkrlsfvvlrlaflpclteatvdaiashlilgfpwqwgfmlgfvisavspavivpsvlslgercygiekgiptlviaassvddilaitgfgvllgitfstgdivwtlfkgplevlsgvtygivggvilwyipqktsklqllfrsvllmfmglmaifgsiklhwsgagplaaltvpfvaavrwrsewkessknpveevlgvlwmifqpflfgligsevdvmkldydviglgiavlviglvfritvsflsvfftnlnykerlfvamawlpkatvqaaigtvafdlakknndvaaqtlgkqvlnlavlsilltapigsflisllgpvllkcspvttsekivveengiqekcmiedelpdskpketeekel,36085314,19398339,346.0,,PacBioSequel;IlluminaNextSeq;,Biomphalaria glabrata
0,EWHU_Batt_1.0,Contig,80,False,PRJNA640962,KAG5713906.1,510,mtgdsietngdldmdltieyeikddvgpvkcmllvggvlgsapyvniakdidaewdedarqialaiiliraglgldpaalrrlsfvvvrlafspclseaitdgiashlilgfpwefglmlgfviaavspavvvpcllslsergygvdkgvptlviaaasiddvlaitgfgvtlgiasstgnlvwnifkgpveallgvifgivggivlwyipqkkskhllffrctmllsggllvifgsrkvdwdgigplgcltlafvaairwrketdhncmaaiadvvgvlwmlfqpllfgligaavrvdaleaktvglgiavlgiglgvrmvvaflavlgtnlnmkerlfvpvawlpkatvqaaigalaldwasengteeqkdyatqililavlsilltapagavlvtllgprllhyshsadrihretemifedpekpdqkpvtsdvepvtsdhvdtqsggvtsehqtkgdcggekgkpavvsrdvepinvetskqggtddseadneqdntdkrtsitkl,False,1290776,863.0,,PacBioSequel;,Batillaria attramentaria
0,OEROSLIN_1.1,False,120.0,NW_026039113,PRJNA852268,XP_048761059.1,557,mtelkdmnnpdqgnggaypsppeveeedklnisieegqptsrkcaalrscihscckpintkyhpltenpgkferfryalmcpphgnlamyiqffvlcvmtwailiaitkdqalpggnffslvilftaavaggyvfslfrlppllgmlivggmlsnipvlktvglglnlewsgalrkialtviliraglgldpvalkklsftvlrlafapclteclveavaahfllglpwewgfmlgfilaavspavvvpsllnlsdrgygldkgiptlviaaasvddvlaitgfgvvlgiaftqgdlaltivkgpleallgiafgcvfgvflwyfpskngtskmfyrslllfaaglmatfgsdivhlpgagplgcltlafvaafrwrkereegqpdtiaevvgilwmlfqpmlfgligaavnfdnidlsalglgvavlaiglgvrivvsfcvvfgsglsikeqifvaiawfpkatvqaaigglaldaaiklgdphlinlgtsvltiavlsiiitapigalaiavsgprllnkidlktgkvvsknsedpekssmlnngnnenveeslq,False,False,0.0,False,OxfordNanoporePromethION;,Ostrea edulis
0,False,False,100.0,NW_022748202.1,PRJNA615663,XP_033121742.1,571,maarsatnrqsqnmdsneistiqcaenpmfcessyngkaengkqnrccdncarscntafrpwmskyyqprrnptlterlkysltcpphglvsklllyilllgvgwgvlwvitgdealpggnlfglfilvvfsqlcgsliqliklpellgmlivgfllgnvpainfaedihpewssslrsmalvviliraglgldaaalrqlscvcirlccmpcvaeattvaiaanlllgfpwvwgfmmgfvlgavtpavivptllslqergfgvskgiptlviaaascddvvaisafgvllgsafstgnlmynifrgplelligisvgvlsgillwyipdqsqvnfshkrfillfctglfyvfgsnlaelpgsgalgcltmafvaghgwkqnkepierlmeimwilfqpllfgligaevklsyldpssiglgmavvligltmrilvsilavsgagltnkekvfvaiawlpkatvqaaigsvaldtarerdagehledlgrqiltiavlvilitapigailimltgpkllqtnqplnsikefvevapeerglasedvirngevcgveegqmdktdnysqtvv,False,False,0.0,False,IlluminaHiSeq;,Anneissia japonica
0,Gae_host_genome,False,100.0,NC_054706.1,PRJNA727593,XP_041363760.1,580,mdntehsdlhlqeirecdesvtkngkdegtlcksnsfsnrevtfqaedevpkrkkpercvwcrlccgrctspllttrnplpsnpsccdrfkfallcpphgrvggflfllilfftlwgflvavtdknalpggnlfsllvlfftcwfggylisfirlppllgmlivggllnnvphisiakdidhtwsagarqialtviliraglgldpkalrrlsfvvvrlafspclvetvtdgiaahlllgfpwewgfmlgfviaavspavvvpsllglqergygvekgvptlviaaasiddvlaitgfgvlmgitfskgnlvwtlfkgpleaivgviygilmgivlwyvphksskhlvlfrstlllglgllaiflsiylewsgagplgclslafvaalkwrkevhpddknpienvvgvlwmifqpllfgligaavnisdidtntialglatlgiglgirmlvsfcalfcsslnmrerifiaiawlpkatvqaaigalaldqamsrnksgmknddeikygkqvltiavlsilitapigstaiaflgprllkhrlqstqmtvevdandkqqlhdtngeeslplnnqeehplt,False,False,0.0,False,2020/12/17.Theoriginalwhole-genomeshotgunprojecthastheaccessionJAEHGF000000000.1.;##Genome-Assembly-Data-START##;AssemblyMethod::wtdbg2v.2.1;3D-DNAv.1;IlluminaNovaSeq;PacBioSequel;Hi-C;,Gigantopelta aegis
0,False,False,60.0,NC_037590.1,PRJNA472795,XP_025095652.1,542,mnskiengeipevefevqeepveedltkcrkchtscleccrpvlahhhplsdnpsllqrlhfaflcpphgrigacffvvlvgalwwgvlwsltgddalpggnffsllppfffllvwripcqlgeataplgmlivggilgnvpgidiakdinqswgsgarqialtviliraglgldpkalrrlsfavlrlafspclsetvaigvaaylildfpwpwgfmlgfvisavspavvvpsllslsergygidkgiptlviaaaslddvlaitgfgvllgisfstgdiawnickgpleavigivygmlggiilwyipqkksrhlllfrsamllgggmlavfgskmvdwagagplgcltisfvaalrwrsevpkgkrnpvegvtgvlwmifqpllfgligaqvniaslepetvgkgigvltiglvvrmvvsflavfgtnlnlkerlfipiawlpkatvqaaigslaldtardnnktdliplgeqvlmmavlailiaapigavvialggprmlkhcphtvsfdieksflegdrvkgltvndgtnstllpqk,False,False,0.0,False,IlluminaHiSeq;PacBio;,Pomacea canaliculata
0,ASM307304v1,Chromosome,60.1,False,PRJNA427478,PVD38526.1,624,mnskiengeipevefevqeepveedltkcrkchtscleccrpvlahhhplsdnpsllqrlhfaflcpphgrigacffvvlvgalwwgvlwsltgddalpggnffsllppfffllvwripcqlgeataplgmlivggilgnvpgidiakdinqswgsgarqialtviliraglgldpkalrrlsfavlrlafspclsetvaigvaaylildfpwpwgfmlgfvisavspavvvpsllslsergygidkgiptlviaaaslddvlaitgfgvllgisfstgdiawnickgpleavigivygmlggiilwyipqkksrhlllfrsamllgggmlavfgskmvdwagagplgcltisfvaalrwrsevpkgkrnpvegvtgvlwmifqpllfgligaqvniaslepetvgkgigvltiglvvrmvvsflavfgtnlnlkerlfipiawlpkatvqaaigslaldtardnnktdliplgeqvlmmavlailiaapigavvialggprmlkhcphtvsfdieksflegdriltlavlsilmtaplgavlivitgkrllnqtpdfdpqqrksiitmafdqdsllslqelnnstwltrtgeendvsqpmidssktteekengnalqdltark,False,31531291,24.0,,IlluminaHiSeq;PacBio;,Pomacea canaliculata
0,PNRI_Mar_3.4.6.p1,False,98.0,NC_069133,PRJNA918361,XP_052773686.1,544,msednpeqnhtadgaeepggkgngppakccmalrqclhsctrpcttrynplphepsipqmisyslrcpphgklakylmfvlmfgvswavlisltgpqglpggnffslvilfffcviggylvtfirlppllgmlivgcllrnvpkidivgnnldsgwssalrqialtviliraglgldpaalrklsfavvrlafspclmecvaeavaahfllglpwiwcfmlgfvlaavspavvvpsllnlsdrgyginkgiptlviaaasiddvlaitgfgvclgiafsegdlalsilkgpleaivgvlygilggliiwyipnrasrhvilyrtfllfglglmstfgsskmefpgagplgcltlafvagfrwkkedwssnggkepmtqivailwmifqpllfgligsavdiskidagsvgkgigvlgigmvirlivsffsvfgtdlnlkerlfipfawlpkatvqaaigalamdkamemgdsegvaygkeiltlavlsivitapigaaiiaitgpillhhtereqsleyvaeeveegtdneekgtllqdqtdiv,False,False,0.0,False,PacBio;ProximoHi-C;10xChromium;,Mya arenaria
0,PNRI_Mar_3.4.6.p1,False,98.0,NC_069133,PRJNA918361,XP_052773686.1,544,msednpeqnhtadgaeepggkgngppakccmalrqclhsctrpcttrynplphepsipqmisyslrcpphgklakylmfvlmfgvswavlisltgpqglpggnffslvilfffcviggylvtfirlppllgmlivgcllrnvpkidivgnnldsgwssalrqialtviliraglgldpaalrklsfavvrlafspclmecvaeavaahfllglpwiwcfmlgfvlaavspavvvpsllnlsdrgyginkgiptlviaaasiddvlaitgfgvclgiafsegdlalsilkgpleaivgvlygilggliiwyipnrasrhvilyrtfllfglglmstfgsskmefpgagplgcltlafvagfrwkkedwssnggkepmtqivailwmifqpllfgligsavdiskidagsvgkgigvlgigmvirlivsffsvfgtdlnlkerlfipfawlpkatvqaaigalamdkamemgdsegvaygkeiltlavlsivitapigaaiiaitgpillhhtereqsleyvaeeveegtdneekgtllqdqtdiv,False,False,0.0,False,PacBio;ProximoHi-C;10xChromium;,Mya arenaria
0,False,False,76.0,NC_069120,PRJNA913910,XP_052685804.1,562,mtamtelkemnhgqdpgnigvypsppeveekeennlevsieeeepsspkcaavgvcfhncskpvstkyhplsedpgklerlryafmcpphgnlamyiqffvlcavtwvvlialtkdqalpggnifslvilftaavaggyifslcrlppllgmllvggmlsnipviktvgqgldlqwsgalrkialtviliraglgldpvalrklsfsvlrlafapclvecltvgvashflmglpwvwgfllgfvlaavspavvvpsllslsdrgygldkgiptlviaaasvddvlaitgfgvvlgiaftqgdvaltivkgpleallgvafgcvvgvflwyfpskngpsrmfyrslllfsagmmatfgsdvvhlpgagplgcltlafvaafrwrkerkdgqpdtiaevvgimwmlfqpllfgligaavnfdnikdlnslglgiavlaiglfvriivsfcvvfgsgltikeqifvalawfpkatvqaaigglaldaaiklgnaemiewgtsvlttavlsiiitapigalaiaisgplllnridpktgllvskdndnpeeasmlnkentepteet,False,False,0.0,False,PacBioSequel;,Crassostrea angulata
0,False,False,76.0,NC_069120,PRJNA913910,XP_052685803.1,587,mfnynvcniqasdnltdrkkvsefhmtamtelkemnhgqdpgnigvypsppeveekeennlevsieeeepsspkcaavgvcfhncskpvstkyhplsedpgklerlryafmcpphgnlamyiqffvlcavtwvvlialtkdqalpggnifslvilftaavaggyifslcrlppllgmllvggmlsnipviktvgqgldlqwsgalrkialtviliraglgldpvalrklsfsvlrlafapclvecltvgvashflmglpwvwgfllgfvlaavspavvvpsllslsdrgygldkgiptlviaaasvddvlaitgfgvvlgiaftqgdvaltivkgpleallgvafgcvvgvflwyfpskngpsrmfyrslllfsagmmatfgsdvvhlpgagplgcltlafvaafrwrkerkdgqpdtiaevvgimwmlfqpllfgligaavnfdnikdlnslglgiavlaiglfvriivsfcvvfgsgltikeqifvalawfpkatvqaaigglaldaaiklgnaemiewgtsvlttavlsiiitapigalaiaisgplllnridpktgllvskdndnpeeasmlnkentepteet,False,False,0.0,False,PacBioSequel;,Crassostrea angulata
0,Ppol_2,False,160.0,NW_023596805.1,PRJNA624368,XP_037084502.1,587,madptatyvfpaldleppmqqqqqqqprsaeqstsseekqsrssehgslngtdlatrgsgskpptisddigdqdvflaeplelqspeptgrchrcsrpllrstykplpaapvwrrllygctcppwgrleqllvavlvtlalwalavsladkealpggqifgvlcvvvlslaagwlverlrlppllgmlimgivlanvpglsgvatavkestssllrnvalmviltraglgldagalrrlslvvvrlaftpclsetltvgiaahlllgmpwiwsfmlgfvlaavspavvvpcllalqeqgygvakgvptlvmaaasiddvlaisgfgvlfgicfsqgaltdkllsgplevllglsygvslgvllwflpgadnrqlpllrlvlitclgllalfgsqavgcsgagalgaltlsfvaghgwrqrgwtgdtnpvseaygilwfvfqpilfgligaeirvdalkadtvgfglltlaigltvriivsffvvmgggltvkerlfvavawlpkatvqaaigpvaldyarlhaptpenialgeqvvaiavlvilvtapigaaaimlsaprllvrgsqvapgsqdqtkgkvangdnta,False,False,0.0,False,PacBioRS;IlluminaNextSeq;,Pollicipes pollicipes
0,Ppol_2,False,160.0,NW_023596805.1,PRJNA624368,XP_037084502.1,587,madptatyvfpaldleppmqqqqqqqprsaeqstsseekqsrssehgslngtdlatrgsgskpptisddigdqdvflaeplelqspeptgrchrcsrpllrstykplpaapvwrrllygctcppwgrleqllvavlvtlalwalavsladkealpggqifgvlcvvvlslaagwlverlrlppllgmlimgivlanvpglsgvatavkestssllrnvalmviltraglgldagalrrlslvvvrlaftpclsetltvgiaahlllgmpwiwsfmlgfvlaavspavvvpcllalqeqgygvakgvptlvmaaasiddvlaisgfgvlfgicfsqgaltdkllsgplevllglsygvslgvllwflpgadnrqlpllrlvlitclgllalfgsqavgcsgagalgaltlsfvaghgwrqrgwtgdtnpvseaygilwfvfqpilfgligaeirvdalkadtvgfglltlaigltvriivsffvvmgggltvkerlfvavawlpkatvqaaigpvaldyarlhaptpenialgeqvvaiavlvilvtapigaaaimlsaprllvrgsqvapgsqdqtkgkvangdnta,False,False,0.0,False,PacBioRS;IlluminaNextSeq;,Pollicipes pollicipes
0,PoB_v1,Scaffold,250,False,PRJDB3267,GFN98310.1,542,mssekvememidggdatdqgcchrtrmschscvrpclaeshplppnasccrrlldnllcpphsragavlfivifsvvawttllavtgdsalpggnlfslavlfvacwcagyiiglirlppllgmliiggvlgnaphinfandihpswssgcrqialtiiliraglgldpkalrrlsfvvlrlaflpclvetlvggischlilgfpwpwgfmlgfiiaavspavvvpsllglsergygldkgiptlviaaasvddvlaitgfgvllgisfssgnilwtlakgplealvgivagivggfilwyipqrtskhqllfrsslllcmglmfifgsqkidwagagplaaltlpfvaalrwraeceegaknpvedvvgvlwmvfqpllfgligaevkiesldgnivglgvavlgigltfraavsylavmgtdlnfkerlfipiawlpkatvqaaigavaldrakdvgdedliklgeqvlmlavlvilitapigaigialagprllkrqpqrqtieevskrnsaenlengekepeteqdglihrgskeqel,33902812,1453842,8647.0,,Illumina;,Plakobranchus ocellatus
0,LinAna2.0,False,226.0,NW_019774314.1,PRJNA293030,XP_013396747.1,624,mdnsvikflqdaqldhkvkffddlgvwvlndmklvkadehlrdfskkekqhfekalqklektkegvktdekatlcsgqkageegevftvngqsrtkhheaeedreapasrgccarlsascartcrpcsakhnplppgasrgdklkhaflcpphglvakmavlvtsavmlwaclwavtgkealpggnffsilvllicctiggyvsqlcrlpplfgmlvigfclrnipyidiakhiqpawasslrsaalvvllvragigldpvalkrlscvvirfaaipcfveaaavavpshwllnfgwdwcfmlafvlaavspavvvpsmlhvqeerlgldkgiptlaiaacsinaviaisafgvflgiafstgelaltivrgpleallgvvygivlgvllwyvphrhsksivffrtflvfggslfayfgskaaklsgagalgslaiafvaaqgwrrqgwsndknpvgavmakfwiifqpllfglmgaevkvedlqggnigmglavlfiglflrlvvsfftvfgtdlnmkekifmaiswfpkasvqaaigpvaydtakaynagpevlalgkqiltiaalsilitaplgaaaialtaprflkkipkeeenidkdnmdfeaqgdneskyqegesskl,False,False,0.0,False,University(OIST)on2018/01/26.Theoriginalwhole-genomeshotgunprojecthastheaccessionLFEI00000000.2.;##Genome-Assembly-Data-START##;University(OIST);454;IlluminaMiSeq;IlluminaHiSeq;PacBio;,Lingula anatina
0,LinAna2.0,False,226.0,NW_019774314.1,PRJNA293030,XP_013396747.1,624,mdnsvikflqdaqldhkvkffddlgvwvlndmklvkadehlrdfskkekqhfekalqklektkegvktdekatlcsgqkageegevftvngqsrtkhheaeedreapasrgccarlsascartcrpcsakhnplppgasrgdklkhaflcpphglvakmavlvtsavmlwaclwavtgkealpggnffsilvllicctiggyvsqlcrlpplfgmlvigfclrnipyidiakhiqpawasslrsaalvvllvragigldpvalkrlscvvirfaaipcfveaaavavpshwllnfgwdwcfmlafvlaavspavvvpsmlhvqeerlgldkgiptlaiaacsinaviaisafgvflgiafstgelaltivrgpleallgvvygivlgvllwyvphrhsksivffrtflvfggslfayfgskaaklsgagalgslaiafvaaqgwrrqgwsndknpvgavmakfwiifqpllfglmgaevkvedlqggnigmglavlfiglflrlvvsfftvfgtdlnmkekifmaiswfpkasvqaaigpvaydtakaynagpevlalgkqiltiaalsilitaplgaaaialtaprflkkipkeeenidkdnmdfeaqgdneskyqegesskl,False,False,0.0,False,University(OIST)on2018/01/26.Theoriginalwhole-genomeshotgunprojecthastheaccessionLFEI00000000.2.;##Genome-Assembly-Data-START##;University(OIST);454;IlluminaMiSeq;IlluminaHiSeq;PacBio;,Lingula anatina
0,LinAna2.0,False,226.0,NW_019774947.1,PRJNA293030,XP_013407370.1,624,mdnsvikflqdaqldhkvkffddlgvwvlndmklvkvdehlrdfskkekqhfekalqklektkegvktdekatlcsgqklgeegevftvngqsrtkhheaeedreapasrgccaslsascartcrpcsakhnplppgasrgdklkhaflcpphglvakmavlvtsavmlwaclwavtgkealpggnffsilvllicctiggyvsqlcrlpplfgmlvigfclrnipyidiakhiqpawasslrsaalvvllvragigldpvalkrlscvvirfaaipcfveaaavavpshwllnfgwdwcfmlafvlaavspavvvpsmlhvqeerlgldkgiptlaiaacsinaviaisafgvflgiafstgelaltivrgpleallgvvygivlgvllwyvphrhsksivffrtflvfggslfayfgskaaklsgagalgslaiafvaaqgwrrqgwsndknpvgavmakfwiifqpllfglmgaevkvedlqggnigmglavlfiglflrlvvsfftvfgtdlnmkekifmaiswfpkasvqaaigpvaydtakaynagpevlalgkqiltiaalsilitaplgaaaialtaprflkkipkeeenidkdnmdfeaqgdneskyqegesskl,False,False,0.0,False,University(OIST)on2018/01/26.Theoriginalwhole-genomeshotgunprojecthastheaccessionLFEI00000000.2.;##Genome-Assembly-Data-START##;University(OIST);454;IlluminaMiSeq;IlluminaHiSeq;PacBio;,Lingula anatina
0,LinAna2.0,False,226.0,NW_019774947.1,PRJNA293030,XP_013407370.1,624,mdnsvikflqdaqldhkvkffddlgvwvlndmklvkvdehlrdfskkekqhfekalqklektkegvktdekatlcsgqklgeegevftvngqsrtkhheaeedreapasrgccaslsascartcrpcsakhnplppgasrgdklkhaflcpphglvakmavlvtsavmlwaclwavtgkealpggnffsilvllicctiggyvsqlcrlpplfgmlvigfclrnipyidiakhiqpawasslrsaalvvllvragigldpvalkrlscvvirfaaipcfveaaavavpshwllnfgwdwcfmlafvlaavspavvvpsmlhvqeerlgldkgiptlaiaacsinaviaisafgvflgiafstgelaltivrgpleallgvvygivlgvllwyvphrhsksivffrtflvfggslfayfgskaaklsgagalgslaiafvaaqgwrrqgwsndknpvgavmakfwiifqpllfglmgaevkvedlqggnigmglavlfiglflrlvvsfftvfgtdlnmkekifmaiswfpkasvqaaigpvaydtakaynagpevlalgkqiltiaalsilitaplgaaaialtaprflkkipkeeenidkdnmdfeaqgdneskyqegesskl,False,False,0.0,False,University(OIST)on2018/01/26.Theoriginalwhole-genomeshotgunprojecthastheaccessionLFEI00000000.2.;##Genome-Assembly-Data-START##;University(OIST);454;IlluminaMiSeq;IlluminaHiSeq;PacBio;,Lingula anatina
0,SNU_Nstr_1.0,Scaffold,140,False,PRJNA595812,KAG1694105.1,990,mmicqisvlrnlnisstksystcnaflskmelmsnlfiqpdttlfikgsssvdqnsqvkmpqsmksrsqkllsdygiikksdaagqfhflpiglrvlkklmrviddemdhigaqkilmptmtstallkksgrlekygqdiflikdrhnkdlclgptfeeavtsmvssmnvsakmlplklyqisrkyrdeerpcfgllrgrefymkdlytfdvssedaiktyesvcnayeaifkkleiehikadgdpgniggqyshefhiiadigqdtvkicsscklginlevtekedehlcsncgnafvqhkcievghtfllsdsyskvfganlkskplqmgcygigvtrllaaavevlstennirwpkaispyqiciippkrgskeeaakdmaghlyqilsssypedviiddrddmtigqrllyakrlgfpyvlicgkhvlkstpriefidiygdktdlfthsellnklvqmkgskmgecdeksnknivgeemkplnpdndeqtdvissntipitgaleevkfsekcrsrqskmkclccqhdsgsvnnfnfvieklylceimcvillwmslysiigcqllpeghlfalfilivcciiggnlisllhfppllgmllvgfllrnvphinvaanlnpqwasalrsialvviliraglgldpqalkqlslvclrlaftpclvetivvavsshlvlglpwlwgfmlgfvlsavspavvvpsmisiqekglgcakgiptliiaaasvddvlaisgfgivlgitftegslgwtiakgpievliglaygiflgvtlwvipyrskenkyiyrflllstggtvavfgsriasfggagalgclilsfvaavgwkkedinesdqvahifanlwyffqpilfgligaeitvdnldastvgygiavlsiglffriiasffvvlgagltikerlfialawlpkatvqaaigpvaldlaraqadkelehyglqvltisvlvilitapigaaaialsapklltpqreasndeeksv,False,701800,1638.0,,PacBioSequel;,Nymphon striatum
0,SNU_Nstr_1.0,Scaffold,140,False,PRJNA595812,KAG1694104.1,997,mmicqisvlrnlnisstksystcnaflskmelmsnlfiqpdttlfikgsssvdqnsqvkmpqsmksrsqkllsdygiikksdaagqfhflpiglrvlkklmrviddemdhigaqkilmptmtstallkksgrlekygqdiflikdrhnkdlclgptfeeavtsmvssmnvsakmlplklyqisrkyrdeerpcfgllrgrefymkdlytfdvssedaiktyesvcnayeaifkkleiehikadgdpgniggqyshefhiiadigqdtvkicsscklginlevtekedehlcsncgnafvqhkcievghtfllsdsyskvfganlkskplqmgcygigvtrllaaavevlstennirwpkaispyqiciippkrgskeeaakdmaghlyqilsssypedviiddrddmtigqrllyakrlgfpyvlicgkhvlkstpriefidiygdktdlfthsellnklvqmkgskmgecdeksnknivgeemkplnpdndeqtdvissntipitgaleevkfsekcrsrqskmkclccqhdsgsvnnfnfvieklylceimcvillwmslysiigcqllpeghlfalfilivcciiggnlisllhfppllgnfflyfsmllvgfllrnvphinvaanlnpqwasalrsialvviliraglgldpqalkqlslvclrlaftpclvetivvavsshlvlglpwlwgfmlgfvlsavspavvvpsmisiqekglgcakgiptliiaaasvddvlaisgfgivlgitftegslgwtiakgpievliglaygiflgvtlwvipyrskenkyiyrflllstggtvavfgsriasfggagalgclilsfvaavgwkkedinesdqvahifanlwyffqpilfgligaeitvdnldastvgygiavlsiglffriiasffvvlgagltikerlfialawlpkatvqaaigpvaldlaraqadkelehyglqvltisvlvilitapigaaaialsapklltpqreasndeeksv,False,701800,1638.0,,PacBioSequel;,Nymphon striatum
0,False,False,58.0,NW_019091200.1,PRJNA397071,XP_021956973.1,535,mesgedlvesngaivdtqqasssskwfttlldwrphprlqsvlsrvflplftyatlqlislslvttspttyhstspvvillflglgmgelfdtvklppllgmlvtglllrnvdfftsggewlgldvdvthiapqistllrqialvviliraglgldpaallrlkgvvirlafcpclaeavtvavashfvlgfpwlwglilgfvlaavspavvvpcllslrergyglakgiptiviaassvddilaisafglvlglnfaaspnfwelilqgplelgaglgfgifwgsllgsifsnkdspgensalvtrtlltlsggitallafqkfhlpgsgplgclvatfvaaifwrrkgvlgdtsslnqvfsllwyvfqpllfgligteielrklepavamlgtlvlliglivrvgvtyltvanadlnvkerlfvalawipkatvqaaigplaldmarsspnpdpdqeelglkvltiavlvilltapfgsmaitllgpklltssgdkenavrkkmmgdvesngtddttnnkngdetngqhkrns,False,False,0.0,False,PacBio;,Folsomia candida
0,SNU_Nstr_1.0,Scaffold,140,False,PRJNA595812,KAG1663789.1,556,mkirlqvdkvqmkeskmgecdeksnknivgeemkplnpdndeqtdvissntipitgaleevkfsekcrsrqskmkclccqhdsgsvnnfnfvieklylceimcvillwmslysiigcqllpeghlfalfilivcciiggnlisllhfppllgnfflyfsmlvvgfllrnvphinvaanlnpqwasalrsialvviliraglgldpqalkqlslvclrlaftpclvetivvavsshlvlglpwlwgfmlgfvlsavspavvvpsmisiqekglgcakgiptliiaaasvddvlaisgfgivlgitftegslgwtiakgpievliglaygiflgvtlwvipyrskenkyiyrflllstggtvavfgsriasfggagalgclilsfvaavgwkkedinesvclnpydnassglahifanlwyffqpilfgligaeitvdnldastvgygiavlsiglffriiasffvvlgagltmkerlfialawlpkatvqaaigpvaldlaraqadkelehyglqvltisvlvilitapigaaaialsapklltpqreasndeeksv,False,701800,1638.0,,PacBioSequel;,Nymphon striatum
0,C_virginica-3.0,False,87.0,NC_035781.1,PRJNA379157,XP_022314757.1,563,mtelkdmnsehdqgnggpypsppeaeekgeegslkvsieeeepsspkcxalrscfhscskpvrtkyhplsenpgklerfrfafmcpphgnlamyiqffvlcamtwavfialtkdqaxpggnvfslvilftaavaggyifslcrlppllgmlivggmlsnipviktvgqgldlqwsgalrkialtviliraglgldpvalrklsftvlrlafapclmeclaegvaahfllglpwewgfmlgfvlaavspavvvpsllnlsdrgygldkgiptlviaaasvddvlaitgfgvvlgiaftqgdlaltivkgpleallgvafgclvgvflwyfpaknqpnrmfyrslllfsaglmatfgsdavhlpgagplgcltlafvaafrwrkerveggkddiaemvgilwmlfqpllfgligaavnfdnikdlnslglgiavlaiglvvriivsfcvvfgsgltikeqifvalawfpkatvqaaigglaldaaikxnnpemiewgtsvlttavlsiiitapigalaiaisgplllnridpktgnwwlkvvkdnensekasmlaakennelkel,False,False,0.0,False,PacBio_RSII;,Crassostrea virginica
0,Btru.v1,Scaffold,100,False,PRJNA680620,KAH9519772.1,431,mpggnlfalfvlfvacwtggyvmrlirlppllgmliaggilgnvpyiniakdidqtwlftlrqialtviltraglgldpkalkrlsfvvlrlaflpcltetvvdgiashlilglpwqwgfmlgfviaavspavivpsllnlserrfgidkgiptlviaaasvddilaitgfgvllgitfstgdivwtlskgpleviigvvygvvggivlwyipqkssklllffrtvllmtfglmavfgsiklhwagagplaaltvpfvaairwrselkenekvpienvfgvmwmifqpflfgligsevdvlqldidvvglgiavlaigltariivsflsvfftnlsykerlfvavawlpkatvqaaigtvaydlarknsdataeglgkqvlnlavlsilvtaplgsilisllgpkllhetpyptleieaplkdsaveeske,False,4956851,523.0,,HiCandOxfordNanopore;IlluminaNovaSeq;,Bulinus truncatus
0,CUNI_anot_genome.v2,Scaffold,146,False,PRJEB41346,CAG5128447.1,565,mdprqtterdfdhqevngthssllhigiiasareeeesrvcsrlkicfqsctrpclakshplpynagccrkfwdnflcpphsrmaavifiicfsasawtalysmtdkealpggnlfsllvlfvacwcggylvglvrlppllgmllvggalgnvpyiavakdidpswssslrqialtiiltraglgldpqalrrlsfvvlrlaflpclaetlvdgiachlilgfpwpwafmlgfviaavspavvvpsllglsdrgfgidkgiptliiaaasvddvlaitgfgvllgisfssgnivwtlfkgplealagvacgvvggilmwyipqrssknhllfrstllmvlslmflfgsnklnwagagplasltlpfiaalrwraelksgeqnpvddvvgvlwmmfqpllfgligaevdvtsldgslvgfgiavlgiglffrgivsflsvfgtnltlreklfipfawlpkatvqaaigavaldtamakgdedlislgkqilnlavlsiiltaplgslliailgplllnksatfrdstvlvpgyddcvddqelgnrvmqdknnlenieernrasshh,False,398520,8586.0,,False,Candidula unifasciata
0,False,False,110.0,NC_066552,PRJNA883401,XP_050686079.1,545,mensalqfsetgnasqdggaqcdgetqetftpvlldscsvedpggprkevgrcqalcatclrpftrslyllpdnptlrqkfrysllcpphgrvgkwltglliislvfgslvsllgesalpgsnifslfvlfvlaeaagravvplrlppllgmlvvgillksvpgldvigknidqewsaalrnlalviillraglgldpaalrqlsfmvvrlafspcvvetlvvavvthlvlgfpwlwglmlgfvlgavtpavivpcmlvlsqkgygvekgiptlviaassiddvlaisgfgvlmgitfaegelwvvilkgpfevvvgvlyglvlgalswvlpvpsenntdvlrfslllaagvvslfgsqmihlggsgalgclvmafvagfgwrrqgmteenhvdqmlekawiffqpflfaligaeiqvdklegstigyglltlfvslvfrmltsflvvmggqlnlrerlfvalawlpkatvqaaigsqaldyarktnagpeeeklgeqvltiavlsilvtapvgaaaimltaprllskpdqdkekavgtaqetle,False,False,0.0,False,OxfordNanoporePromethION;IlluminaHiSeq;,Eriocheir sinensis
0,False,False,110.0,NC_066552,PRJNA883401,XP_050686079.1,545,mensalqfsetgnasqdggaqcdgetqetftpvlldscsvedpggprkevgrcqalcatclrpftrslyllpdnptlrqkfrysllcpphgrvgkwltglliislvfgslvsllgesalpgsnifslfvlfvlaeaagravvplrlppllgmlvvgillksvpgldvigknidqewsaalrnlalviillraglgldpaalrqlsfmvvrlafspcvvetlvvavvthlvlgfpwlwglmlgfvlgavtpavivpcmlvlsqkgygvekgiptlviaassiddvlaisgfgvlmgitfaegelwvvilkgpfevvvgvlyglvlgalswvlpvpsenntdvlrfslllaagvvslfgsqmihlggsgalgclvmafvagfgwrrqgmteenhvdqmlekawiffqpflfaligaeiqvdklegstigyglltlfvslvfrmltsflvvmggqlnlrerlfvalawlpkatvqaaigsqaldyarktnagpeeeklgeqvltiavlsilvtapvgaaaimltaprllskpdqdkekavgtaqetle,False,False,0.0,False,OxfordNanoporePromethION;IlluminaHiSeq;,Eriocheir sinensis
0,Lvar_3.0,False,130.0,NC_054757.1,PRJNA729485,XP_041485544.1,593,mpetinpwsnrhpspaqacnedglsphdvlvsqqrtlefdavgsnpgdqlrgkesgdakqeksegcparcsscclqlcrpclvdfhplpseptrcqrfryflmcpphgdlarwltilllvvltwvvlwavtgsealpggnlfalfilvvackagglaieviklpallgmlivgfmlrnipvinvasdihpswssslrdmalviillqagigldasalkrlsmvcvrlccmpciaeactaaivshfllgfpwpwgfmlgfvlgavtpavivpsllglqargygvrqgiptlviaaascddvlaigafgvilgiafakgdiiysifrgplelimgvtfgclaglllwyipdqnqtwlskkrfillvyggifavfgsgaahypgagalgcltmafiaghrwkegkeavdkllsylwllfepllfgligaevsisyldpatvglgfatliiglcvrmivsalavtragltwkeklfislawlpkatvqaaigsvaldtardrgneeeleiygiqlltvavlsilftaplgavlisltgprllrcapptqanptrdipeaeeetqpryeptrggscreepprennvlleqgavgensv,False,False,0.0,False,PacBioSequel;BGISEQ500;,Lytechinus variegatus
0,Lvar_3.0,False,130.0,NC_054757.1,PRJNA729485,XP_041485543.1,604,mpnikvfeeykmpetinpwsnrhpspaqacnedglsphdvlvsqqrtlefdavgsnpgdqlrgkesgdakqeksegcparcsscclqlcrpclvdfhplpseptrcqrfryflmcpphgdlarwltilllvvltwvvlwavtgsealpggnlfalfilvvackagglaieviklpallgmlivgfmlrnipvinvasdihpswssslrdmalviillqagigldasalkrlsmvcvrlccmpciaeactaaivshfllgfpwpwgfmlgfvlgavtpavivpsllglqargygvrqgiptlviaaascddvlaigafgvilgiafakgdiiysifrgplelimgvtfgclaglllwyipdqnqtwlskkrfillvyggifavfgsgaahypgagalgcltmafiaghrwkegkeavdkllsylwllfepllfgligaevsisyldpatvglgfatliiglcvrmivsalavtragltwkeklfislawlpkatvqaaigsvaldtardrgneeeleiygiqlltvavlsilftaplgavlisltgprllrcapptqanptrdipeaeeetqpryeptrggscreepprennvlleqgavgensv,False,False,0.0,False,PacBioSequel;BGISEQ500;,Lytechinus variegatus
0,Spur_5.0,False,123.0,NW_022145595.1,PRJNA13728,XP_030835794.1,600,mssgmpetinpwssrqpppsraqvcnedglspqdvlmsqqgtlefdavgtgsnhgdelrskdsgdavqkeksggcsarcssccftlckpclvehhplpaqpthcqrfryllmcpphgalsrwltilllivltwvvlwavtgsealpggnlfalfilvvsckagglaieviklpallgmlvvgfmlrnipvinvaedisptwssslrdmalviillqagigldasalkrlsmvcvrlccmpciaeactaavvshfllgfpwawgfmlgfvlgavtpavivpsllslqargygvrqgiptlviaaascddvlaigafgvilgiafakgdiiysifrgplelvmgvsfgcaagfllwyipdpnqiwlpkkrfilllyggifavfgsgaaqypgagalgcltmafiaghrwkerkegvntllsylwllfepllfgligaevsisyldpatvglgfatliiglcvrmvvsalavtgagltwkeklfislawlpkatvqaaigsvaldtardrgseeeleiygiqlltvavlsilftaplgaivisltgprllrcappnqtsshrdvpevaetqpryeptrggscreglsvnnvlleqtrvaensv,False,False,0.0,False,PacBioSequel;,Strongylocentrotus purpuratus
0,Spur_5.0,False,123.0,NW_022145595.1,PRJNA13728,XP_030835794.1,600,mssgmpetinpwssrqpppsraqvcnedglspqdvlmsqqgtlefdavgtgsnhgdelrskdsgdavqkeksggcsarcssccftlckpclvehhplpaqpthcqrfryllmcpphgalsrwltilllivltwvvlwavtgsealpggnlfalfilvvsckagglaieviklpallgmlvvgfmlrnipvinvaedisptwssslrdmalviillqagigldasalkrlsmvcvrlccmpciaeactaavvshfllgfpwawgfmlgfvlgavtpavivpsllslqargygvrqgiptlviaaascddvlaigafgvilgiafakgdiiysifrgplelvmgvsfgcaagfllwyipdpnqiwlpkkrfilllyggifavfgsgaaqypgagalgcltmafiaghrwkerkegvntllsylwllfepllfgligaevsisyldpatvglgfatliiglcvrmvvsalavtgagltwkeklfislawlpkatvqaaigsvaldtardrgseeeleiygiqlltvavlsilftaplgaivisltgprllrcappnqtsshrdvpevaetqpryeptrggscreglsvnnvlleqtrvaensv,False,False,0.0,False,PacBioSequel;,Strongylocentrotus purpuratus
0,C_virginica-3.0,False,87.0,NC_035781.1,PRJNA379157,XP_022313894.1,501,mafqklcspkiqrlvamvtqflvlmlmiwatalsitdkaalpgghxfsllilftgaviggdvfsrihlppllgmvtvgfalsnlpvirvighaispewsgtlrrmaltviliraglgldpvalrklsatvsrlaflpcmletltcavvshflidlpwvwsfllgfvlsaispavvvpsllnlaergygldkgiptlviaaasiddvvaisgfgialgiafsqgdlvwtiakgplealvgiaygcilgyxlwfipakdssnlifframllftggllatfgsayidlagagplgclvlpfvsgirfrkknnpeqtalmteavglmwmifqpilfgligaavrieqsktprfkitksfyflgfgvaiiaaglvvrcsmafiavcrsglnlkeqifvslawipkatvqaaigglaldqaikdeneelkslglivltiavlsiivtapigalaiaisgprflkstgtesisstkdqdtvqenlsdavegeeeksalpensdfvthi,False,False,0.0,False,PacBio_RSII;,Crassostrea virginica
0,MEDL1,Scaffold,152,False,PRJEB38403,CAG2239237.1,450,mlketdttdnmngvileedneeteqesarkchgflggylisfiklppllgmllvgallrnvpvidvvgnhldpnwsgalrqialtviliraglgldpvalrklsftvvrlacspclveciaeaiashfllglpwewafmlgfvlsavspavvvpsllnlsdrgyginkgiptlviaaasiddvlaitgfgvvlgmafstgdiavsiikgpaeallgvaygviggivlwyipakgdnfifyrgmtllgagllatfgsaaielsgagplgvltiafvaafrwrkekkdndqdpikdivailwmlfqpilfgligaevqiskidgqtvglgmatlsigmvvrlvvsflavfksglnfkemlfipfawfpkatvqaaiggvaldaarrkgdatleaygeiiltmavlsiiitapigaiaiaitgprllkrtvkdkeydeedvqntdeqaeitkv,False,1097279,3339.0,,False,Mytilus edulis
0,MADL_Memer_1,False,110.0,NC_069362,PRJNA923304,XP_045214062.2,553,mmttpetdldvelkimadgtvleqnntangiagetpetprkclalrtachsctkplrtkynplasdatmgekfkytfmcpphgriakyimfvvmffvswavlmsltgsgglpggnffslvimffacvvggylvvyvklppllgmliigcllrnvpgisivgtnldkswssalrqialtviliraglgldpqalmklswavlrlafspclaeclaeavaahfllgfpwiwgimlgfvlaavspavvvpsllglsdrgygidkgiptlviaaasvddvlaitgfgvslgiafstgdlalsivkgpleaiagvvygivggiliwyipnrasrhvvlyrafllfglglmatfgsnalhlsgagplgcltlafvagfkwkkedwsaeggepmkeivsilwmifqpllfgligaeidvlkidvgtvglglatlgiglvirlivsffavfgtdlnirerlfiplawfpkatvqaaigavaldtarkmdseegeefgkqiltlavlsiiitapigaaaiaiagplllqqsdratetvytvdddqveeqgkllqeknekedv,False,False,0.0,False,PacbioSequelII;IlluminaHiSeq;PacBioSequel;,Mercenaria mercenaria
0,SNU_Nstr_1.0,Scaffold,140,False,PRJNA595812,KAG1694103.1,1007,mmicqisvlrnlnisstksystcnaflskmelmsnlfiqpdttlfikgsssvdqnsqvkmpqsmksrsqkllsdygiikksdaagqfhflpiglrvlkklmrviddemdhigaqkilmptmtstallkksgrlekygqdiflikdrhnkdlclgptfeeavtsmvssmnvsakmlplklyqisrkyrdeerpcfgllrgrefymkdlytfdvssedaiktyesvcnayeaifkkleiehikadgdpgniggqyshefhiiadigqdtvkicsscklginlevtekedehlcsncgnafvqhkcievghtfllsdsyskvfganlkskplqmgcygigvtrllaaavevlstennirwpkaispyqiciippkrgskeeaakdmaghlyqilsssypedviiddrddmtigqrllyakrlgfpyvlicgkhvlkstpriefidiygdktdlfthsellnklvqmkgskmgecdeksnknivgeemkplnpdndeqtdvissntipitgaleevkfsekcrsrqskmkclccqhdsgsvnnfnfvieklylceimcvillwmslysiigcqllpeghlfalfilivcciiggnlisllhfppllgnfflyfsmllvgfllrnvphinvaanlnpqwasalrsialvviliraglgldpqalkqlslvclrlaftpclvetivvavsshlvlglpwlwgfmlgfvlsavspavvvpsmisiqekglgcakgiptliiaaasvddvlaisgfgivlgitftegslgwtiakgpievliglaygiflgvtlwvipyrskenkyiyrflllstggtvavfgsriasfggagalgclilsfvaavgwkkedinesvclnpydnassglahifanlwyffqpilfgligaeitvdnldastvgygiavlsiglffriiasffvvlgagltikerlfialawlpkatvqaaigpvaldlaraqadkelehyglqvltisvlvilitapigaaaialsapklltpqreasndeeksv,False,701800,1638.0,,PacBioSequel;,Nymphon striatum
0,Owenia_chromosome,Scaffold,300,False,PRJEB38497,CAH1794646.1,662,matgkddinfkdpsmefddypldlispittkedstlsnlkvkswpskqtdsevdtpssawrptqldlknstplmketiqedtssskndttiernfdesgaltlmllalltwgtlwaitgeaalpggnifglvvlgiacfiggllisklhlppllgmlvvgcllrnirlvrtisnctqnstalslnisentsvlynstpgaevcpyylasiassiedqwssafrniafvvvliqaglgldpkalrklscvvirlafmpcmvecavvavashlllsfpwewgfmlgfvlaavtpavivpsmlslqtkgygydqgiptlviaassiddvlaisgftivlamaftkgdfsvmtvvrgpleavmglvygsmggvalwyfphkkhrhlvlfrflllfggglfgvfgsraiaypgagplgaltiafvaalrwrsegwtdeespmnsimdklwllfqpllfgligaeidvstiqgsslglaiavmsiglairmvvsflavfgvglslkekffipfawlpkatvqaaigsvaldtardldptpeklhlgqqvltiavlailitaplggvaialmgprllkpsekhldslkddanmdnlapvdnetvclssyknndvendvnlrlraeppgagpedndhswgeyweydekditkenldssaditlksqnari,False,38876441,819.0,,False,Owenia fusiformis
0,Gae_host_genome,False,100.0,NC_054706.1,PRJNA727593,XP_041363756.1,613,mdntehsdlhlqeirecdesvtkngkdegtlcksnsfsnrevtfqaedevpkrkkpercvwcrlccgrctspllttrnplpsnpsccdrfkfallcpphgrvggflfllilfftlwgflvavtdknalpggnlfsllvlfftcwfggylisfirlppllgmlivggllnnvphisiakdidhtwsagarqialtviliraglgldpkalrrlsfvvvrlafspclvetvtdgiaahlllgfpwewgfmlgfviaavspavvvpsllglqergygvekgvptlviaaasiddvlaitgfgvlmgitfskgnlvwtlfkgpleaivgviygilmgivlwyvphksskhlvlfrstlllglgllaiflsiylewsgagplgclslafvaalkwrkevhpddknpienvvgvlwmifqpllfgligaavnisdidtntialglatlgiglgirmlvsfcalfcsslnmrerifiaiawlpkatvqaaigalaldqamsrnksgmknddeikygkqvltiavlsilitapigsalmallgpkllhlsvgdregleivqtnyhenpsvsiedesskdiqytlennleinihqpshlekvnglgnteivksspmeettkl,False,False,0.0,False,2020/12/17.Theoriginalwhole-genomeshotgunprojecthastheaccessionJAEHGF000000000.1.;##Genome-Assembly-Data-START##;AssemblyMethod::wtdbg2v.2.1;3D-DNAv.1;IlluminaNovaSeq;PacBioSequel;Hi-C;,Gigantopelta aegis
0,Spur_5.0,False,123.0,NW_022145538.1,PRJNA13728,XP_030839758.1,601,msssmpetinpwssrqpppsraqvcnedglspqdvlmsqqgtlefdavgtesnhgdqlrskdsgdavqkeksggcsvqcssccftlckpclvehhplpaqpthcqrfryllmcpphgafsrwltilllilltwvvlwavtgsealpggnlfalfilvvsckagglaieviklpallgmlvvgfmlrnipvinvakdisptwssslrdmalviillqagisldasalkrlsmvcvrlccmpciaeactaavvshfllgfpwpwgfmlgfvlgavtpavivpsllslqargygvrqgiptlviaaascddvlaigafgvilgiafakgdiiysifrgplelvmgvsfgcaagfllwyipdptqiwlpkkrfilllyggifavfgsgaaqypgagalgcltmafiaghrwkegkegvntllsylwllfepllfgligaevsisyldpatvglgfatliiglcvrmvvsalavtgagltwkeklfislawlpkatvqaaigsvaldtardrgseeeleiygiqlltvavlsilftaplgaivisltgtrllrcapppnqtsshrdvpevaetqpryeptrggscregprennilleqarvaensv,False,False,0.0,False,PacBioSequel;,Strongylocentrotus purpuratus
0,CRF-UY_Dcit,Scaffold,100,False,PRJNA800468,KAI5704272.1,552,mdnkksilpqnqnrtpsiivqnnsnkvqrpedidvrnkllppsgngskdfksrtpqrekkppsrirriitepfgpknlyvlrllgwvicllvswgllytlvkeevapggqllklltlivsahiagiivshvnlppllgmlvtgivlrnikffevsgtyreivvttreialtvilikaglgldakalkklsfvvlklafipciveatgaavccyfilgmpwvwgfllgfvlsavspavvvptllklssegygeskgistmviaasslddivaisafgiflgfatnvgksdaditnqllqapieislgvlfgivwglisawlphkedkfvvfkrvfmigggglfsvlgsqmigyngagplsciisafvaclcwkwqgwsdsynpvatafsglwlimqpalfgligaeidlsqidatqigqglivlagglafraiacttcllgtnlnwkemifvniawlpkatvqaalgsvaldilknnapppadsveyptylqelsfgrgvltiavlsilvtapvgaigiafsgtrlltnepskeknqqpsnsqiaasidhldv,35866687,22577667,383.0,,PacBioSequelII;IlluminaNovaSeq;,Diaphorina citri
0,CRF-UY_Dcit,Scaffold,100,False,PRJNA800468,KAI5704273.1,519,msdertllahsftqdicyeaisprekkppsrirriitepfgpknlyvlrllgwvicllvswgllytlvkeevapggqllklltlivsahiagiivshvnlppllgmlvtgivlrnikffevsgtyreivvttreialtvilikaglgldakalkklsfvvlklafipciveatgaavccyfilgmpwvwgfllgfvlsavspavvvptllklssegygeskgistmviaasslddivaisafgiflgfatnvgksdaditnqllqapieislgvlfgivwglisawlphkedkfvvfkrvfmigggglfsvlgsqmigyngagplsciisafvaclcwkwqgwsdsynpvatafsglwlimqpalfgligaeidlsqidatqigqglivlagglafraiacttcllgtnlnwkemifvniawlpkatvqaalgsvaldilknnapppadsveyptylqelsfgrgvltiavlsilvtapvgaigiafsgtrlltnepskeknqqpsnsqiaasidhldv,35866687,22577667,383.0,,PacBioSequelII;IlluminaNovaSeq;,Diaphorina citri
0,CRF-TW_Dcit,Scaffold,98,False,PRJNA800468,KAI5736882.1,552,mdnkksilpqnqnrtpsiivqnnsnkvqrpedidvrnkllppsgngskdfksrtpqrekkppsrirriitepfgpknlyvlrllgwvicllvswgllytlvkeevapggqllklltlivsahiagiivshvnlppllgmlvtgivlrnikffevsgtyreivvttreialtvilikaglgldakalkklsfvvlklafipciveatgaavccyfilgmpwvwgfllgfvlsavspavvvptllklssegygeskgistmviaasslddivaisafgiflgfatnvgksdaditnqllqapieislgvlfgivwglisawlphkedkfvvfkrvfmigggglfsvlgsqmigyngagplsciisafvaclcwkwqgwsdsynpvatafsglwlimqpalfgligaeidlsqidatqigqglivlagglvfraiacttcllgtnlnwkemifvniawlpkatvqaalgsvaldilknnspppadsveyptylqelsfgrgvltiavlsilvtapvgaigiafsgtrlltnepskeknqqpsnsqiaasidhldv,35866687,23565919,453.0,,PacBioSequelII;IlluminaNovaSeq;,Diaphorina citri
0,Hazt_2.0.2,False,105.0,NW_025946645,PRJNA342675,XP_018012555.1,579,mtvhtitlavpspsaaydneaadideispaeiksseencaspnstkcsgreidekkrpsarlrelkfpnhdsdagsrdfagknvgindtsdgkqgnlescrelwrccrpvmkkhnplppsptwgdrimyafscpphgkvgevltqvvqlllvwgalyavtgdaaapgghifsllvvfvcsvmggkvteacglpallgmllagialrsipgvkiigdslnpswsasirkmalvvillraglgldpkalktmsltvfrlafvpslvesttvaivahfllgfpwlwsfmlgfivaaispsvvvpcllqlsqqgygvdkgiptlviaaatlddvlaisgfglmlgmtfsegsltwqllhgpievlmglsygavmgficwilpnehhqsrsfqqftilisagffalfgsqkdakemkiclhtsagigfrrqsggdknlvgqhftvawgylmpmlfalmgteiqimqleldtiglgvallcisltcrvvttffvvlgsglnirerffvalawlpkatiqaaigstaldyavrigadeteialakkvltiavlvilisapigaiaimtsaprllqraiqpapstrv,False,False,0.0,False,Illumina;,Hyalella azteca
0,Hazt_2.0.2,False,105.0,NW_025946645,PRJNA342675,XP_018012555.1,579,mtvhtitlavpspsaaydneaadideispaeiksseencaspnstkcsgreidekkrpsarlrelkfpnhdsdagsrdfagknvgindtsdgkqgnlescrelwrccrpvmkkhnplppsptwgdrimyafscpphgkvgevltqvvqlllvwgalyavtgdaaapgghifsllvvfvcsvmggkvteacglpallgmllagialrsipgvkiigdslnpswsasirkmalvvillraglgldpkalktmsltvfrlafvpslvesttvaivahfllgfpwlwsfmlgfivaaispsvvvpcllqlsqqgygvdkgiptlviaaatlddvlaisgfglmlgmtfsegsltwqllhgpievlmglsygavmgficwilpnehhqsrsfqqftilisagffalfgsqkdakemkiclhtsagigfrrqsggdknlvgqhftvawgylmpmlfalmgteiqimqleldtiglgvallcisltcrvvttffvvlgsglnirerffvalawlpkatiqaaigstaldyavrigadeteialakkvltiavlvilisapigaiaimtsaprllqraiqpapstrv,False,False,0.0,False,Illumina;,Hyalella azteca
0,False,False,60.0,NC_037590.1,PRJNA472795,XP_025095604.1,687,mkyesnamltkphsscdvlvlspdvdkgplhcavwpndcphrpswlmmvlasrhelplrffrpeegagtvastpmagqvgigienpalqleedkvnngetkqstdptaqldmrcdtegveqpndshfpqtmingvhpasshndvkpeqngheeigsfetsekkatnvrcariaefctrvisplevvnhplpesatrldrlkrsffcppfgrvgafilvlavflvwwavlisitnskalpggiifpmlmlfvccwcggyvinliklpplfgmlimggllgnvpgidvgrridptwsstarsialtiiltraglgldpaalkklslmvlrlafcpsivevvmdsvaahfflafpwpwafmlgfvlavvspavivpsmlglsdrgyglnkgiptlvvaavsldavmaitgfgvmlsvafstgniawtlvqgplqiiaglaagclggvflwyipqrsskhlvlfrsvlllggglvaifgskyvgwsgtgplgclaiafvsglrwrkecgrgqktpveevmavlwmvfqpllfgligakvdltklhpstvglgvaviaigltcrvivaflttlnsdlilrerffiplswipkatvqaaiggialdtaielnagqeainlgkqvltlavlaivltapigslliallgprllhktelggqnnnshldkqadqavermengkvihikpsdslnnk,False,False,0.0,False,IlluminaHiSeq;PacBio;,Pomacea canaliculata
0,MGAL_10,Scaffold,242,False,PRJEB24883,VDI61892.1,555,mvaklfptqefgaqnsedhkealmlketdttdnmngvileedneeteqesarkchgcrtfchnlcmpcrtkyhplpenpncwdrfkftfmcpphgviaryfqflflcgitfgvllalfkdyalpggnffslyvlffgsvlggylisfiklppllgmllvgallrnvpvidvvgnhldpnwsgalrqialtviliraglgldpvalrklsftvvrlacspclveciaeaiashfllglpwewafmlgfvlsavspavvvpsllnlsdrgyginkgiptlviaaasiddvlaitgfgvvlgmafstgdiavsiikgpaeallgvaygviggivlwyipakgdnfifyrgmtllgagllatfgsaaielsgagplgvltiafvaafrwrkekkdndqdpikdivailwmlfqpilfgligaevqiskidgqtvglgmatlsigmvvrlvvsflavfksglnfkemlfipfawfpkatvqaaiggvaldaarrkgdatleaygeiiltmavlsiiitapigaiaiaitgprllkrtvkdkeydeedvqntdeqaeitkv,False,207642,10577.0,,False,Mytilus galloprovincialis
0,LinAna2.0,False,226.0,NW_019773725.1,PRJNA293030,XP_013384874.1,1016,mtstkdstpateaielrappgtdahrqedpgspainpllddshenskgddghlkngieikenekgnfketvdvkkngsiefkditehfeegkekssykkrtrrcdacrtscynfckpcmtkyhppvttraqrmrhalmcpphgklgrvvtskltlillwavlwaitrdealpggnffglivlflacklggflvskirlppllgmlivgcllrnvpyidvakdikkewsssirsialvvilikaalgldpkalrrlshvvarlafipcafeavsgavsghfllgfpwdwsfmlgfvmsavspavvvpsmlhlqeqglgvdkgiptaavasgsvenvvaisafgvvlgiafskgdlafsiirgplealtgviygvigglmcwylphikhrrqvsfrtflvtsgglfalfgsgaakfpgagalgcltmafvaslgwrrqgwtssnpvaksigkmwlifqpllfgligaeiditklnggtvgigmgvlgiglavrfvgcvlavvrtdfnfkerlfvpiawlpkatvqaaigsvaldtarrnnasaeeeamgntiltlavlailvtapigaalialtaprllhqspkegeeeedtkkekiesddkieekegeeeeeeeeetpesevesdeeeeeeelekvehlleeaiheydihhphlhphhvhhtgdhahheehvhhhhhhhhhhhhqdeehypdpgdkedpetghqkpvpepepesksqgetslsdpssqstkkdgddaqtaernsakvetvnekaplqndaekedknngkvkasetqdgvqispvliadqdvkgsggsqsattdkelcnsqstfscsydevehkrkcarlrdccyqccepcmteahplppnptrgqrlkyalmcpphghtgryltlivsvlllwgvlwaitgdnalpggnlfgllillicaqlggnvaelirlpsllgmllvgvalknipyisfardidrhwsvairsialavillkaalgldsralrkssasvlklaflpclaeaiieataahfllgfpwdwsfmlg,False,False,0.0,False,University(OIST)on2018/01/26.Theoriginalwhole-genomeshotgunprojecthastheaccessionLFEI00000000.2.;##Genome-Assembly-Data-START##;University(OIST);454;IlluminaMiSeq;IlluminaHiSeq;PacBio;,Lingula anatina
0,LinAna2.0,False,226.0,NW_019773725.1,PRJNA293030,XP_013384874.1,1016,mtstkdstpateaielrappgtdahrqedpgspainpllddshenskgddghlkngieikenekgnfketvdvkkngsiefkditehfeegkekssykkrtrrcdacrtscynfckpcmtkyhppvttraqrmrhalmcpphgklgrvvtskltlillwavlwaitrdealpggnffglivlflacklggflvskirlppllgmlivgcllrnvpyidvakdikkewsssirsialvvilikaalgldpkalrrlshvvarlafipcafeavsgavsghfllgfpwdwsfmlgfvmsavspavvvpsmlhlqeqglgvdkgiptaavasgsvenvvaisafgvvlgiafskgdlafsiirgplealtgviygvigglmcwylphikhrrqvsfrtflvtsgglfalfgsgaakfpgagalgcltmafvaslgwrrqgwtssnpvaksigkmwlifqpllfgligaeiditklnggtvgigmgvlgiglavrfvgcvlavvrtdfnfkerlfvpiawlpkatvqaaigsvaldtarrnnasaeeeamgntiltlavlailvtapigaalialtaprllhqspkegeeeedtkkekiesddkieekegeeeeeeeeetpesevesdeeeeeeelekvehlleeaiheydihhphlhphhvhhtgdhahheehvhhhhhhhhhhhhqdeehypdpgdkedpetghqkpvpepepesksqgetslsdpssqstkkdgddaqtaernsakvetvnekaplqndaekedknngkvkasetqdgvqispvliadqdvkgsggsqsattdkelcnsqstfscsydevehkrkcarlrdccyqccepcmteahplppnptrgqrlkyalmcpphghtgryltlivsvlllwgvlwaitgdnalpggnlfgllillicaqlggnvaelirlpsllgmllvgvalknipyisfardidrhwsvairsialavillkaalgldsralrkssasvlklaflpclaeaiieataahfllgfpwdwsfmlg,False,False,0.0,False,University(OIST)on2018/01/26.Theoriginalwhole-genomeshotgunprojecthastheaccessionLFEI00000000.2.;##Genome-Assembly-Data-START##;University(OIST);454;IlluminaMiSeq;IlluminaHiSeq;PacBio;,Lingula anatina
0,LinAna2.0,False,226.0,NW_019773725.1,PRJNA293030,XP_013384874.1,1016,mtstkdstpateaielrappgtdahrqedpgspainpllddshenskgddghlkngieikenekgnfketvdvkkngsiefkditehfeegkekssykkrtrrcdacrtscynfckpcmtkyhppvttraqrmrhalmcpphgklgrvvtskltlillwavlwaitrdealpggnffglivlflacklggflvskirlppllgmlivgcllrnvpyidvakdikkewsssirsialvvilikaalgldpkalrrlshvvarlafipcafeavsgavsghfllgfpwdwsfmlgfvmsavspavvvpsmlhlqeqglgvdkgiptaavasgsvenvvaisafgvvlgiafskgdlafsiirgplealtgviygvigglmcwylphikhrrqvsfrtflvtsgglfalfgsgaakfpgagalgcltmafvaslgwrrqgwtssnpvaksigkmwlifqpllfgligaeiditklnggtvgigmgvlgiglavrfvgcvlavvrtdfnfkerlfvpiawlpkatvqaaigsvaldtarrnnasaeeeamgntiltlavlailvtapigaalialtaprllhqspkegeeeedtkkekiesddkieekegeeeeeeeeetpesevesdeeeeeeelekvehlleeaiheydihhphlhphhvhhtgdhahheehvhhhhhhhhhhhhqdeehypdpgdkedpetghqkpvpepepesksqgetslsdpssqstkkdgddaqtaernsakvetvnekaplqndaekedknngkvkasetqdgvqispvliadqdvkgsggsqsattdkelcnsqstfscsydevehkrkcarlrdccyqccepcmteahplppnptrgqrlkyalmcpphghtgryltlivsvlllwgvlwaitgdnalpggnlfgllillicaqlggnvaelirlpsllgmllvgvalknipyisfardidrhwsvairsialavillkaalgldsralrkssasvlklaflpclaeaiieataahfllgfpwdwsfmlg,False,False,0.0,False,University(OIST)on2018/01/26.Theoriginalwhole-genomeshotgunprojecthastheaccessionLFEI00000000.2.;##Genome-Assembly-Data-START##;University(OIST);454;IlluminaMiSeq;IlluminaHiSeq;PacBio;,Lingula anatina
0,LinAna2.0,False,226.0,NW_019773725.1,PRJNA293030,XP_013384874.1,1016,mtstkdstpateaielrappgtdahrqedpgspainpllddshenskgddghlkngieikenekgnfketvdvkkngsiefkditehfeegkekssykkrtrrcdacrtscynfckpcmtkyhppvttraqrmrhalmcpphgklgrvvtskltlillwavlwaitrdealpggnffglivlflacklggflvskirlppllgmlivgcllrnvpyidvakdikkewsssirsialvvilikaalgldpkalrrlshvvarlafipcafeavsgavsghfllgfpwdwsfmlgfvmsavspavvvpsmlhlqeqglgvdkgiptaavasgsvenvvaisafgvvlgiafskgdlafsiirgplealtgviygvigglmcwylphikhrrqvsfrtflvtsgglfalfgsgaakfpgagalgcltmafvaslgwrrqgwtssnpvaksigkmwlifqpllfgligaeiditklnggtvgigmgvlgiglavrfvgcvlavvrtdfnfkerlfvpiawlpkatvqaaigsvaldtarrnnasaeeeamgntiltlavlailvtapigaalialtaprllhqspkegeeeedtkkekiesddkieekegeeeeeeeeetpesevesdeeeeeeelekvehlleeaiheydihhphlhphhvhhtgdhahheehvhhhhhhhhhhhhqdeehypdpgdkedpetghqkpvpepepesksqgetslsdpssqstkkdgddaqtaernsakvetvnekaplqndaekedknngkvkasetqdgvqispvliadqdvkgsggsqsattdkelcnsqstfscsydevehkrkcarlrdccyqccepcmteahplppnptrgqrlkyalmcpphghtgryltlivsvlllwgvlwaitgdnalpggnlfgllillicaqlggnvaelirlpsllgmllvgvalknipyisfardidrhwsvairsialavillkaalgldsralrkssasvlklaflpclaeaiieataahfllgfpwdwsfmlg,False,False,0.0,False,University(OIST)on2018/01/26.Theoriginalwhole-genomeshotgunprojecthastheaccessionLFEI00000000.2.;##Genome-Assembly-Data-START##;University(OIST);454;IlluminaMiSeq;IlluminaHiSeq;PacBio;,Lingula anatina
0,MGAL_10,Scaffold,242,False,PRJEB24883,VDI61893.1,532,mlketdttdnmngvileedneeteqesarkchgcrtfchnlcmpcrtkyhplpenpncwdrfkftfmcpphgviaryfqflflcgitfgvllalfkdyalpggnffslyvlffgsvlggylisfiklppllgmllvgallrnvpvidvvgnhldpnwsgalrqialtviliraglgldpvalrklsftvvrlacspclveciaeaiashfllglpwewafmlgfvlsavspavvvpsllnlsdrgyginkgiptlviaaasiddvlaitgfgvvlgmafstgdiavsiikgpaeallgvaygviggivlwyipakgdnfifyrgmtllgagllatfgsaaielsgagplgvltiafvaafrwrkekkdndqdpikdivailwmlfqpilfgligaevqiskidgqtvglgmatlsigmvvrlvvsflavfksglnfkemlfipfawfpkatvqaaiggvaldaarrkgdatleaygeiiltmavlsiiitapigaiaiaitgprllkrtvkdkeydeedvqntdeqaeitkv,False,207642,10577.0,,False,Mytilus galloprovincialis
0,2S_Tcm_b3v08,Scaffold,68,False,PRJEB31411,CAD7578322.1,381,mlvagialrnigfinisggyimvaavlrqaalviiliragleldpaalrklkgmvfrlavvpsvveiasiavltrylldfpwiwgfllgsvlaavspavvipclfslaargygtdkgiptlivaaasfddiiaisvfgilisiifstgsltvqiirgpaglvlgmvfgilwglmarhipahsdpwvigsrtiligggglmavlgsqaisfdgagplgcivaafvascgwrsqgwgeehnpvaenfaliwtffqpilfsligteinifvleghtvglglvclmlallikmllsimaamgggfswkeklfvsmawfpkatvqaalgpialdlarnldakdsivladkvlmvavlaimitaplgaivitlfgprllnktltslp,False,66553,660024.0,,False,Timema californicum
0,Ema_v1,Scaffold,250,False,PRJDB3267,GFR84744.1,557,mgsqevsfeiveslskvdsgaqassppccsglrtcfnsctrpclaeshplprdasccrrlldnflcpphsragaflfivifcvagwatllamtgeaalpgenlfslavvftacwcggyvfdliylppllgmlvvgvilgnvphisfakdiipswssscrqialtviliraglgldphalrrlscvvvrlaflpclietivdgiashlilgfpwswgfllgfviaavspavvvpsllgltdkgygldkgvptlviaaasiddvlaitgfgvmlgiafssgniawtlakgpleaivgvgigivgglilwyipqrksrhlllfrsslllslslmalfgsrridwagagplaaltmpfvaalrwrselkegeknpvedvvavlwmifqpllfgligsevkissleggtvglglavlsiglgfrslvaflavygtrlnfkerlfipiawlpkatvqaaigavaldsakevndkeliqlgeqiltlavlvilitapigaagislagpkllsrptlpsketndeqgksnravgevdgktkglgdidkedeneqdslvnnettyl,33902812,225654,14149.0,,Illumina;,Elysia marginata
0,Clec_2.0,False,163.0,NW_019394219.1,PRJNA298750,XP_024086022.1,564,mtsieenpasprrdtqeeedfthasknnlancdtnlpnsqskpnsspkeahdskdtplnseyeiifthcsgfgrsiqnqmglkdsqiifaigaviiglliwgilygvvldevapggdlfqilvlvvsaylagkvvgmchlppllgmlttgiamrsvgffeisgvypdlvtklretaltvilikaglgldavalmklslvvlrlailpciaeavaaavfsyfildypilwglllgfmlsavspavvvptllslkekgygenkgistlviaasslddivaisvfgvflsiifspaghqdgkmleqlsqgpiemllglvlgifwglvaafiphkddkqvvtkrvlmigcgglcavlggevihysgagplacivsaftaslawkiqgwsthhpvveafgtiwtiiqpmlfgligaevdvkllhadtilkgiavicgalvirvicccvvllgsklnwkeiifvnlawlpkatvqaalgpdalelatraeekdeqdilrghqlltlavlsilmtapvgaigisttgpyllsnvsvepeaeeniesadtamhmsegtqlksetkedaaskv,False,False,0.0,False,Illumina;,Cimex lectularius
0,Clec_2.0,False,163.0,NW_019394219.1,PRJNA298750,XP_014249772.1,593,mtsieenpasprrdtqeeedfthasknnlancdtnlpnsrlkllkrvnlfqflrgrnylsnrtspsmpkskpnsspkeahdskdtplnseyeiifthcsgfgrsiqnqmglkdsqiifaigaviiglliwgilygvvldevapggdlfqilvlvvsaylagkvvgmchlppllgmlttgiamrsvgffeisgvypdlvtklretaltvilikaglgldavalmklslvvlrlailpciaeavaaavfsyfildypilwglllgfmlsavspavvvptllslkekgygenkgistlviaasslddivaisvfgvflsiifspaghqdgkmleqlsqgpiemllglvlgifwglvaafiphkddkqvvtkrvlmigcgglcavlggevihysgagplacivsaftaslawkiqgwsthhpvveafgtiwtiiqpmlfgligaevdvkllhadtilkgiavicgalvirvicccvvllgsklnwkeiifvnlawlpkatvqaalgpdalelatraeekdeqdilrghqlltlavlsilmtapvgaigisttgpyllsnvsvepeaeeniesadtamhmsegtqlksetkedaaskv,False,False,0.0,False,Illumina;,Cimex lectularius
0,Cexi_2.0,False,181.0,NW_019384339.1,PRJNA422877,XP_023233238.1,504,mhldfqtppsqqqsplqlsnanfsskkknflkafllspsvlswfglilstslvwgslwgllnhlalpggeifalvvvvvvcyiggqivslltlppllgmlimgmilqnvpyidvakdlnpkwssdlrsialviillraglgldpivlrklsgacfrlaftpcivecitiaiishfllefpwlwgfilgfviaavspavvvpsmllleekglgvnkgiptlviaaasvddilaitgfgvvlgitfstgslawniakgpleavigivygcilgwimwfvpgdsdkkvnlfrilellfggmfamfggravkfggigalacltlafvaafgwrkksfsnedslvsstlgnlwllfqpilfgligteikfedlkgdtvgfgiavllialvfrmltsfivvfkaglslreqffiaiawlpkatvqaaigpfaldlarklgsdkteeklgiqvltiavlsilltapigaaaiavsaprllektdkdnlphetssytsssasldkgeidtkl,False,False,0.0,False,IlluminaHiSeq;,Centruroides sculpturatus
0,Priapulus_caudatus-5.0.1,False,100.0,NW_014577289.1,PRJNA303167,XP_014665594.1,591,mhnrdystepeqdsdqvdvqmqagdgtlrtrhrssstshdeaagtkypfapgapmtvraiasdsqkenthqkdeqtpentsqtltgrwfrrfrrkhhvmphkptvidhiknillcppigrfartltllllvlllwgvlwsltreaalpggylfallavvvlsmiggwlvtfirlpallgmlvmgvllrnlpvvniakdldrdlssvlrnvalvviliraglgldpvalrrlafvcirlaltpclvecitvaimshlllgfpwewgfllgfvlaavspavvvpslisiqqqglgvakgiptlviaaasvddvlaisgfsvvlgiafssgslawsigrgplelllgisfgwlagvitwylpnfsegnvvlqrflllfggglfsvfaskavevsgagalgclsmafvsayhwrkqgwtdgnnpvadimaalwvvfqptlfgligaeidihviqlqtiglgvavlavglffrliasvcavsfagfswkekgfislawlpkatvqaaigsialetarerdagavkedlglqvltiavlvilitapigaaaialsaprllthdatygqessptranehqpvlseenacdaryeistm,False,False,0.0,False,454;Illumina;PacBio;,Priapulus caudatus
0,MCOR1.1,Scaffold,138,False,PRJEB33342,CAC5409661.1,531,msketdiansmngvileediedieqestrkchglrtfchnlclpcrtkyhplpenpkcwdrfkftfmcpphgviarylqfiflcgitfgvllalfkdyalpggnffslyvlffgsvlggylisfiklppllgmllvgallrnvpvidvvgnhldnkwsgalrqialtviliraglgldpvalrklsftvvrlacspclveciaeaiashfllglpwewafmlgfvlsavspavvvpsllnlsdrgyglnkgiptlviaaasiddvlaitgfgvvlgiafstgdlavsiikgpaeallgvaygviggillwyipakgdnfifyrgmtllgaglmatfgsaaielsgagplgvltiafvaafrwrkekkddqdpikdivailwmlfqpmlfgligaevqiskidgdtvglglatlsigmvirlavsflavfrsglnfkemlfitfawfpkatvqaaiggvaldaarrkgdvtleayggiiltmavlsiiitapigaiaiaitgprllkktvkdkeygeedvqnsdeqaeitkv,False,898347,10484.0,,False,Mytilus coruscus
