,species,protein-accession,protein-sequence,protein-length,project-accession,sequencing-technology,assembly-name,genome-refseq,pubmed-accession,assembly-status,scaffold-N50,coverage,scaffold-count
0,Nymphon striatum,KAG1663790.1,mkirlqvdkvqmkeskmgecdeksnknivgeemkplnpdndeqtdvissntipitgaleevkfsekcrsrqskmkclccqhdsgsvnnfnfvieklylceimcvillwmslysiigcqllpeghlfalfilivcciiggnlisllhfppllgmlvvgfllrnvphinvaanlnpqwasalrsialvviliraglgldpqalkqlslvclrlaftpclvetivvavsshlvlglpwlwgfmlgfvlsavspavvvpsmisiqekglgcakgiptliiaaasvddvlaisgfgivlgitftegslgwtiakgpievliglaygiflgvtlwvipyrskenkyiyrflllstggtvavfgsriasfggagalgclilsfvaavgwkkedinesdqvahifanlwyffqpilfgligaeitvdnldastvgygiavlsiglffriiasffvvlgagltmkerlfialawlpkatvqaaigpvaldlaraqadkelehyglqvltisvlvilitapigaaaialsapklltpqreasndeeksv,539,PRJNA595812,PacBioSequel;,SNU_Nstr_1.0,FALSE,FALSE,Scaffold,701800,140,1638
1,Nymphon striatum,KAG1694105.1,mmicqisvlrnlnisstksystcnaflskmelmsnlfiqpdttlfikgsssvdqnsqvkmpqsmksrsqkllsdygiikksdaagqfhflpiglrvlkklmrviddemdhigaqkilmptmtstallkksgrlekygqdiflikdrhnkdlclgptfeeavtsmvssmnvsakmlplklyqisrkyrdeerpcfgllrgrefymkdlytfdvssedaiktyesvcnayeaifkkleiehikadgdpgniggqyshefhiiadigqdtvkicsscklginlevtekedehlcsncgnafvqhkcievghtfllsdsyskvfganlkskplqmgcygigvtrllaaavevlstennirwpkaispyqiciippkrgskeeaakdmaghlyqilsssypedviiddrddmtigqrllyakrlgfpyvlicgkhvlkstpriefidiygdktdlfthsellnklvqmkgskmgecdeksnknivgeemkplnpdndeqtdvissntipitgaleevkfsekcrsrqskmkclccqhdsgsvnnfnfvieklylceimcvillwmslysiigcqllpeghlfalfilivcciiggnlisllhfppllgmllvgfllrnvphinvaanlnpqwasalrsialvviliraglgldpqalkqlslvclrlaftpclvetivvavsshlvlglpwlwgfmlgfvlsavspavvvpsmisiqekglgcakgiptliiaaasvddvlaisgfgivlgitftegslgwtiakgpievliglaygiflgvtlwvipyrskenkyiyrflllstggtvavfgsriasfggagalgclilsfvaavgwkkedinesdqvahifanlwyffqpilfgligaeitvdnldastvgygiavlsiglffriiasffvvlgagltikerlfialawlpkatvqaaigpvaldlaraqadkelehyglqvltisvlvilitapigaaaialsapklltpqreasndeeksv,990,PRJNA595812,PacBioSequel;,SNU_Nstr_1.0,FALSE,FALSE,Scaffold,701800,140,1638
2,Nymphon striatum,KAG1663789.1,mkirlqvdkvqmkeskmgecdeksnknivgeemkplnpdndeqtdvissntipitgaleevkfsekcrsrqskmkclccqhdsgsvnnfnfvieklylceimcvillwmslysiigcqllpeghlfalfilivcciiggnlisllhfppllgnfflyfsmlvvgfllrnvphinvaanlnpqwasalrsialvviliraglgldpqalkqlslvclrlaftpclvetivvavsshlvlglpwlwgfmlgfvlsavspavvvpsmisiqekglgcakgiptliiaaasvddvlaisgfgivlgitftegslgwtiakgpievliglaygiflgvtlwvipyrskenkyiyrflllstggtvavfgsriasfggagalgclilsfvaavgwkkedinesvclnpydnassglahifanlwyffqpilfgligaeitvdnldastvgygiavlsiglffriiasffvvlgagltmkerlfialawlpkatvqaaigpvaldlaraqadkelehyglqvltisvlvilitapigaaaialsapklltpqreasndeeksv,556,PRJNA595812,PacBioSequel;,SNU_Nstr_1.0,FALSE,FALSE,Scaffold,701800,140,1638
3,Nymphon striatum,KAG1694104.1,mmicqisvlrnlnisstksystcnaflskmelmsnlfiqpdttlfikgsssvdqnsqvkmpqsmksrsqkllsdygiikksdaagqfhflpiglrvlkklmrviddemdhigaqkilmptmtstallkksgrlekygqdiflikdrhnkdlclgptfeeavtsmvssmnvsakmlplklyqisrkyrdeerpcfgllrgrefymkdlytfdvssedaiktyesvcnayeaifkkleiehikadgdpgniggqyshefhiiadigqdtvkicsscklginlevtekedehlcsncgnafvqhkcievghtfllsdsyskvfganlkskplqmgcygigvtrllaaavevlstennirwpkaispyqiciippkrgskeeaakdmaghlyqilsssypedviiddrddmtigqrllyakrlgfpyvlicgkhvlkstpriefidiygdktdlfthsellnklvqmkgskmgecdeksnknivgeemkplnpdndeqtdvissntipitgaleevkfsekcrsrqskmkclccqhdsgsvnnfnfvieklylceimcvillwmslysiigcqllpeghlfalfilivcciiggnlisllhfppllgnfflyfsmllvgfllrnvphinvaanlnpqwasalrsialvviliraglgldpqalkqlslvclrlaftpclvetivvavsshlvlglpwlwgfmlgfvlsavspavvvpsmisiqekglgcakgiptliiaaasvddvlaisgfgivlgitftegslgwtiakgpievliglaygiflgvtlwvipyrskenkyiyrflllstggtvavfgsriasfggagalgclilsfvaavgwkkedinesdqvahifanlwyffqpilfgligaeitvdnldastvgygiavlsiglffriiasffvvlgagltikerlfialawlpkatvqaaigpvaldlaraqadkelehyglqvltisvlvilitapigaaaialsapklltpqreasndeeksv,997,PRJNA595812,PacBioSequel;,SNU_Nstr_1.0,FALSE,FALSE,Scaffold,701800,140,1638
4,Sarcoptes scabiei,KAF7496482.1,mehfwskilsylsksvnmllwkliimilifsnlwamfgdevlppdghifhwlmlfivshigskisyllrlpslfgmlisgfiygnffrinlnaglmsdiraialmiillraglhlemktlkkisfasvrivlipflaeiaavaastyyflsieigwamlsgfvmsavspavvvpfmiriqkaglseekglptliiaassiwdvlsvtgfvvclsfvvkrpsnstlnlllraplqilvgvlygtilgvllwylpeihrnqenqsksqydlhrlillllaayfamfgsdqidlsgsgplaililsfvasirwrkygwldvnekrlrvlwsvfkpylfclvgfnvrfseirmeivvlgfvcfiiglicrsiceflmthglglnykerlfsviawipkatvqaavgpvaldyarneretyyatvivtmailsvlitaplgaiaidsvsgrllsknknqdldeeeegpdetrrelnlpkefeaisncpslderyd,490,PRJNA598457,PacBio;,S_scabiei_pig,FALSE,33001992,Scaffold,2965819,100,66
5,Nymphon striatum,KAG1694103.1,mmicqisvlrnlnisstksystcnaflskmelmsnlfiqpdttlfikgsssvdqnsqvkmpqsmksrsqkllsdygiikksdaagqfhflpiglrvlkklmrviddemdhigaqkilmptmtstallkksgrlekygqdiflikdrhnkdlclgptfeeavtsmvssmnvsakmlplklyqisrkyrdeerpcfgllrgrefymkdlytfdvssedaiktyesvcnayeaifkkleiehikadgdpgniggqyshefhiiadigqdtvkicsscklginlevtekedehlcsncgnafvqhkcievghtfllsdsyskvfganlkskplqmgcygigvtrllaaavevlstennirwpkaispyqiciippkrgskeeaakdmaghlyqilsssypedviiddrddmtigqrllyakrlgfpyvlicgkhvlkstpriefidiygdktdlfthsellnklvqmkgskmgecdeksnknivgeemkplnpdndeqtdvissntipitgaleevkfsekcrsrqskmkclccqhdsgsvnnfnfvieklylceimcvillwmslysiigcqllpeghlfalfilivcciiggnlisllhfppllgnfflyfsmllvgfllrnvphinvaanlnpqwasalrsialvviliraglgldpqalkqlslvclrlaftpclvetivvavsshlvlglpwlwgfmlgfvlsavspavvvpsmisiqekglgcakgiptliiaaasvddvlaisgfgivlgitftegslgwtiakgpievliglaygiflgvtlwvipyrskenkyiyrflllstggtvavfgsriasfggagalgclilsfvaavgwkkedinesvclnpydnassglahifanlwyffqpilfgligaeitvdnldastvgygiavlsiglffriiasffvvlgagltikerlfialawlpkatvqaaigpvaldlaraqadkelehyglqvltisvlvilitapigaaaialsapklltpqreasndeeksv,1007,PRJNA595812,PacBioSequel;,SNU_Nstr_1.0,FALSE,FALSE,Scaffold,701800,140,1638
6,Penaeus vannamei,ROT75079.1,msngmrstelavvvdsshnldgqvieeqissadkityesgsaslkyvfdcwpphgivgrcltwtllvllgwgaaiaiigisalpggnifslmclfciavlggqlatlaklpslmdkewssalrnialvvillraglgldpaalkelsfmvlrlaftpcivetvtvatvthlllgfpwlwglmlgfilsavtpavivpcmiklseegygmdkgiptlviaassvddvlaisgfgvlmgitfaegslwwiilkgpievvmglvyglgvgalfwvlpnieersaqnlrffllgcagllavfgsqmaqfggagalgclvmafvagigwrrqgmsednnpvddkllimwelfqpflfsligaeiqvseldigtvgwglvtlaiglvfrmatsflvvmggnlnikerifvalawvpkatvqaaigsqaldfaeksgagpeivrlgeqvltitvlvilitaplgavaimlsapkllskgktkdtldlpdglpdp,487,PRJNA438564,PacBio;IlluminaHiSeq;,ASM378908v1,FALSE,FALSE,Scaffold,605555,84,4683
7,Halotydeus destructor,KAI1295545.1,mpmyrmfigyatnsaiilmvwatlwgmsteassppngkifalvilyaasitfgqvlelfkiprlfgmlfagffltnltdltfypfmsatlrsvsltvillrgglgldlavirrmsaiclrmtfvplvtevicvailghywlglpfawsfmvgfilaaacaaiivptmlslqhqglgtskgiptivmaassiddvfaiagfgvmlgfvftsgedsstlwnvakgpievfigifggaiygtflwilpdqavagpdmslarlalmvfgglafvfvsdvlgfqgsgplgslslatvagikyrakeydisiekslgqlwhilepflfsligaevdishidkssillvlavilvtmvlrtvstyaslygsdmngkekafvsiawlskaavqaavgpialdiarqhgdkedikratlvlticfltilvstpvgtlgmaftakrwlqrdpagpeldra,450,PRJNA756307,PacBio;,ASM2275052v1,FALSE,FALSE,Contig,874492,208,132
8,Nymphon striatum,KAG1663791.1,mkirlqvdkvqmkeskmgecdeksnknivgeemkplnpdndeqtdvissntipitgaleevkfsekcrsrqskmkclccqhdsgsvnnfnfvieklylceimcvillwmslysiigcqllpeghlfalfilivcciiggnlisllhfppllgnfflyfsmlvvgfllrnvphinvaanlnpqwasalrsialvviliraglgldpqalkqlslvclrlaftpclvetivvavsshlvlglpwlwgfmlgfvlsavspavvvpsmisiqekglgcakgiptliiaaasvddvlaisgfgivlgitftegslgwtiakgpievliglaygiflgvtlwvipyrskenkyiyrflllstggtvavfgsriasfggagalgclilsfvaavgwkkedinesvclnpydnassgcqmiiflfiymklkkgfrkssfkcilvyeivlhsigygiavlsiglffriiasffvvlgagltmkerlfialawlpkatvqaaigpvaldlaraqadkelehyglqvltisvlvilitapigaaaialsapklltpqreasndeeksv,557,PRJNA595812,PacBioSequel;,SNU_Nstr_1.0,FALSE,FALSE,Scaffold,701800,140,1638
9,Oedothorax gibbosus,KAG8186332.1,mvnlrkyfppnsifqhktsccswyrvkenilllltqlvslifligtlygilgndvlpgteifallllaisaygggvlaglirlpplvgmlvvgilyrnlsfipyqknisimwastlreislvvillkaglaldpkklkemkldvfklsfipclfeaatsavfihflldlpwlwafmlgfilcavsaavlvpgmlvleqkglgtesgiptlvmaslsvdnvvaltgfvvtfstitsdesliwtlvkrpveliigltlgaliglllwylpsrnsdskssilyyrslmlilgglglnflckrfgmtgagalgcvglafvaalwwrndvqlfknitsvtgifwslieaflfgligsevtieslgnnigysllvlvlggiirylstmfalfgsklsikekafvsatwlakatvqaavgsqaldyartenknvqfveyskqvltmsvlsiivtaplgaifiehlapilltesgnstdtsqnsfeifedereciaevtvtdygssnnltnsrkfdglikglksnanalq,522,PRJNA681589,PacBioSequel;,Ogib_1.0,FALSE,34949821,Chromosome,979336,80,7802
10,Dermatophagoides farinae,KAH7644190.1,miylnlliilpakslppdgdlfnmvilfvgahflgllsekiglpplfgmlvagflhgniidnemdptltsttrslaliiiliraglnldpqairtlssvcarlsllpsivealivtllswiwfgfnlswslmlgfvigsvspavvvpsmviiqeqnygvrngiptlliasasvdnvfaitgvsvclsfainngdggsnisqmiltivrgplealagiiyglivgiilwyiperydrkksaerfeihrfillattslfiwfgsqqanlksigplailtapfvasirwrqnnlgqlsresfrilwvvfenflfcligfsvrlrkldtsvlfggiviiliaviirmivaylvtygqfdrkerlfmaiswlpkatiqaamgpvaldlaqtnddigraqivltlavlsilmtapvgaiamdrtyrkllknysnenlnpntnnmtssepmdlenqtttnkvntplllndkpmlyyntle,473,PRJNA512594,Nanopore;,ASM2080927v1,FALSE,34659625,Contig,9265486,396,10
11,Nymphon striatum,KAG1694102.1,mmicqisvlrnlnisstksystcnaflskmelmsnlfiqpdttlfikgsssvdqnsqvkmpqsmksrsqkllsdygiikksdaagqfhflpiglrvlkklmrviddemdhigaqkilmptmtstallkksgrlekygqdiflikdrhnkdlclgptfeeavtsmvssmnvsakmlplklyqisrkyrdeerpcfgllrgrefymkdlytfdvssedaiktyesvcnayeaifkkleiehikadgdpgniggqyshefhiiadigqdtvkicsscklginlevtekedehlcsncgnafvqhkcievghtfllsdsyskvfganlkskplqmgcygigvtrllaaavevlstennirwpkaispyqiciippkrgskeeaakdmaghlyqilsssypedviiddrddmtigqrllyakrlgfpyvlicgkhvlkstpriefidiygdktdlfthsellnklvqmkgskmgecdeksnknivgeemkplnpdndeqtdvissntipitgaleevkfsekcrsrqskmkclccqhdsgsvnnfnfvieklylceimcvillwmslysiigcqllpeghlfalfilivcciiggnlisllhfppllgnfflyfsmllvgfllrnvphinvaanlnpqwasalrsialvviliraglgldpqalkqlslvclrlaftpclvetivvavsshlvlglpwlwgfmlgfvlsavspavvvpsmisiqekglgcakgiptliiaaasvddvlaisgfgivlgitftegslgwtiakgpievliglaygiflgvtlwvipyrskenkyiyrflllstggtvavfgsriasfggagalgclilsfvaavgwkkedinesvclnpydnassgcqmiiflfiymklkkgfrkfsfkcilvyeivlhsigygiavlsiglffriiasffvvlgagltikerlfialawlpkatvqaaigpvaldlaraqadkelehyglqvltisvlvilitapigaaaialsapklltpqreasndeeksv,1008,PRJNA595812,PacBioSequel;,SNU_Nstr_1.0,FALSE,FALSE,Scaffold,701800,140,1638
12,Oedothorax gibbosus,KAG8183783.1,messiskqtfderhrncvneecnsnlapespakcfrltnerwklvqaqfltfillllficaslygileedilpgselfallllalsayisgvvanyvhlppligmliagflfrnlhvsahlyenisirwattlrstafviillkaglgldadklkklsltvfqlaltpcivetaaaavashfflglpwvwsimlgfvisavspavivpgllnlqnkcfgtakgiptlviaaaslddiicitgfsvmlsvsfsegnllitilkgvlepvgglllgvifgrifwhlpnsasvpsnlvyyrvlllcfggfasmfvskrydvagvgpmaclvlafvaafgwkrdqltfdriekvtgvlwtglqpflfsligsevsiadlqfnlgntilslaialgfrivvatfvtfgsdlnikekifiafawipkatvqaavgpqaldyvlsnskgqemekyaqmvltaavvsiimtapvgaflisvlgpillsndrnpdkqrsenmrlqtvdsdvl,503,PRJNA681589,PacBioSequel;,Ogib_1.0,FALSE,34949821,Chromosome,979336,80,7802
13,Blomia tropicalis,KAI2808467.1,mnfklsnqtstnyllfwswkisifalvfiliwcffdqealppngngfhllmlfigahvggkivsvigipqllgylvagiiygnlfnvtlnrtltttirsialmiiflraglnldptaikrlvsavfqlgflpalletiiyailsiwllkmniawalmlgfvvaavspavvvpemiklkennigvskgiptlaiaaasmdniltitgfyitfsfafdknitnnstgnmvwsiakgpveiligiiyglvfgsvlwfipdpsdgdsfkskrkynihrftaillfgsvalfgsakcnfkssgplailvlsfmvaikwrprnvlsfqqnslktlwiifehflyvligfdarfnsdteikiifysililiigvtirmvtafiftygidynikerlfialawlpkatvqaaigsialenattddetrmgsiilniavlsilitaplgaiaidvtsrkflvqdeqeeqrnnqiieadpnqamvrqsitqcl,483,PRJNA702011,IonTorrent;IlluminaNovaSeq;PacBioSequel;,BT_genome_CUHK,FALSE,35535514,Scaffold,3687816,854,117
14,Tigriopus californicus,TRY75264.1,maspgftspgpsgspgplvpqleapplpanrghdaiksecesslegtpvvvaepnepcssadelspskssrrvvskwirpmllrhyppltsqsswrtrllyavlcpihgqiarvvtylllfvlivlvsfcllghigtppngtvflllvlvtlgalvgqaftwvhlppllgmlitgivlknlpfiefedrwavwsstlrgvalviilmraglgldpealkrlsalvfrlaflpclaetsvvavashfllgfpwlwgfmlgfvlaavspavvvpcllqlqkegygvakgiptlvmaaasvddvlaisgftivlgitfspdaslvqlafqgpleaaigvasgivgglvviflphqamdsyglarfsllvggclvclfgsklvhfpgagalavlvmsfvagfgwrkqgwsddnlvskylshlwmifqpllfgligteikvgeidqstiglglavvlisltvrvivsflsvtdrklnlrervfialawipkatvqaaigpvaydtalnleprrsdyidlghqlltiavlvilvtapigaiaimttaprlltkqgkppssa,555,PRJNA237968,Illumina;PacBioRSII;,Tcal_SD_v2.1,FALSE,29988158,Chromosome,15806032,180,459
15,Oedothorax gibbosus,KAG8186330.1,mevatiqsnvvvdnwshwdmtdfetgekkwyhkvlefilptrkkmniyitkllilifffltvlgmlmkgampgsqvfavlllgllaaiggklisfiklppllgmmivgflfrnveaisfyedidrktimvlrevalaiilmraglgidgqqlkksklavlrltvvplivealsmgvfahfllglpwmfalmlgfilsaiapevilpvilhlesqgyggskgiptiliaacslddigaiagfticfsiafsddnliwtivkaplepvvgfafgavfgvifwsfpserlkkntlifynvllisfgamtvlfastrlglpgagplgcitlafiagikfrqdevrfkgvqkvtsqiwaiinpflfamigtevtldtlqnnagygilaifcalscrsvatvlvcfglnlnfkekiymvfswlpkavvqaaigsqaldyarihnlhpelqkygeivlnvcvlsilvtaplsavlctvfgpylltrdripeiedeyetedelsetpkpsasvagieasssqplvtpdsqkh,524,PRJNA681589,PacBioSequel;,Ogib_1.0,FALSE,34949821,Chromosome,979336,80,7802
16,Dermatophagoides pteronyssinus,KAH9417711.1,mlkrlketkeeiltlpylryilwliflftfvyltlvaffnekalppngdlfhmfclfilahlfgkifhiinlpsllgmlgagilygnlveleldkqilstirslalliillraglhlipeylrylsfsairviaipffaetfivaicsiiffqftfmwslligfvmsavspavvvpcmiriqqsglsegkgiptlniaaasiddvlsvtgfniflgfaipteksehmsltmkiiqgplqiiigiafglimgwilwylpetydkcdkndskkhhisrfslllmagmfalfgsiyvemeaagpmailimafvatikwrencweednehslkiiwlvlkrflfcligcelkfqtldadivgkaigclmigivlkiivtylvtfniglnhkerlfiafawmpkatvqaaigptalsiaqtdldiqngkviltaaalsilitaplgaicmdflctrlltkpnqndndnnidpnnnnipiinnhsvinitnitntnalhsptltieyapivqtkhgqirglvntvglwtksylyqgiryataerfakpvrvekfdeeiydaimernscpqflgglgntdkyhktnksedclflnvytptpktddsngdgangkllpvmvwfygggfqcgtiffplydgtylanygnvlvvfinyrvgpfgflyagtddipgnqafydqimglewvrdniqnfggdpnqvtifgesagsfsvsalvlsplakglfhraimqsgtivptvrfsnkqgaldktknlakklnckvddneeistvidclrsksmeeivdvatgdmeemisnqmigpilgdaflpedvlkfkygsngpvdimfgvtrdegsyfvvhfvpelkddntvmneeeirenirkilssyhiedhkeiedyylkqidindfnqvrkmfsdmfgdlrfncpvmlygqqmaranpknhfyayrfdrrtlvsdrmhcyewmgvchaseilyvfsnsmmtlypkdsqlsidimnswtnfaktgnpspigsslewpeafddnqssssssmnwmildiehriekdiykdvcekiwskqyhdwlakyfvdksgsnnekdel,1056,PRJNA388362,OxfordNanoporeGridION;PacBioSequel;,CUHK_Dpter_2.0,FALSE,29305317,Contig,963061,170,131
17,Tyrophagus putrescentiae,KAH9400465.1,mykiallsalfavtvnaygygggmgggfgggglgggfggglggglggglgggqsgtlavrtsqrvnfvdtpsqgysqptnvfvdsqsspvvlhfrsnsapvqiqhhhqsqpgsfrqtqstdephvrvhtvikpieqrvqevivprriitqqvqpvqedvqtivarqvqgggsigggagglgglgglggsgggsglgglgggfggnslggglggglggglggglgggfgggrggfgaqanyggggyggvpvlalggggggcgggcggggalvagaplllaggggglvassaagplavvsrhrinyvptasapgfaraqkifvdapmspvqlvvrsfsapvhllhkhipsrgtyratasvdgpsvhrhtvtkpviqelvelitprrvirqqvqpvqedvqvnvarnvagggavlaggaggaggagglvgglsagglvgggggavlggeglvaldggaglgdggygsggglvalggeeidagglsggvvlggggggkssigynglsfvvllfaasthayyggggggrsaqlidvrqladdmslaygqggggggggvllsgggaglsgsaggalllgggggddgagailssgggfssgagfsslgslggggggfsggigniaiqrapqrvdvlpvqsnevpaeptnlvvdshsspinlivrslsqgvnldvqhipsrgtfrqtesedepsiheiitpirrvvqrvlpvqediettvpravkavpvvapvapalvaapaplaapllpapvpllggfvpirprggcsgrgggcggrkfagtiaygrglggayvlgnlteackltalfgmlisgfiygnsinislekkltsafrqlalltillraglhldpvlirklsfatfrlafgpllveifmialssyylfelplvwaimlgfvtaavsaaiivpemiklqeagkgvdkgknsiafnccwvysvliglafsdstktengstgqliwsfakgpveavsgvalgvvfgvifwhiphtapkedkqvstatdkynlhrlvlfiavgifmlfgsehlnmsgagplaclvlsfvaalrwrpaglvdyqeenlkmswqvlepmlyaligsdvrlrdlqpemllygivcllsamllrtiasfgftfnigcsfkeklfiaiawlpkatvqaaigpvpldhaknetdihrgkivltvavlsivctapigalaiqffskillkdekkkkeevcfiatllassayayggyggglvvgslssgallggggggggylttdggdggggllslgggggggdggfltstsfsggraglgalpivrtqkvdfirvpqqaqavavepaqllvdsqmnpislvyrshgapinivqkhipsrgtfrqsqseeepsrhlhiheiitpfrkeeintvvakaspavaavpvaapvllsgggggggiggfggsggggfggsgysarlsgggggrivsgpslgtsageygslalnngy,1438,PRJNA706095,IlluminaHiSeq;PacBioSequel;,CUHK_Tput_1.0,FALSE,35535514,Scaffold,2913131,635,176
18,Amphibalanus amphitrite,KAF0289584.1,madptatyvfppvdpspaeqrrraserstsseekqsrsswresltgtdlatrgsgskpptisddvadgdvflgeplelqspepsgpchrcarpllrssyappagaalwrralygctcppwgwlegllsaaavtlavwglalaltgphalpggqifgilcllvlclaagwvaalvrlppllgmlimglclanvpglrsvassipegtssllrnmalmviltraglgldaaalrrlslvvlrlaftpclcetltvgvaahlllgfpwiwafmlgfvlaavspavvvpcllslqqqgygvekgvptlviaaasvddvlaisgfgvllgvnfsrgaltekllsgplevvmglgygvvggvllwylpgasnsrlallrlllltctgllalfgsqkvgyagagalaaltlafvaghgwrrsgwtgdtnpvsdaysvlwfvfqpllfgligaeiqvnalradtvglgllvlfigltvrmavtffvvlgggltvkerlfvtlawlpkatvqaaigpvaldfarqyaptpeniglgeqvvaiavlvilvtaplgaaaimlsaprllskasqvgpddkevqkvangdnta,580,PRJNA549550,PacBioSequel;IlluminaHiSeq;,SNU_Aamp_1,FALSE,FALSE,Scaffold,458238,116,2240
19,Oedothorax gibbosus,KAG8183784.1,mtnpsiipspceeddavsetsksakelwsslwtcppisplttmtsmaaiaflfygsiwgltakeampggpvfglfmlalvcylggqftkliklptlvgmmvfgfilrnvpainiakdipsewgsnirhmalilillraglevdsdillkqkatctklifipfifelvagslaakylldmpwlwaftlgsmlsavspavvlpvmlklqkkgigtengvptmviavagiddvlaltayevlfgvlmgkgnmewliargpievivgiiygialgiflwyiphpeerktsvfrflllllggmfclfgsqqiewgaagalgciclpfvaairwkkhkdwddeenpvgealafiwkiiepflfgligseiklemlkptlvglslatmfialffrmaasmlaawtaglsfkeqvfvtfaglpkatvqaaigpqalnyvrgdeelagqkdliahatmiltvavlaiiifaplgsvlisilaprllskptnndveksktsvpaimdsipmyqqnssydiknenrlsnpensnsrehqnnqyssssvcsqnwrniennsnvntsekl,557,PRJNA681589,PacBioSequel;,Ogib_1.0,FALSE,34949821,Chromosome,979336,80,7802
20,Dermatophagoides farinae,KAH9493942.1,miiqfihkhcplftwklltitmiylnlliilpakslppdgdlfnmvilfvgahflgllsekiglpplfgmlvagflhgniidnemdptltsttrslaliiiliraglnldpqairtlssvcarlsllpsivealivtllswiwfgfnlswslmlgfvigsvspavvvpsmviiqeqnygvqngiptlliasasvdnvfaitgvsvclsfainngdggsnisqmiltivrgplealagiiyglivgiilwyiperydrkksaerfeihrfillattslfiwfgsqqanlksigplailtapfvasirwrqnnlgqlsresfrilwvvfenflfcligfsvrlrkldtsvlfggiviiliaviirmivaylvtygqfdrkerlfmaiswlpkatiqaamgpvaldlaqtnddigraqivltlavlsilltapvgaiamdrtyrkllknysnenlnpntnnmtssepmdlenqtttnkvndamknktkakrssismmkngrlfwqqknrsnislnqqfyqesqnktpvdknqlrnwglpepilhhygqksisrffdwqveclelpgvlddqknlvysaptsagktmvadivlfktllerrkkaiiilpfvsisvekvqslkqvfrrlglridsfagqtnprgglqrvdaavctiekannmvnrlieekkiaeigliivdelhmigdtsrgyilelllsklihmksnpfaedidlrqlqiigmsatipnlndiakwldaeffvtdyrpvplnehvvvgneilkvstnsiqpdtqfsslqstvvssglsnndnngeieciplktidcnllklntafsqsliymaietlaqgfstlifcptrsmcesmaksiasnifsigqkdripqndfernirnsihsdqilsyqrsvslintlkrsssgfdpnlervlkfgcafhhagmtmeergtveqgfrdgtlrilcctttlsagvnlparrvmitspldysnkllavgnyrqmigragrkgidtlgesflfcadkdinmarrlistkmqsiksnlitiqklnnnkssattsveqiptssnikwqpvlndqllravlevianemvkniddihvylgctffrncplnllgsqtnmekdeiinecirmvldklktyefiyihsseannseeksddsrinvtdlgravissgvspsdgqfiyeelkrfrtklslltdlhlvyqttpvyiinqlpdidwhhylnlyerwdkntrhiakligisehficiqvstsgmktstqaqihrrfyaslalfelieevpmwkvqqkynldkgilqslqqqastfagmlstfcqrlewktlaklfeefqprlsfgvqldlidlvripcinsmiarqlhskgyedissliqlkpkdieialmtskdlipdgnndpneariylstldctitiaelskmiikearmlkekeigqkisfdneiesgstvnspasivnddlpppeqekeqafskptlkiqrsnesmdmmepdgnnkriktdhsltsndyievpieedsssgsslpssstpnankqpqsnsiqpsspksdtstffddedddelleglsliisktkddqgtnktvmmpesskslsmstmsidediellqmleqqeqqdssedpeshsqsssvntieskdeadrflqsladneiinppllhesnvtvdnfelitiengqscqdflarifpendnnqivalyfrfeqrknqnkqrtmivlkpgdqclstqqqpsdeplgfrlrnssdlylvglyvtklnqkqiyyinghealeflrqnwfthlsnvvlgtestntirfvchdvkqavrcfydvfnfdwtfisyriewndatvatwlldpesqqynidsirikdlpkwamnhqldidyfnridkyrqilintkrypfgcqslqdvdyllkililfnlvygllirlreqnlyksyrlieipsricisvmesnptkvdreymnqledtiqdlisrietkifatvgrsfnlnspdqiakilysqemglissyfnvttsspgssskrlstktslpkitpvtrkpstskmalmrlqesvgkkshlptmiiewrrlnhaltnsimtinrhwhlrnndsfiygnccewtatgriamydpnlinldndfeikshlndaiknddvkstlihirrmiispdnyelvtadycqlelrilahfskdtnlvkvlnnidvdvfksiaaswkqisidqvdyetrqqakqicygiiygmgdeslaqkleitreeaaeykqsffqrynrlnefitktidncrqkryvetiagrrrqlsaivspksvessracrqalntkiqgsaadiikiamiavqkqidqqcfdvrfvlqmydelmyqvrrdqleqfgsclkrqmemvgnylrvvlpvkishgqnwselepll,2345,PRJNA174061,OxfordNanoporeGridION;PacBioSequel;,Dfarinae2.0,FALSE,35535514,Scaffold,8981490,431,10
21,Sarcoptes scabiei,UXI19638.1,msdiraialmiillraglhlemktlkkisfasvrivlipflaeiaavaastyyflsieigwamlsgfvmsavspavvvpfmiriqkaglseekglptliiaassiwdvlsvtgfvvclsfvvkrpsnstlnlllraplqilvgvlygtilgvllwylpeihrnqenqsksqydlhrlillllaayfamfgsdqidlsgsgplaililsfvasirwrkygwldvnekrlrvlwsvfkpylfclvgfnvrfseirmeivvlgfvcfiiglicrsiceflmthglglnykerlfsviawipkatvqaavgpvaldyarneretyyatvivtmailsvlitaplgaiaidsvsgrllsknknqdldeeeegpdetrrelnlpkefeaisncpslderyd,395,PRJNA749654,IlluminaHiSeq;PacBioSequel;,ASM2084414v1,FALSE,FALSE,Chromosome,6519198,670,9
22,Blomia tropicalis,KAJ6219928.1,mlfigahvggkivsvigipqllgylvagiiygnlfnvtlnrtltttirsialmiiflraglnldptaikrlvsavfqlgflpalletiiyailsiwllkmniawalmlgfvvaavspavvvpemiklkennigvskgiptlaiaaasmdniltitgfyitfsfafdknitnnstgnmvwsiakgpveiligiiyglvfgsvlwfipdpsdgdsfkskrkynihrftaillfgsvalfgsakcnfkssgplailvlsfmvaikwrprnvlsfqqnslktlwiifehflyvligfdarfnsdteikiifysililiigvtirmvtafiftygidynikerlfialawlpkatvqaaigsialenattddetrmgsiilniavlsilitaplgaiaidvtsrkflvqdeqeeqrnnqiieadpnqamlhnetsssssfssflpsdpillvgsfyiittnqdcpledlettfitiiiivartlalhsftisissnhrqkamlllivslamrtttlafsiffccgqrlvsgkrrfyvdvpktwlnnnkyplsdryvnvnpilftnhhirlvtayssgapnsknvctslipghgsrqnaispyklihsenvdgqivinlvatsqvtfagfivqardaenydtivdgeflrsegtqvkschsgksntwthssgqtktqvstlwipparfngsvifkgtvvqvkqaywdqimseplfmlngyrvdqkhftqnyntltnneqgtseplssssldynqcsermclglgdstdclstrtcqailtskqetdttefmimakpsgdhkgkyysvgfshddsmgddlvfdcytdsngrvkvgmsynhgksneilsgskiirdgigqytdgviqcrwkldqniaingkqydlvdkkyymllahgtvesddgeksyhdlrarssetvnlasvgqlitrdmtylikihgglmvfswmftvslaiifaryfkeawsnqllcgvkiwfafhrtlmvvsvimmviaqtsifyyvggyrigihqvlgsiafafalfqplgalfrphpdagsrwifnwlhwfggnaghitataaillatrlktaslpesflyivmawilfhvvmhiilqfhsscsgnsktsdmamhemrngermymdkgssssrsgfksfllsiytlvvlaittilvllivipemvterlpfi,1161,PRJNA911905,OxfordNanoporePromethION;,ASM2920402v1,FALSE,FALSE,Chromosome,15739378,202,7
23,Tyrophagus putrescentiae,KAH9408692.1,mvilfraglsldlnvlkrlsaivgllaftpclveaaavavftsfffnslppswalltgftlaavspavvvpqmlqlqskklgvrkgiptlitaassiddvlaisgfsvlvprqmtlgklimsllkapseaavgiiygllggallwyipevcskpkstensillllfgsfsifgsqkldiggagplavmmlsfvaairwrpagfdvscesslktlwsilyhylfcliggeiriknlqtsvllyatlvilfslifrlaaaflltygssfsakerlfiaiawlpkatvqaalgpvaldmatdkedierghlvltfsviailmtapigavlidlssrillstdesftisylefftwklaifalvflnlwaffgdealppygslfhlwmlfisghfagkiatlfkmpallgmmiaeaaviavasffafnlswslslmlgfvvasvspaivvptmidltdrqigvakgiptlitassgvdnsfalsafyvcfslafssqsslvwtilkppaeliagvliglvvglitwfvpeqchpypktitgkynlhrfitlllcstfflfgakklnftssgpigilvlsfvaslrwkafgyaafcedglkkmwdgvlncylfvlvtaeirlktletsvllfgvpillvalivrvvtafavtygagfnyrerlfaaiawipkasvqaaigsaaldaaqtesehqtgilvltiavlsilltgplgalaldysarpllvgstcddcvegkyrrkyhkkdyeqldddeeeeenalplvy,761,PRJNA706095,IlluminaHiSeq;PacBioSequel;,CUHK_Tput_1.0,FALSE,35535514,Scaffold,2913131,635,176
24,Tyrophagus putrescentiae,KAH9408692.1,mvilfraglsldlnvlkrlsaivgllaftpclveaaavavftsfffnslppswalltgftlaavspavvvpqmlqlqskklgvrkgiptlitaassiddvlaisgfsvlvprqmtlgklimsllkapseaavgiiygllggallwyipevcskpkstensillllfgsfsifgsqkldiggagplavmmlsfvaairwrpagfdvscesslktlwsilyhylfcliggeiriknlqtsvllyatlvilfslifrlaaaflltygssfsakerlfiaiawlpkatvqaalgpvaldmatdkedierghlvltfsviailmtapigavlidlssrillstdesftisylefftwklaifalvflnlwaffgdealppygslfhlwmlfisghfagkiatlfkmpallgmmiaeaaviavasffafnlswslslmlgfvvasvspaivvptmidltdrqigvakgiptlitassgvdnsfalsafyvcfslafssqsslvwtilkppaeliagvliglvvglitwfvpeqchpypktitgkynlhrfitlllcstfflfgakklnftssgpigilvlsfvaslrwkafgyaafcedglkkmwdgvlncylfvlvtaeirlktletsvllfgvpillvalivrvvtafavtygagfnyrerlfaaiawipkasvqaaigsaaldaaqtesehqtgilvltiavlsilltgplgalaldysarpllvgstcddcvegkyrrkyhkkdyeqldddeeeeenalplvy,761,PRJNA706095,IlluminaHiSeq;PacBioSequel;,CUHK_Tput_1.0,FALSE,35535514,Scaffold,2913131,635,176
25,Tyrophagus putrescentiae,KAH9408692.1,mvilfraglsldlnvlkrlsaivgllaftpclveaaavavftsfffnslppswalltgftlaavspavvvpqmlqlqskklgvrkgiptlitaassiddvlaisgfsvlvprqmtlgklimsllkapseaavgiiygllggallwyipevcskpkstensillllfgsfsifgsqkldiggagplavmmlsfvaairwrpagfdvscesslktlwsilyhylfcliggeiriknlqtsvllyatlvilfslifrlaaaflltygssfsakerlfiaiawlpkatvqaalgpvaldmatdkedierghlvltfsviailmtapigavlidlssrillstdesftisylefftwklaifalvflnlwaffgdealppygslfhlwmlfisghfagkiatlfkmpallgmmiaeaaviavasffafnlswslslmlgfvvasvspaivvptmidltdrqigvakgiptlitassgvdnsfalsafyvcfslafssqsslvwtilkppaeliagvliglvvglitwfvpeqchpypktitgkynlhrfitlllcstfflfgakklnftssgpigilvlsfvaslrwkafgyaafcedglkkmwdgvlncylfvlvtaeirlktletsvllfgvpillvalivrvvtafavtygagfnyrerlfaaiawipkasvqaaigsaaldaaqtesehqtgilvltiavlsilltgplgalaldysarpllvgstcddcvegkyrrkyhkkdyeqldddeeeeenalplvy,761,PRJNA706095,IlluminaHiSeq;PacBioSequel;,CUHK_Tput_1.0,FALSE,35535514,Scaffold,2913131,635,176
26,Dermatophagoides pteronyssinus,KAH9424775.1,mllmefinkhcslfiwkllsilmiflnllvifpheslppngnlfhliilfigahflgllseriglpplfgmlvagflygnfndrveldtklsstirslaliiillraglnldpkairrlsiilarlslipsiiesliiglltwicfsfnlswsliigfvigsvspavvvpsmvdvqeknygtkrgiptlliastsvdnvfaitaisvclsfafpnsneerdsdhlvqtvltisrgpleaitgiiygiiigiilwyipahhdsrliknsssrtanhknkknhyeihrfvllattslfiwfgsqkgnfksmgpiailtapfiasirwrennlgkfsreslrilwlifenflfsligfnvrlrqldisillsgiliivfsvivrmivafavtfggqfdrnerlfmaiawlpkatiqaamapiamdlaqntedkrraqimkngrlfwqqknqsnislkqldettqnghipidknqlrnwglsepiiqyyarkgisrffdwqidclqlpgvleqqknlvysaptsagktmvsdillfktlldrrkkaiiilpfvsismekvqnlkqvfrrlglridsfagqtnprgglkrvdaavctiekannminrlieertisdigliivdelhmigdqsrgyilelllsklmhmksnplacnaddnidlhqlqivgmsatipnlndiakwlnaelfitdyrpvpldehvvvgneilkissnqnqnladtqfnscastaiaslggnnrqevecqplktidlnqlklstttmshsliylaietlaqgfstlifcptrsmcesmaktiaanifnigqkeripqndfesfirerihsdqilsykrlvslietlkrstsssssggfdpnlervlrfgcafhhagmtmeergtveqgfrdgtlrilcctttlsagvnlparrvmitspfdyannllpvgnyrqmigragrkgidilgesflfcsdkdirlarrllsaeilpiksnlvtvkksnnnnktntscstsstnsdqnitkksqwqpiindqllravlevianemvknindisgylgctffrncplnlfgsqqqqqsqteeneeiinesirlvldrlkqfefiyiespdngdsrivctdlgravissgvsptdgqfiyeelkrfrtklslltdlhlvyqttpvyivnqlpdidwrhylnlyerwdkntkfisqmigisehflciqvsmsglmkqttsneslihrrfyaslalfdlieeipmwkvqqkynldkgtlqslqqqastfagmlstfcqrlnwktlaklfdefqprlsfgvqldlidlvrlpcvnsmiarqlfnkgyedisslinlkpkdielalitskdlipddssnvdpnevkiflstldqtititelskmiikearmltekeigqkisfedeiesgstvnspvnlvvdqqpeqpeeqeeepalstepskmersnesidnsiestnsnkriktdidlssinhhhddndymikevpiiqedsnsdskssiissstpnvtkqiqstsstkptetsilfddddddflleelsliltkkesekisetiaqpstskslsmstmsidadleilemleqeedtkqqeedskqpkqeekeshssetvrneritasndknddeiwlddkddisfddddsteetspmnspassvdskedmdkflqslsnnddddhneiihnlpslhesnvtvdnfelikidnrelcrdflaqifpetdqnivalyfrlerrkdssehhrrtmivlkpgdrklstqqppstespdestglrlknspdlylislyvtklnqtqifhidsqealkflqqnwfkhlqqksstrrsihfvchdvkqacrclnevfnfewkfllnhlewydvtiaqwlldpessppynidsirikdlpvlartnqlsdidyfdnvsnyyrrkillnsnphryrskdssiqdldiilkililfnlidglllrlreenllksyfrieipsricitmmesnptkidrkylneledtiqdlisrieqkivakigrsinlnspdqvgkvlysqemglissyfnvttnttaaspsprskskrlssllpkitpvtrkpstskialmrlqesvgnrsnlptmiiewrhlnhaltnsimainrhwyyrrdddpddsliykqccewtatgritmldpnlinldndfeikthlndatistatgdnnirstkihirkivqspdnyqlitadycqlelrilahfskdknllnvlnnlavdvfksiaadwkqipieqvdyetrqqakqicygivygmgdeslaqklditsneageykqsfferynrlqefinktidncrqnlfvetiagrrrqlplirspkldessrasrqavntkiqgsaadiikmamisvqkqiverkfdacfvlqmydelmyqvridqceefglflkqqmemvgdclrvvlpvklsmgrnwsemdpffflekmssssnndnqqqqqrrrermkrndrrrrrlplwmdilddeilnrtifeddnddddddddndnveydwttiqrpfpkgaktnaaaiigaktmindpldhskvndmlidhdnddnnpninqnpnilgndntireimfkwmideilepptpsiigpliqngwscrtieeldecaysfdiltnpgipipkndqdvqdlcdktqsglkclsddakecakgsvkavlvkvitdlanginqrcadsgeraefakhvqcfhdeskaapirncvnrhivmmervsnldkplrlggaccgshyyrkclidsiqqscggdsadyfnevidaaigqnmelmckdlsdtdkceakydsttltelktimessepiqsnqyktlipiivkmlrea,2778,PRJNA388362,OxfordNanoporeGridION;PacBioSequel;,CUHK_Dpter_2.0,FALSE,29305317,Contig,963061,170,131
27,Nymphon striatum,KAG1663788.1,mkirlqvdkvqmkeskmgecdeksnknivgeemkplnpdndeqtdvissntipitgaleevkfsekcrsrqskmkclccqhdsgsvnnfnfvieklylceimcvillwmslysiigcqllpeghlfalfilivcciiggnlisllhfppllgnfflyfsmlvvgfllrnvphinvaanlnpqwasalrsialvviliraglgldpqalkqlslvclrlaftpclvetivvavsshlvlglpwlwgfmlgfvlsavspavvvpsmisiqekglgcakgiptliiaaasvddvlaisgfgivlgitftegslgwtiakgpievliglaygiflgvtlwvipyrskenkyiyrflllstggtvavfgsriasfggagalgclilsfvaavgwkkedinesdqvahifanlwyffqpilfgligaeitvdnldastvvliamvsmllegpnvlkqtahpymranssrstgtswcilvyeivlhsigygiavlsiglffriiasffvvlgagltmkerlfialawlpkatvqaaigpvaldlaraqadkelehyglqvltisvlvilitapigaaaialsapklltpqreasndeeksv,594,PRJNA595812,PacBioSequel;,SNU_Nstr_1.0,FALSE,FALSE,Scaffold,701800,140,1638
28,Nymphon striatum,KAG1663788.1,mkirlqvdkvqmkeskmgecdeksnknivgeemkplnpdndeqtdvissntipitgaleevkfsekcrsrqskmkclccqhdsgsvnnfnfvieklylceimcvillwmslysiigcqllpeghlfalfilivcciiggnlisllhfppllgnfflyfsmlvvgfllrnvphinvaanlnpqwasalrsialvviliraglgldpqalkqlslvclrlaftpclvetivvavsshlvlglpwlwgfmlgfvlsavspavvvpsmisiqekglgcakgiptliiaaasvddvlaisgfgivlgitftegslgwtiakgpievliglaygiflgvtlwvipyrskenkyiyrflllstggtvavfgsriasfggagalgclilsfvaavgwkkedinesdqvahifanlwyffqpilfgligaeitvdnldastvvliamvsmllegpnvlkqtahpymranssrstgtswcilvyeivlhsigygiavlsiglffriiasffvvlgagltmkerlfialawlpkatvqaaigpvaldlaraqadkelehyglqvltisvlvilitapigaaaialsapklltpqreasndeeksv,594,PRJNA595812,PacBioSequel;,SNU_Nstr_1.0,FALSE,FALSE,Scaffold,701800,140,1638
29,Penaeus vannamei,ROT78782.1,mlgfvvaavspavvvpcllklgedgygvekgiptlviaaasmddvlaitgfsvmmgltfakgsttwtvlkgpfeiftgivygivfgivcwylpyrekknraiykllmlfglgglamfgshkvglessgaiavltvafvaglgwrkpgnedaavgkyyrflweifqpmlfcligaeidvmaiepstvgwgllalivgltlrvatsfvvvmgasftvwerlfiaiawlpkatvqaaigslaldyvqgsdsepdsediqrgvkvvtiavmvilvtaplgaaaikltgpkflarkpssnsqqdsettv,304,PRJNA438564,PacBio;IlluminaHiSeq;,ASM378908v1,FALSE,FALSE,Scaffold,605555,84,4683
30,Halotydeus destructor,KAI1299850.1,mmvakeyvrngalqlllivfifgttwsifgdealprkgkiftlfvlyilanvlgeafelvklppllgmllsgflitnvlkleldtktssslrsmalaiillraglgldplalkklsglclrlafipclvetvvygligkyilnipfewsfllgfvisavspavtvpgmialqeknlgtekgiptlviaaasvddvlaitgfgvvlgfvfvsssdpvwaggkalifppfshaptrpflwapaylrgvfwprppapvfsrapptcsrvyaailkgprvperpf,281,PRJNA756307,PacBio;,ASM2275052v1,FALSE,FALSE,Contig,874492,208,132
31,Penaeus vannamei,ROT78781.1,megnsesqdllvqqepsggnvneasdvsddchdsseqlslspagspteappsykpepqvpdipsssvthdaaidnctyndtpereycdtnnevgdsygdgecatstnygsrvghsrgasqvsscepsvcrmsgrdlchsrgastdgstmeaypysasesrrgtyseagtlpigstiieenmqgwdresekklsdseevgttysrklvsfcdccqsvlrsqhqlrehptalelikyaftcpphgkvgdcllwlligfafwgclvsitgeealpggnffslivlyvfamlagdavkhiglpsllgslvvgilfssipginvigsnldhswsaalr,333,PRJNA438564,PacBio;IlluminaHiSeq;,ASM378908v1,FALSE,FALSE,Scaffold,605555,84,4683