,species,protein-accession,protein-sequence,protein-length,project-accession,sequencing-technology,assembly-name,assembly-status,scaffold-N50,coverage,scaffold-count
0,Hypsibius exemplaris,OQV21679.1,msrprlsqasstglpqwrqsrvgslsgtnhliptrfifekiesthsssssnnnnnnqhsdtggtgydvressesgshnnkpsstvvyrstfqifvsaddpdyaapegldgiavlgrrgiklnimgheddeggegessrsicarlqacldrskrsvlhkhntlpddptlpqriwylllcpphgpcavfltkiligllvwltllsllkedalpggnvfalviligaafvggflislirlppllgmlivgfmlrnvpginiagdidpkwssvlrnialtviliraglgldgpalkklsksvlllsflpclaeaasvglashfilgfpwlwafllgfvqgavspavlvpfmlnlqetrlgtkqgiptlliaasslddvlaisgfsvllsvifsqgaalwfnilqgplemlmgltygifigfifwylphrrhddlstlrflfllcgglvgvfgskalgfsgagalgaltaafvaghrwrapgwdhemvkaaqvfaylwtfcqpvlfgligaevvlanvhmetvglalavmfvtilvrmavtvlavsfagltlkerlfvaiawlpkatvqaalgslaldaareikaapdiillgekvvtiavllilitapvgavaiafsaprllqkddsdvsvkpdankiskderslemlernpktaetvkmidvad,661,PRJNA360553,PacBio;IlluminaHiSeq;,nHd_3.1,Scaffold,342180,113,1421
1,Ramazzottius varieornatus,GAU88015.1,mkehpgikkigskvllednplpvnpsfsrrlwyhflcpphsylaylltrgmvclliwltafavfkqdalpggnvfalfvlvvsamlggflvslvklppllgmlimgcllrnvphidfakdidqrwssllrnvaltiiltraglgldsralkrlsksvlllaflpclaeagsvgiaaylilqfpwiwgfllgfvqaavspavvvpfmlklqadklgtkkgiptllmaasslddvlaisgfsvllstifsridtalwfqiiqgpleivvglaygtfigvvfwylphrehddvalfrflflflgglavivgskalgfsgagalgcltsafvaghkwrtpgwdvervkastvflylwtvfqpalfgligaevifqrikaetvgltiavlviglvvrmaftmvavtgsglnwkeklftaiawvpkatvqaalgsvaldiaretnalpevidlgekvvtiavllivitaplgaititfsstrlleaedhptvgrdaegdfednslresgefdgddisvirtanqilnsrdfngafspnvermkmidepgsdiflprk,551,PRJDB4588,Sanger:ABI3730xlDNAAnalyzer;Illumina:GenomeAnalyzerIIxsequencer(Illumina);,Rvar_4.0,Scaffold,4740345,177,200
2,Hypsibius exemplaris,OWA52319.1,mpapgdhlrkissrvllkhnplpekptfrqrlwhkclcpphtalgnllsralicllvwlagfslvredalpggnvfalfvlviaamlggflvsliklppllgmlimgcllrnipvvnyakdisptwssilrnvaltviltraglgldsralrklsksvlllaflpcaaeagivglaayfilsfpwlwafllgfvqaavspavvvpfmlrlqetrlgtnkgiptllmaasslddvlaisgysvllssifartdtalwfqiiqgpleilvgllygcvigiifwylphrghedvglfrflflflgglvsiigskavgfsgagalgcltaafvaghrwktpgwdvervksstvflylwtvcqpvlfgligaevvfariqpatvglgtavlviglvvrmiftmvavtgsgmnlkeklftaiawipkatvqaalgsialtlareknssaemillgeqvvtiavllivitaplgaiaitltaprllqkedgdvrvddeekkngaiydedgedgeesivlgrkepyendgvrrmiddtgsdinvrv,538,PRJNA360553,PacBio;IlluminaHiSeq;,nHd_3.1,Scaffold,342180,113,1421
3,Hypsibius exemplaris,OQV23204.1,mfetlqylhlsntelrpahwyegnhkypegntaessslshrvlrqftstlietheiqrmlpksngnpqptviamqpidwrrtnvdngqrearnggfvrrwtnalmlknsppienptcvqrfrrallcpphgslaynltkiiaiialflafiailkaealpggnfwgllvvtvcamvgeeiakklrlpgllgmlvagfllqnvpgiraatsitpawssslrsialviillraglgldivvlrrlsksvasvafvpstiescavavashfilgfdwlwsfvlgylltavspavlvpsmlalqenglgvdkgvptllvaassienvyaievfsvlmsvgfsttsltmqilqapieivigvsyglatgvlfwffphnghpsksayrfiillgagltavfggnalkysgagplatlimafiagyewrksdapshkevaeklaklwryfqpvlfgligaavsiekirpetvglgiavifigvlvrffvtpfatlganlnwkekmfasiawfpkatvqatlgskvydyttlvlstqtvpdpyllrvqqigiqmltiavlcivitaplgalgitftqnrllqkkkptelevserefieeelsggkdnmvdslfprnlpkkrhsepnmrmfpdeftft,629,PRJNA360553,PacBio;IlluminaHiSeq;,nHd_3.1,Scaffold,342180,113,1421
4,Ramazzottius varieornatus,GAV01214.1,matksefvgksqpivrdgdgshstritsngspksslkeaiemgrlddrkdsredishgqvssteytnghastgpgmsspqttrlafirrlqnavlaknstvppaaasrwqrikytllcpphgklaynltkvlvvtllfltfvamlgdearpggnfwglllvticacvgeqiaktirlpgllgmlvagfllqnvpgirvaaairpawssalrsialviilirgglgldiivlkklsrgvallaflpstvesvvvgvvahfllhfdwlwafvlgylltavspavlvpnmlhlqeiglgvergvptllvaassvenvyaiqvfsvllsvgfsttsltmqilqapieitialvygsivgyslwyfpdythpsrqayrfvlllaagmtavfggntlkysgagplacvitaftagyrwriqdaaahkatatdmsklwryfqpvlfglvgasvslsrikgdtvglgialifiglaarclctpiavravglnwreiafstiawspkatvqatfgakvfdyttlalaesagqnkdahllqiqqfgvqmltiavlcivitapigalgitllqdrlltksvppvsleegvnsgpdlldqqrekggkdtdrrialtastaqsdvflhtvkc,619,PRJDB4588,Sanger:ABI3730xlDNAAnalyzer;Illumina:GenomeAnalyzerIIxsequencer(Illumina);,Rvar_4.0,Scaffold,4740345,177,200
5,Ramazzottius varieornatus,GAU92661.1,mnqrrasegnkylcircadptckneqcqkpgrlttstfegvgfmgkvkkavqevlrpalksshtqpspdaplaqrlkydlllpptgivsrlvtlallafmiwaalwsvlgsqmllhgnvlglymivlvglaagwlvermrlapllgmlivgalfrnvypidfaryvdskwssvlrnlaltviltraglgldqdairkrlgavmslallptfgitifiailahyminfpwlfsaalgflisavspavivpimlvfqeqklgqgkgipsliiaaaticdviaicgnsiclgvalsngslafniaaifltfivgfafgifvgwilvyfpsgdddtasifrfvlllcsgalcifgskianlsgagaigalivpvvasrgwrhkgygdsiqkiaaalkscwyilqpllfgligaavdiatlkpdkvglfigllfaahavqllvtylatfrfgftwkenlflaisflpkatiqaaigataldiatknrmsyeyiqlgadtlncavlailffapiggvllmatggylldkpsllptmavtpatttsrdskpannlrgpvrkdedtgtvngsfvadqydvrrrgssnqvnesrqgrrsr,591,PRJDB4588,Sanger:ABI3730xlDNAAnalyzer;Illumina:GenomeAnalyzerIIxsequencer(Illumina);,Rvar_4.0,Scaffold,4740345,177,200
6,Hypsibius exemplaris,OQV26214.1,mlpniylpkerkanptvpfqpqhhltvtsvvtvssmphhdkitfsphrpgqparlepsasqasmvsttnervvnvsdrrsltaapctdyackheqcrlrneqrqrkwysgcwngltrkwmrlfqpvmksshpapgpsagwfrqvgyemmlpptgiaarlvtlamlaffiwaafwsvltkdmlphgnifglymvvlfalilgylveriklapllgmlivgcfmrnvppldftkyvdktwsssirnlaltviltraglgldqvalqkrfwaimslavvptfaitgfitvvavymldfpwlhsaalgflisavspavivpimlvfqeqklgtvkglpsmiiaaaticdviaicgngillgialsngslafniaaapiqivvgigfgilvgwilvyfpsgddnaatifrfilllcsgvlcifgskianlsgagalgalttpmvavrgwkrkgytnsvfqistalrycwvicqpllfgligaavdfstlrpqrvgliigllisahvfqffatlaatwgfraftwrehlflafgflpkatiqaaigsnaldiamknnlgddmitlgrdtlncavlaivfmapiggvllmltgpklldkepllpvvtmeekaakeeddepssppytngmvqnggsqveiggivngsfeydrdmrrrsgvsiqlqnldnrrgsksql,669,PRJNA360553,PacBio;IlluminaHiSeq;,nHd_3.1,Scaffold,342180,113,1421
7,Ramazzottius varieornatus,GAV01898.1,mvgmssafdppnektslrlgeavaaddipavlpigpssqngrlsrispalhrllrplvkssypcpdcssstaqrlkyhlllppsgivarlitllllatltwaalwslfpaemlrkssisglyllllaglvagwlveriklapllgmlivgvlfrnvypidfakhidrscsgairnialaiiltraglgleqeaikkrfwavmslaivptlsitafitlvghymnglpwlfsaalgflisavspavivpillvfqeeklgqekglpslliaaaiicdviaicgnsiclgialsngnlqfniaaifltfiagigfglfagwilthfpagdddwatifrfillvctgllcifgskavnlsgagalaalivpmvagqgwrrkgcsdslqeisvslktgwfifqpllfgligaavdvtslqrdkvglfmallfsahalqlaatyvatcnfgfnckenlflaigflpkatiqaaigstaldiatknqmgpdliqlgtdtlncavlailffapiggvllmatgrhlldkpapatpqaprp,533,PRJDB4588,Sanger:ABI3730xlDNAAnalyzer;Illumina:GenomeAnalyzerIIxsequencer(Illumina);,Rvar_4.0,Scaffold,4740345,177,200
8,Hypsibius exemplaris,OQV23203.1,mflnsngkhppaviemqptepidasrvdaksdqqaarngsfskrwtsavmekntrpiehltgvqrfrrallcpphgalaynltkiiaiialfsalvailkaeafpggnlwallvvticamigeeiatklrlpgllgmliaglllqnvpgirvatsitpewssslrtvalvvillraglgldivvlrrlsksvasvafvpsttescavavaaryilgfdwlcienvyaievfsvlmsvgfattsltmqilqapieivigvsyglaaglvlwylphnghpskspyrfiillgaglaavfggndlqysgagplatlimaftagykwrksdassheevtaklamlwryfqpvlfglmgaalstekiqsetiglgiavifigllvrflvtpfatlgahlnwkeklfasiawfpkgtvqatlgskvydyttlalstqtapdpyllrelltqstfvslqmltiavlciiitaplgaigitftqgrllerrivsgateqeldtserefikeelpagehimvdfpesclenntgkq,527,PRJNA360553,PacBio;IlluminaHiSeq;,nHd_3.1,Scaffold,342180,113,1421
9,Ramazzottius varieornatus,GAV01215.1,matksefvgksqpivrdgdgshstritsngspksslkeaiemgrlddrkdsredishgqvssteytnghastgpgmsspqttrlafirrlqnavlaknstvppaaasrwqrikytllcpphgklaynltkvlvvtllfltfvamlgdearpggnfwglllvticacvgeqiaktirlpgllgmlvagfllqnvpgirvaaairpawssalrsialviilirgglgldiivlkklsrgvallaflpstvesvvvgvvahfllhfdwlwafvlgylltavspavlvpnmlhlqeiglgvergvptllvaassvenvyaiqvfsvllsvgfststayvarr,338,PRJDB4588,Sanger:ABI3730xlDNAAnalyzer;Illumina:GenomeAnalyzerIIxsequencer(Illumina);,Rvar_4.0,Scaffold,4740345,177,200
10,Ramazzottius varieornatus,GAV01897.1,mepagldfssiscapvlkmsvdharcqqpvadinpesrcstislvpyrhiklfctaqpllvrrevrltrqtsgcsflyklklyiqegyrcaskvflscpyllklvsslrmvgmssafdppnektslrlgeavaaddipavlpigpssqngrlsrispalhrllrplvkssypcpdcssstaqrlkyhlllppsgivarlitllllatltwaalwslfpaemlrkssisglyllllaglvagwlveriklapllgmlivgvlfrnvypidfakhidrscsgairnialaiiltraglgleqeaikkrfwavmslaivptlsitafitlvghymnglpwlfsaalgflisavspavivpillvfqeeklgqekglpslliaaaiicdviaicgnsiclgialsngidggisiivivpqvspmqlakfvar,428,PRJDB4588,Sanger:ABI3730xlDNAAnalyzer;Illumina:GenomeAnalyzerIIxsequencer(Illumina);,Rvar_4.0,Scaffold,4740345,177,200
11,Ramazzottius varieornatus,GAU88122.1,"MLQYIRKKESQFLYEKNILPEHPTCAERVYHAFLCPPHGRVADIIVKLLLGLLAWLTALSVFKDDALPGG
NIFALLVLVYSAFIGGYIMSLIQIPPLLGMLIAGFMLRNVPRINIAGDIDPRWSSVLRNVALTVILTRAG
LGLDGKALRKLSKSVLLLSFLPCTTEAISVGIAAFLILGFPWLWAFLLGFLSGAVSPAVLVPFMLHLQEI
KLGTRKGIPTLLIAASSLDDVLGISGFTILLSVIFSGSPLWFQIIQGPLEILMGLSFGLVIGILFWYFPE
RQNADLSVLRFVFLFLGELVAVFGSKAVGFSGAGALGCLTAAFVAAHKWRQPRYDADRVKASVVFAYMWT
FCQPLLFGLIGAEVDLQSVNRETVGLAVGVLIIGLVVRMAFSVLAVSGAGLNFKEKLFTAIAWLPKATIQ
AALGSLALDTARALKATPEVILLGEKVVTIAVLLIIITAPLGAIGIGLSAPFLLDREPSTAENDEESGLS
PQSRPKGIAEVLVDAQERAGMLTPEDSNL",519,PRJDB4588,Sanger:ABI3730xlDNAAnalyzer;Illumina:GenomeAnalyzerIIxsequencer(Illumina);,Rvar_4.0,Scaffold,4740345,177,200