"","X","species","protein.accession","protein.sequence","protein.length","project.accession","sequencing.technology","assembly.name","genome.refseq","pubmed.accession","fasta.names"
"1",0,"Cloeon dipterum","emb|CAB3359964.1|","mtlclaiaatlltfgalisllgnaavppdggifqlvmltfvalafgflaslcklppllgmliagimlknvgafnlegtyldavstlrklamvvilikaglgldplalkrlsctvlrlafcpclveavtvmcaanlllrmpwlwgillgcvlgavspavvvpsllglkeqgygedkgiatlviaasslddiaaislfgiflgliftdqggnltmlilqgpieifigiafglcygllivyvphreesnvkiwrillllgggilsvlgserigfggagplglivaafvassgwfsnpnnanitktvegffstawvifqpilfgligteikfseletstlllglavlffglclrvatvwiitvngilslkerlfvsiawfpkatvqallapialdlaretnapeemihlgeqvltiavlsilvtapigavaikfsgprllnqmkneqs",444,"PRJEB34721","False","False","False","False",">Cloeon-dipterum-emb|CAB3359964.1|"
"2",1,"Cloeon dipterum","emb|CAB3362979.1|","mvitldtehhlqiksewlpriqptlmcpdsillpkvlqmclvltlvyctaffllgktaappsgslfqfitliavaltfgkafefvdippligmllagillkevgfinfgsdykeailslrkisitvilikaglylnpevmkrlswivlrlafapccveavtcmavayiildlpllwgllmgfvigavspailvpsllklekegygsksgihtlgiaasgiddilaitmfgiilglifdagtflsdvikgpvgvlagviigvlygliliytphkseknvvfyrvflqlaggivcifgshaigfdgagplacmvstfvatcgwsaagqdpavlksvtttfsgiwyifepvlfsvigteihlsrlsgrivlqclavlllalmmrllvaflvtaggvfetrerfflaiawmpkasvqgllgpialemateqndgqaamrgniiltlavlsivvtapvgaiaikiagsrlltk",468,"PRJEB34721","False","False","False","False",">Cloeon-dipterum-emb|CAB3362979.1|"
"3",2,"Cloeon dipterum","emb|CAB3360254.1|","massdnpmphsilhvpnsnpkgeerrvslavgdnapskdnpafenddeaanghstkrssdthrkhksplalpngfpeenvygkqekekkslwdwlalmpngeqfarlvaymviglliwsimyvllgqdaspkggqlfqiaamcivaklggwlatrvrlpallgmlvvgiiaknvglitvhgeyehvvsdirkvalviiliragldldpsatrklfgtilklalvpwlieccmvailshflldlpwgwafmlgsieaavspavvvpgllrlrlkgfgvakgiptlilavtgiddafsvaafgvissvmltsgsllytvtlgpasvllgvayglvwgnmtrfvpkqhdpyavhlrvlllffgglmavlgsekigyegagplgvilasyicgciwmeqgweveenpvaisfevfwlifepilfgmtgtqidfsqidpkilwkailcigvaafirifftiiiaigsrlnlkekifisfswmakatvqaalgpvaidlvrehgseeekeyarsllmvcvlsilltapvgavtialtgprllkrttatmpegwrrhtrpslrdislndediedddepepeapppsgrrstrssirevlnr",594,"PRJEB34721","False","False","False","False",">Cloeon-dipterum-emb|CAB3360254.1|"
"4",3,"Cloeon dipterum","emb|CAB3360255.1|","massdnpmphsilhvpnsnpkgeerrvslavgdnapskdnpafenddeaanghstkrssdthrkhksplalpngfpeenvygkqekekkslwdwlalmpngeqfarlvaymviglliwsimyvllgqdaspkggqlfqiaamcivaklggwlatrvrlpallgmlvvgiiaknvglitvhgeyehvvsdirkvalviiliragldldpsatrklfgtilklalvpwlieccmvailshflldlpwgwafmlgsieaavspavvvpgllrlrlkgfgvakgiptlilavtgiddafsvaafgvissvmltsgsllytvtlgpasvllgvayglvwgnmtrfvpkqhdpyavhlrvlllffgglmavlgsekigyegagplgvilasyicgciwmeqgweveenpvaisfevfwlifepilfgmtgtqidfsqidpkilwkailcigvaafirifftiiiaigsrlnlkekifisfswmakatvqaalgpvaidlvrehgseeekeyarsllmvss",514,"PRJEB34721","False","False","False","False",">Cloeon-dipterum-emb|CAB3360255.1|"
"5",4,"Cloeon dipterum","emb|CAB3360256.1|","massdnpmphsilhvpnsnpkgeerrvslavgdnapskdnpafenddeaanghstkrssgqcetvardlttpaidhcasittvcdppadthrkhksplalpngfpeenvygkqekekkslwdwlalmpngeqfarlvaymviglliwsimyvllgqdaspkggqlfqiaamcivaklggwlatrvrlpallgmlvvgiiaknvglitvhgeyehvvsdirkvalviiliragldldpsatrklfgtilklalvpwlieccmvailshflldlpwgwafmlgsieaavspavvvpgllrlrlkgfgvakgiptlilavtgiddafsvaafgvissvmltsgsllytvtlgpasvllgvayglvwgnmtrfvpkqhdpyavhlrvlllffgglmavlgsekigyegagplgvilasyicgciwmeqgweveenpvaisfevfwlifepilfgmtgtqidfsqidpkilwkailcigvaafirifftiiiaigsrlnlkekifisfswmakatvqaalgpvaidlvrehgseeekeyarsllmvss",543,"PRJEB34721","False","False","False","False",">Cloeon-dipterum-emb|CAB3360256.1|"
"6",5,"Cloeon dipterum","emb|CAB3364807.1|","mtvggeqsenrpslprvvsftkmendlqnfsnayvnpaftddekyeeakvptagspalpnesvptfgpsgssscsiccykfwskiktflptrlratrltalwllgfaswgtvlllvgedaappngklwllillsvvakaggwlaiqcrlpgllgmllagmalqsagvvsiegpylglirvirkaslviimmragldldpnsvrklkftilrlgwmpwaiemccvaamtkylfdltwswafilgaveaavspavvvpnlillrekgfgvvqgvptlvlavtgiedaisiatygvissimfstgslvfsilqgplsvlagiatgvvigylskfvpdkndpyvisirvfllllgglvavlgfdrlslsgagplavivaafgagtafanqgwpvgqnqvaltfgvlwqffepvvfglvgaqikvaelpantvglatacvfgpalvrfivtmvllsgsslnlkekffvslawmakatvqavlgpaaldlvrnsedkelvesanimfivcvisilltapigailiattgprllrkatnaaerr",537,"PRJEB34721","False","False","False","False",">Cloeon-dipterum-emb|CAB3364807.1|"
"7",6,"Cloeon dipterum","emb|CAB3364808.1|","mlasniclvfsllligsdalppngqlwqlillsvvakafgwlvtqfrlpgllgmllagillqcvglvsiegnylgliriirkaslvvimmragldldpksvqklkfsimtlgwmpwavemccvaamswwlfelswswafllgaveaavspavvvpnlillrergfgvakgvptlvlavtgiedaisisafgvisslilstsslvysimqgplsvivgviagcvtgllfkftpdkddpyaisirifllllsgflmilgfdfvklpgagplaviiaafmagatfanqgwlvgqnqvaltfgvlwqffepivfglvgaqikivelplqmvglaaacvsapaivrlittlilltgsgfnvkekvfismawmakatiqavlgpavvdmvrdsddlilhesadivfnvcvtsilltapigailiavtgpkllskgtgtslerrrvvvrrqsseftnfiksdnsvmsssl",463,"PRJEB34721","False","False","False","False",">Cloeon-dipterum-emb|CAB3364808.1|"
"8",7,"Cloeon dipterum","emb|CAB3360257.1|","massdnpmphsilhvpnsnpkgeerrvslavgdnapskdnpafenddeaanghstkrssdthrkhksplalpngfpeenvygkqekekkslwdwlalmpngeqfarlvaymviglliwsimyvllgqdaspkggqlfqiaamcivaklggwlatrvrlpallgmlvvgiiaknvglitvhgeyehvvsdirkvalviiliragldldpsatrklfgtilklalvpwlieccmvailshflldlpwgwafmlgsieaavspavvvpgllrlrlkgfgvakgiptlilavtgiddafsvaafgvissvmltsgsllytvtlgpasvllgvayglvwgnmtrfvpkqhdpyavhlrvlllffgglmavlgsekigyegagplgvilasyicgciwmeqgweveevcfvtpllnymtfalt",417,"PRJEB34721","False","False","False","False",">Cloeon-dipterum-emb|CAB3360257.1|"
"9",8,"Cloeon dipterum","emb|CAB3360258.1|","massdnpmphsilhvpnsnpkgeerrvslavgdnapskdnpafenddeaanghstkrssgqcetvardlttpaidhcasittvcdppadthrkhksplalpngfpeenvygkqekekkslwdwlalmpngeqfarlvaymviglliwsimyvllgqdaspkggqlfqiaamcivaklggwlatrvrlpallgmlvvgiiaknvglitvhgeyehvvsdirkvalviiliragldldpsatrklfgtilklalvpwlieccmvailshflldlpwgwafmlgsieaavspavvvpgllrlrlkgfgvakgiptlilavtgiddafsvaafgvissvmltsgsllytvtlgpasvllgvayglvwgnmtrfvpkqhdpyavhlrvlllffgglmavlgsekigyegagplgvilasyicgciwmeqgweveevcfvtpllnymtfalt",446,"PRJEB34721","False","False","False","False",">Cloeon-dipterum-emb|CAB3360258.1|"
"10",9,"Tigriopus californicus","gb|TRY75264.1|","maspgftspgpsgspgplvpqleapplpanrghdaiksecesslegtpvvvaepnepcssadelspskssrrvvskwirpmllrhyppltsqsswrtrllyavlcpihgqiarvvtylllfvlivlvsfcllghigtppngtvflllvlvtlgalvgqaftwvhlppllgmlitgivlknlpfiefedrwavwsstlrgvalviilmraglgldpealkrlsalvfrlaflpclaetsvvavashfllgfpwlwgfmlgfvlaavspavvvpcllqlqkegygvakgiptlvmaaasvddvlaisgftivlgitfspdaslvqlafqgpleaaigvasgivgglvviflphqamdsyglarfsllvggclvclfgsklvhfpgagalavlvmsfvagfgwrkqgwsddnlvskylshlwmifqpllfgligteikvgeidqstiglglavvlisltvrvivsflsvtdrklnlrervfialawipkatvqaaigpvaydtalnleprrsdyidlghqlltiavlvilvtapigaiaimttaprlltkqgkppssa",555,"PRJNA237968","Illumina;PacBioRSII;","Tcal_SD_v2.1","False","29988158",">Tigriopus-californicus-gb|TRY75264.1|"
"11",10,"Cotesia congregata","emb|CAG5095999.1|","mdnigqnlrsfedttrsrrvsisdqvigidnpifdhhrrisassdhnpdcqkkksilhhssvenlqhkldldnghtnnqirkksamslsssirdkieyteelkspcfsrswlylfctrchgkddtpsweppgwrracprpfcpsyrkfarvlclillglmiwgvtysvigadaapggplfglatlaiaahfggwlfslttlpaligmlltgfvmqntglvyiegrysevianlrkvalviiliragldldpnalkrqkitlpkiglipwtveatlvavttrylldlpwiwtfligsivaavspavvvpclfrlrrkgygvakgiptliiaiagiddaasvaifgivksvlfshdslwyqilqgpisiigglgfgilwgylskyvpekgdpykiplrvlmllfgglisvfgseaielggagplavvaaafvscyfwqeegwdvednpvaiafeifwmifepilfgitgtqikidelegetiylsvgclliaitlrivvtfvvsfkskvnnkekifialacmakatvqaalgpvaldfvkkddieqkryaettltfcilsilltaptgaiiislagpklltktttpaepqegwrsrkpsirdisiinedpdleensvnnh",618,"PRJEB43234","False","False","False","False",">Cotesia-congregata-emb|CAG5095999.1|"
"12",12,"Cotesia typhae","gb|KAG8042441.1|","mdnigqnlrsfedttrsrrvsisdqvigidnpifdhhrrisassdhnpdclkkksilhhssveniqhkldldnghtnnqirkksamslsssirdkieyteelkrswlylfctrchgkddtpsweppgwrracprpfcpsfrkfarilclvllglmiwgvtysvigadaapggplfglatlaiaahfggwlfslttlpaligmlltgfvmqntglvyiegrysevianlrkvalviiliragldldpnalkrqkitlpkiglipwtveatlvavttrylldlpwiwtfligsivaavspavvvpclfrlrrkgygvakgiptliiaiagiddaasvaifgiiksvlfshdslwyqilqgpisiigglgfvlmllfgglisvfgseaielggagplavvaaafvscyfwqeegwdvednpvaiaf",423,"PRJNA610722","OxfordNanoporeMinION;OxfordNanoporePromethION;IlluminaMiSeq;","CoteBio_Ctyphae","False","34319152",">Cotesia-typhae-gb|KAG8042441.1|"
"13",13,"Cotesia congregata","emb|CAG5097411.1|","merrvtveinetidiveedfstlqrqpddetrrypeeetccgravwchsklryiwiynpisncftmpyncvtwsslswlltslilvavtystlyflmselmlpggslfglfwmvvvayalgwsltyipflhippvfgmllagiifrssgfykihdhiplktttkirtfcvtflmirgglqltttalrsqplfllmlgllpstfeiiiiglcsryilqypwdwsflagtimtglspvvtvncilalaekgygedkdlagilstatsidsihvismfsicftlvfsedgrknfwkyipgglrdvvvgllvgvalgfifgflpyrnakyvtfyriaglimgslmftsgasmmtetgggylatmcmsfvsssiwkqlsgnpfnvrpfqktlffiwhfmqpvllgvigaemdltlwssqrfglhiscillgllirssaailstqgtdftmkerifvalawlpkgslqatlaplalesagqidhpeimslatdivrmsvvsilflaplgaiimmvtgpilltkideetqarrrel",529,"PRJEB43234","False","False","False","False",">Cotesia-congregata-emb|CAG5097411.1|"
"14",15,"Iphiclides podalirius","emb|CAH2066547.1|","mktrdhrlsnlsqrgnrspkldkkgtkhegrrtrnsqvpgsppgarrerskrsgveavklhlqetggtgrtsrsatshkalrksqrvsgypvflvhsslrfkrksarvvpqtnvtnslvnltvrktsirmaaikeypfdlsdlqnkqncgdetsqtpdrsnqnqsklnsdsvpaqgtpeegkrkvsimanenskdrenqpsernarvsaqaegpsrrksnlhnamaaemdsswdrpahiegrykkysttssiyskkaqshqsehierswwyaccqkchqeesgvpsweppywqkicpyplcpsyrhvaqtlsvfligvlvwviiwivmgntaapggqlftlavltiaayfggwimvkvttlpaligmlivgivmknigfvnfdenylhvcsyiragldldpvalkkyfltviklalipwtfecvlcavmanlllglpwdwafllgsiiaavspavivpclfrlrgkgygvskgiptlvlavsgvddaasvavfgivssimfanssvtmniiqgpmsviggiafgvfcgylvkyiperndaflvplrvllllagglmsvlgseeigwggagplaviafgfiacknwaeqgwelednpvatafeifwmffepmlfsvtgaqvviaeldshlvlvgggilitcvvlramltsasavrsnlnmkekvfvglawmakatvqaalgpvaldevrkmsgddeskaelikyaeivvtvcimsivvtaplgamvitvtgprllskttkppvlegwrrshrpsirdisiideeevaereceadsspevspaapnayntstpapvpvtvqpnhrt",804,"PRJEB51340","False","False","False","False",">Iphiclides-podalirius-emb|CAH2066547.1|"
"15",16,"Iphiclides podalirius","emb|CAH2066549.1|","mignswptpllksvftsltvkrlvvrktsirmaaikeypfdlsdlqnkqncgdetsqtpdrsnqnqsklnsdsvpaqgtpeegkrkvsimanenskdrenqpsernarvsaqaegpsrrksnlhnamaaemdsswdrpahiegrykkysttssiyskkaqshqsehierswwyaccqkchqeesgvpsweppywqkicpyplcpsyrhvaqtlsvfligvlvwviiwivmgntaapggqlftlavltiaayfggwimvkvttlpaligmlivgivmknigfvnfdenylhvcsyiragldldpvalkkyfltviklalipwtfecvlcavmanlllglpwdwafllgsiiaavspavivpclfrlrgkgygvskgiptlvlavsgvddaasvavfgivssimfanssvtmniiqgpmsviggiafgvfcgylvkyiperndaflvplrvllllagglmsvlgseeigwggagplaviafgfiacknwaeqgwelednpvatafeifwmffepmlfsvtgaqvviaeldshlvlvgggilitcvvlramltsasavrsnlnmkekvfvglawmakatvqaalgpvaldevrkmsgddeskaelikyaeivvtvcimsivvtaplgamvitvtgprllskttkppvlegwrrshrpsirdisiideeevaereceadsspevspaapnayntstpapvpvtvqpnhrt",706,"PRJEB51340","False","False","False","False",">Iphiclides-podalirius-emb|CAH2066549.1|"
"16",17,"Iphiclides podalirius","emb|CAH2066551.1|","mshsslschydsylpsdssletdalnrhwnarvsaqaegpsrrksnlhnamaaemdsswdrpahiegrykkysttssiyskkaqshqsehierswwyaccqkchqeesgvpsweppywqkicpyplcpsyrhvaqtlsvfligvlvwviiwivmgntaapggqlftlavltiaayfggwimvkvttlpaligmlivgivmknigfvnfdenylhvcsyiragldldpvalkkyfltviklalipwtfecvlcavmanlllglpwdwafllgsiiaavspavivpclfrlrgkgygvskgiptlvlavsgvddaasvavfgivssimfanssvtmniiqgpmsviggiafgvfcgylvkyiperndaflvplrvllllagglmsvlgseeigwggagplaviafgfiacknwaeqgwelednpvatafeifwmffepmlfsvtgaqvviaeldshlvlvgggilitcvvlramltsasavrsnlnmkekvfvglawmakatvqaalgpvaldevrkmsgddeskaelikyaeivvtvcimsivvtaplgamvitvtgprllskttkppvlegwrrshrpsirdisiideeevaereceadsspevspaapnayntstpapvpvtvqpnhrt",630,"PRJEB51340","False","False","False","False",">Iphiclides-podalirius-emb|CAH2066551.1|"
"17",18,"Iphiclides podalirius","emb|CAH2076751.1|","meqnlqqtdeaeqpstkwwhkfclrcherdstpswqpswwartfpfplfptyrqsaqrlcilmfffliwgiayvelgdavaangellsmtilvisayligwlwlkittlpaliamlvtgiafqnlnlvhmtneyrklnqdlrkvalviilmraglglnanilkkhyvavlqlglipwlvenfaiailshyllglpwmwsfllgsmiasvspavvvpclfrlrdagygvakgiptlllaaaaiddsisvavfaiilnalfstgsatyniivgplsiiagigfgalwgtiasiipekgdtyvvplrflflffgglfalfissligwsgagplaivssgftaayfwekqgwvvnknpvsnifrilwiffepilfaftgaqitisaldpdiikmgaicliacllirmvatflvsfgcglnnkeklfigvtwlakatvqaalgpaaldlvnngqttglppldeekfaktilamsvlsvvlsaplgailivitgprllsrtpasktpnevepnttsial",513,"PRJEB51340","False","False","False","False",">Iphiclides-podalirius-emb|CAH2076751.1|"
"18",19,"Iphiclides podalirius","emb|CAH2076753.1|","meqnlqqtgvrvytfvdeaeqpstkwwhkfclrcherdstpswqpswwartfpfplfptyrqsaqrlcilmfffliwgiayvelgdavaangellsmtilvisayligwlwlkittlpaliamlvtgiafqnlnlvhmtneyrklnqdlrkvalviilmraglglnanilkkhyvavlqlglipwlvenfaiailshyllglpwmwsfllgsmiasvspavvvpclfrlrdagygvakgiptlllaaaaiddsisvavfaiilnalfstgsatyniivgplsiiagigfgalwgtiasiipekgdtyvvplrflflffgglfalfissligwsgagplaivssgftaayfwekqgwvvnknpvsnifrilwiffepilfaftgaqitisaldpdiikmgaicliacllirmvatflvsfgcglnnkeklfigvtwlakatvqaalgpaaldlvnngqttglppldeekfaktilamsvlsvvlsaplgailivitgprllsrtpasktpnevepnttsial",521,"PRJEB51340","False","False","False","False",">Iphiclides-podalirius-emb|CAH2076753.1|"
"19",20,"Iphiclides podalirius","emb|CAH2066545.1|","mighlqnaavlvraatdslwkdgtseqdkkiaaqhaniiviaillmttlgsglttilgpillsqdskirdsdfhnsasipplhsydfkiinmfteatissraicyetesnsfnaiqgaemkldkriydkhhkkeaktlpessenvtsdkvipqnilvkekswwtaikldfvhyltlvvigiltwgllwsafgnnwrwdgpwfriaavavvawgsgllfqelttlppllaalltgifarhfgildmrhhinidaflrkiypviilgkaslawdinymksnwrqvvalgtvpwavevtttaicshyfldfpwlwgfmlgsiyasvscavimppvqrhtkdadrtqnwpqlictaggtdtalsvgvyglihsfmftdaidlyryikagltlfagaglgviwgslaklfphsadsyvtelrilfvlvggllanfftsavgwggtggvavlacnataakywsekgwklnqnpastayrvlwsacepmlfaytgtffvihttlsdtmikgfgilvitlttrllttalvcwnlsmkeklficctwipksiveavlsplaidtllmknagedhemrqaedimrllvqailittpigflltkhlgpfllckqrkgnktdleshksp",617,"PRJEB51340","False","False","False","False",">Iphiclides-podalirius-emb|CAH2066545.1|"
"20",21,"Iphiclides podalirius","emb|CAH2066543.1|","mtehdgiarveinetiknismeidgsktnslsvdrtstfsskllevvpskrelkqyfavilcgftlwctswfvlqdavlpgtaifnmagivvagyvfghvleryttisamagmtlvgalyrsfgqtniledpvadnidyhlrriypvliltkgplswnwpyiknnsvkvfllatlpwiveclstaifthvlleypwywglhlgsilssvspavvvptvmalnskgfgrrnkiallvanaggldttftegmfgvinsaifypappayrvikavlaifvgiglgvawgvvsdtlpnhtdpyvatlrsllifsggifltyasgylgwggtsgvavmvcavtaatrwsrrdwpinsnpvatvykvlwlifepmlftlsgyflevsqmtlkelglivaclflalllrlltafliaianrlsikeslfvavtwipkaiveavlvraatdslwkdgtseqdkkiaaqhaniiviaillmttlgsglttilgpillsqdskirdsdfhnsasipplhsydfkiinmfteatissraicyetesnsfnaiqgaemkldkriydkhhkkeaktacssiiinqslmeehyrllvgraskrktydimqstslpessenvtsdkvipqnilvkekswwtaikldfvhyltlvvigiltwgllwsafgnnwrwdgpwfriaavavvawgsgllfqelttlppllaalltgifarhfgildmrhhinidaflrkiypviilgkaslawdinymksnwrqvvalgtvpwavevtttaicshyfldfpwlwgfmlgsiyasvscavimppvqrhtkdadrtqnwpqlictaggtdtalsvgvyglihsfmftdaidlyryikagltlfagaglgviwgslaklfphsadsyvtelrilfvlvggllanfftsavgwggtggvavlacnataakywsekgwklnqnpastayrvlwsacepmlfaytgtffvihttlsdtmikgfgilvitlttrllttalvcwnlsmkeklficctwipksiveavlsplaidtllmknagedhemrqaedimrllvqailittpigflltkhlgpfllckqrkgnktdleshksp",1079,"PRJEB51340","False","False","False","False",">Iphiclides-podalirius-emb|CAH2066543.1|"
"22",23,"Iphiclides podalirius","emb|CAH2066541.1|","mtehdgiarveinetiknismeidgsktnslsvdrtstfsskllevvpskrelkqyfavilcgftlwctswfvlqdavlpgtaifnmagivvagyvfghvleryttisamagmtlvgalyrsfgqtniledpvadnidyhlrriypvliltkgplswnwpyiknnsvkvfllatlpwiveclstaifthvlleypwywglhlgsilssvspavvvptvmalnskgfgrrnkiallvanaggldttftegmfgvinsaifypappayrvikavlaifvgiglgvawgvvsdtlpnhtdpyvatlrsllifsggifltyasgylgwggtsgvavmvcavtaatrwsrrdwpinsnpvatvykvlwlifepmlftlsgyflevsqmtlkelglivaclflalllrlltafliaianrlsikeslfvavtwipkaiveavlvraatdslwkdgtseqdkkiaaqhaniiviaillmttlgsglttilgpillsqdskirdsdfhnsasipplhsydfkiinmfteatissraicyetesnsfnaiqgaemkldkriydkhhkkeaktlpessenvtsdkvipqnilvkekswwtaikldfvhyltlvvigiltwgllwsafgnnwrwdgpwfriaavavvawgsgllfqelttlppllaalltgifarhfgildmrhhinidaflrkiypviilgkaslawdinymksnwrqvvalgtvpwavevtttaicshyfldfpwlwgfmlgsiyasvscavimppvqrhtkdadrtqnwpqlictaggtdtalsvgvyglihsfmftdaidlyryikagltlfagaglgviwgslaklfphsadsyvtelrilfvlvggllanfftsavgwggtggvavlacnataakywsekgwklnqnpastayrvlwsacepmlfaytgtffvihttlsdtmikgfgilvitlttrllttalvcwnlsmkeklficctwipksiveavlsplaidtllmknagedhemrqaedimrllvqailittpigflltkhlgpfllckqrkgnktdleshksp",1043,"PRJEB51340","False","False","False","False",">Iphiclides-podalirius-emb|CAH2066541.1|"
"24",25,"Ampulex compressa","gb|KAG7201324.1|","mdvdmpgrtnkpseelakrrvsiseqvlgvdnpafdhhrrisassehnsdqgrrksilhhggsncgsaenipqykfdlengringnrkksafslsssirdkieyseelerswlylfcarchgrddtpsweppgwrracpqpfcptyrkfarvlclfllglmlwgivysiigedaapggplfglaalciaahfggwlfslttlpaligmlitgiilqnvglvsiegrynivvanlrkialviiltragldldpnalkrlkvtvpklglipwvieatvvaaltryllglpwiwgfllgsviaavspavvvpclfrlrekgygvakgiptliiavagiddaasvaiygivksvmfshdalwyqilqgpiaivgglgfgvlwgwlakyvpekgdpfmvplrvlmllgggllavfgseaielggagplavvaaafvscyfwqkegwevddnpvatsfeifwmifepilfgvtgtqikidmlegktvylalsclvagiviriaatilvgigsklnlkekvfialswmakatvqaalgpttldevnaddpvqvayaetvlticvlsilltapagailislsgpklltkttapvvppegwrtrrpsirdisiinedpdleetanerkp",620,"PRJNA731354","IlluminaHiSeq;","False","False","34166422",">Ampulex-compressa-gb|KAG7201324.1|"
"25",26,"Ampulex compressa","gb|KAG7212671.1|","mepigkdkpgvstvadvergdefrksspvprksnedeekddgyeddtcchratfcnpvireiivtepistclgqkltwanlfwmantagiilmvyailyfllgdtmlldgrgfrlfvliissyllgwtiayiphlnlppvfgmllagiiirntdfynireelgtetsskirifcltfitiraglqltttalrkhplfvlilaivpctvemlalstccryilqypwdwafmtgtiiacmspvvtvncilalaergygedkgiatllctatsidavhivalfaicfsfvfsndehrtewwsyipgglrdlllglvvgiilgfclvffphrnhryamwyrisslifgalmcttaasklaisgggylasvtmsfiaitgwriltesydtaplrraayflwhfmqpalvgvigadidfkdwsiyrfglyvttifvgltarsiaaflttlwtpftwkerlfvviswlpkgtlqaalapmayeharmeedaekielaldvvrisviaivflaplgaivmmatgpfllnkisleehrrerelsylrivslqpvrtrtkrrtpsmnratstteeasl",568,"PRJNA731354","IlluminaHiSeq;","False","False","34166422",">Ampulex-compressa-gb|KAG7212671.1|"
"26",27,"Brenthis ino","emb|CAH0726637.1|","mshsslschydsylpsdssletdaltnrhwngrvsaqaegpsrrksnlhnalaaemdtswerpthiegrykkysttssiyskkalshqsehierswwyaccqkchaedtgipswepphwqkicpyplcpsyrrfaqnlsilligimiwvivwiilgdtaapggqlfmfavltiaahfggwlmvkvttlpaligmlivgiimknigfvnfdsdyqhvasyvrkialtiiltragldldpgamkkffftvlklalvpwtfecvlcavmsnlllglpwdwaflmgsifaavspavivpclfrlrekgygvskgiptlvlavsgiddaasvavfgivssimfsnsslttniiqgpvsiiggiafgvfcgylvkyipekndaflvpirvllllagglmsvlgseeigwggggplaviafafvackewveqgwelednpvatafeifwmffepmlfavtgaqiviadlpphlvlvsagiimtciilralltsvsavrsnlnmkekifvgfawmakatvqaalapvaldevrkmagddeskiellnyaemvftvcimsivitapigaivititgprllskttkppvlegwrrshrpsirdisiideediaerdaeaeagtqhsppvspiptavpnaistpnpitvqpnsrt",644,"PRJEB49202","False","False","False","False",">Brenthis-ino-emb|CAH0726637.1|"
"27",28,"Brenthis ino","emb|CAH0714536.1|","mepyshqtgvrvytfieennqdinasnswwyklclrchqadptpawqpiwwkkvfpfpifstfrqsaqqlciilffflvwgilyaelgntvsidgeilsmtllviaayligwiwlkvttlpaligmlltgiifqnlnlvymteayrklnqdlrkialviilmraglgldagvlkkhyiavlqlgllpwlveciaisvtthfllnlpwiwgfllgsmiasvspavvvpclfrlrdagygvskgiptlllaaaaiddsvsvavfaiilnamfstgsmtfniikgplsiivgvvlgslwgafvsvvpekgdiyvvplrflalflgglfslfissligwsgagplaivssgfiaayywdkqgwpvnknpvsnlfriqwiffepilfaftgaqitlsaldpqviamgaiclvsclvlraiftffisfgcglnakekffigltwlakatvqaalgpaaldlvhsgqttgvspteeekyaktilavsvlsviisapigailialtgprllsrdsdtkavgienehniavnntpl",527,"PRJEB49202","False","False","False","False",">Brenthis-ino-emb|CAH0714536.1|"
"28",29,"Brenthis ino","emb|CAH0714537.1|","mepyshqteennqdinasnswwyklclrchqadptpawqpiwwkkvfpfpifstfrqsaqqlciilffflvwgilyaelgntvsidgeilsmtllviaayligwiwlkvttlpaligmlltgiifqnlnlvymteayrklnqdlrkialviilmraglgldagvlkkhyiavlqlgllpwlveciaisvtthfllnlpwiwgfllgsmiasvspavvvpclfrlrdagygvskgiptlllaaaaiddsvsvavfaiilnamfstgsmtfniikgplsiivgvvlgslwgafvsvvpekgdiyvvplrflalflgglfslfissligwsgagplaivssgfiaayywdkqgwpvnknpvsnlfriqwiffepilfaftgaqitlsaldpqviamgaiclvsclvlraiftffisfgcglnakekffigltwlakatvqaalgpaaldlvhsgqttgvspteeekyaktilavsvlsviisapigailialtgprllsrdsdtkavgienehniavnntpl",519,"PRJEB49202","False","False","False","False",">Brenthis-ino-emb|CAH0714537.1|"
"29",30,"Brenthis ino","emb|CAH0726632.1|","mqgnkhtvtvidkgvylvhqeeektsiqttpivsidklskedevkkaswfdskaptvfhyialvilgaltwgylwcalgedwslngqwfrltiigviawasglilqelttlppllaalltgiiarhfgfvdmraypyidgflrkiypviilgkgslswdvkfikqnwkqvlalgalpwsaevlavavcthfllgfpwiwgfllgsfyasvscpvimpsvikhgksasgkvnwsqlictaggldttlsvgtfgvlfsfifyefddsyhyvkailalplglvlgiawgslakyipnpndvfvtelrvlfvlagglfvnmfttsigwggtggvavlacnataashwsktgwklnqnpaatvyrvlwstcepvlfaftgtffvvhssisetmliglgillvcltvrlitavlvcwkltlkqkifvcctwipksiveavlcpmaiitiiaqcqhieelaiaedlmrlivqaiiittpigflltnnlgsmllnenncedieskprftsrkssafhhdedsnl",516,"PRJEB49202","False","False","False","False",">Brenthis-ino-emb|CAH0726632.1|"
"30",31,"Brenthis ino","emb|CAH0726633.1|","mseddclivravcvgeefekmqgnisiqttpivsidklskedevkkaswfdskaptvfhyialvilgaltwgylwcalgedwslngqwfrltiigviawasglilqelttlppllaalltgiiarhfgfvdmraypyidgflrkiypviilgkgslswdvkfikqnwkqvlalgalpwsaevlavavcthfllgfpwiwgfllgsfyasvscpvimpsvikhgksasgkvnwsqlictaggldttlsvgtfgvlfsfifyefddsyhyvkailalplglvlgiawgslakyipnpndvfvtelrvlfvlagglfvnmfttsigwggtggvavlacnataashwsktgwklnqnpaatvyrvlwstcepvlfaftgtffvvhssisetmliglgillvcltvrlitavlvcwkltlkqkifvcctwipksiveavlcpmaiitiiaqcqhieelaiaedlmrlivqaiiittpigflltnnlgsmllnenncedieskprftsrkssafhhdedsnl",516,"PRJEB49202","False","False","False","False",">Brenthis-ino-emb|CAH0726633.1|"
"31",32,"Brenthis ino","emb|CAH0726631.1|","mvsestqaddnirnkasdkamklkisfiktseikknnagalqklysklpstlelkqysavcicilsiwgtswflfkdhvlpggfifsmatliitgyicghtlekyttinavvgmtligalcksfsstnflenpsadtidfhlrriypviiltkgpltwnwkyiksnsvkvfslatlpwiaeclstaffshillgfpwywglhlgailasvspaivvpttiafsekglglknqiallvanaggldtaftegmfgvinsaifyqsppiyriakailaifvgialgmswgvlidvlpdhndlyaptirsllifaggilfsytggylgwggtsgvaimvcagaaatrwsrrnwpinnnpvsevykllwrifepmlftlsgyfievshmttkdfglivscifgalsirmlaaflvamvnqlpvkeslfiaitwmpkaiveavlvrvatdslwaegatpkdewiakqhsniiviailltttlgsvlttvlgpillspdakvapedpqpssaphssefananntldslqyidsq",527,"PRJEB49202","False","False","False","False",">Brenthis-ino-emb|CAH0726631.1|"
"32",33,"Blomia tropicalis","KAI2808467.1","mnfklsnqtstnyllfwswkisifalvfiliwcffdqealppngngfhllmlfigahvggkivsvigipqllgylvagiiygnlfnvtlnrtltttirsialmiiflraglnldptaikrlvsavfqlgflpalletiiyailsiwllkmniawalmlgfvvaavspavvvpemiklkennigvskgiptlaiaaasmdniltitgfyitfsfafdknitnnstgnmvwsiakgpveiligiiyglvfgsvlwfipdpsdgdsfkskrkynihrftaillfgsvalfgsakcnfkssgplailvlsfmvaikwrprnvlsfqqnslktlwiifehflyvligfdarfnsdteikiifysililiigvtirmvtafiftygidynikerlfialawlpkatvqaaigsialenattddetrmgsiilniavlsilitaplgaiaidvtsrkflvqdeqeeqrnnqiieadpnqamvrqsitqcl",483,"PRJNA702011","IonTorrent;IlluminaNovaSeq;PacBioSequel;","BT_genome_CUHK","False","35535514",">Blomia-tropicalis-KAI2808467.1"
"33",35,"Ooceraea biroi","gb|EZA53303.1|","mqstaedepttstvknarasnntqvreksvqiqedknedeedddntcchratfcnpvlreiivtdvistcfelqltwadlfwlattsgmtllawaflyfllgdvvlpggnifglfilvifsyalgwtlagiprlhippifgmllagiilrntdiynihdelgpgttskirtfcltfimvraglqltttalrahpmfviilafipctiemlivsilcryflefpwnwsfmtgnkfcsrtivacmspvvtincmltlaesgygedkglasllctaatfedvhivslfticfsfvfsnddrrtewwsyipggirdillglivgiilgfalaffphrnhkyvtwyriggltlaslmsttaasrlaitgggylatiilsfialrgwrilessfdttpfqkafyflwhfvqpilggvigadidfrdwpksrfglylicvlmgvsmrsgtaflttykmpfswkerlfvaiswlpkgtlqaalapmaferarkeddptkielaldvvrisviaivflaplgaigmmtsgpfllnkisieeyqreremsyahtvglqpvrtrkkkvnplpd",562,"PRJNA230364","False","False","False","24508170",">Ooceraea-biroi-gb|EZA53303.1|"
"34",36,"Hyalella azteca","KAA0203922.1","mfaspacglppllgmllsgialrsfpgiriigeslnpnwsasirnvalvvillraglgldpkalkamslvvfrlacvpclvettvvavvshfllgfpwlwgfmlgydadmlsllfilaavspavvvpcllqlsqqgygvdkgiptlviaaasiddviaisgfgvmlgmtfsegslawqilhgplevliglsygavmgficwilpnkhhqscsllqfamlftagllalfgsqriefggagalavlsmafiagvgfrrqgwgdddnpvgqhcnvawgylqpmlfaligteiqilsleldtiglgvatlcisltcrvvttffvvlgsglnirerffvalawlpkat",343,"PRJNA243935","Illumina;","Hazt_2.0.2","False","29634279",">Hyalella-azteca-KAA0203922.1"
"35",37,"Hyalella azteca","KAA0201437.1","milifklwrevgevltqvvqlllvwgalyaitgdaaapgghifsllvvfvcsvmggkvteacglpallgmllagialrsipgvkiigdslnpswpwqlmshsfgrkmalvvillraglgldpkalktmsltvfrlafvpslvesttvaivahfllgfpwlwsfmlgyrlsqqgygvdkgiptlviaaatlddvlaisgfglmlgmtfsegsltwqllhgplevlmglsygammgficwilpnehhqsrsfqqftilisagffalfgsqkvrlgalavlcmafiagigfrrqsggdknlvgqhftvawgylmpmlfalmgteiqimqleldtiwlgvallcisltcrvvttffvvlgsglnirerffvalawlpkatiqaaigstaldyavrigadeteialakkvltivvlvilisapigaiaimtsaprllqraiqpapstsv",444,"PRJNA243935","Illumina;","Hazt_2.0.2","False","29634279",">Hyalella-azteca-KAA0201437.1"
"36",38,"Hyalella azteca","KAA0184655.1","mylfidvggvsgegfflirlhlcqacglpallgmllagialrsipgvkiigdslnpswkmalvvillraglgldpkalkamsltvfrlafvpslvesttvaivahfllgfpwlwsfmlgyclrvlqlvvpcllqlsqqgygvdkgiptlviaaatlddvlaisgfglmlgmtfsegsltwqllhgpievlmglsygavmgficwilpnehhqsrsfqqftilisagffalfgsqkvrlgsvs",242,"PRJNA243935","Illumina;","Hazt_2.0.2","False","29634279",">Hyalella-azteca-KAA0184655.1"
"37",39,"Hyalella azteca","KAA0184656.1","mtvhtitlavpspsaaydneaadideispaeiksklysqelshrrlqhrahdtcleagtyaegslenvgiacgreidekkrpsarlrelkfpnhdsdagsrdfagknvgindtsdgkqgnlescrelwrccrpvmkkhnplppsptwgdrimyafscpphgkvvqlllvwgalyavtgdaaapgghifsllvvfvcsvmggkvteacglpallgmllagialrsipgvkiigdslnpschsfrrkmalvvillraglgldpkalktmsltvfrlafvpslvesttvaivahfllgfpwlwsfmlgyrvsvlqlvvpcllqlsqqgygvdkgiptlviaaatlddvlaisgfglmlgmtfsegnlyagnnlllacrivdmatspwty",386,"PRJNA243935","Illumina;","Hazt_2.0.2","False","29634279",">Hyalella-azteca-KAA0184656.1"
"38",40,"Apolygus lucorum","gb|KAF6215493.1|","mplhvelrggsastggvlpllpklswrdgrkneyaeklgalmsepldynaaaqdlvssmigrvvraaeassmggmespggrepwwdwscsrarsrsfsllrlfresgssmvraaylsanalyksvcrrrekeyydelaaqfsrvrdarydwtfsqdlfryylsefkineisiiyyggvttkkvnplegnsapsllwfssvgtkrakessedvqlmprkgldsrmtkegekapkecevllkgpeseagaqivpavngsplkketveqrkcgcgggvvklissqgnlgntwfltigsllvilaltwgvlyvllldeaapggdlfkllilivsayfagqlvalcklppllgmliagialrtcgfykiggvyleiviklreaalttilikaglgldapallklsftvlklafvpclaeaaaaavvahvcfdypyfwgfmlgfmlsavspavvvptllslkaegygeskgistlviaasglddivaislfgvfqgmiftpgsiasqvsvgpiemvmglsvgilwglfiafvphrddayvtakrtillgagslgavlgsekihyggagplacitsafvasfawknqgwsnsyhpvadnfstvwlfiqpvlfgligaeidllalhsetiamgfivvfgaliirfaacvlcvlgtklnwkeilfvnlawlpkatvqaalgpepldkvrssgdpneadllrgqqlltiavlsilitapigsigisisgpyllsnegwegdkekvksiegadtamhmsegsedverakv",759,"PRJNA526332","PacBioSequel;","False","False","32939994",">Apolygus-lucorum-gb|KAF6215493.1|"
"39",41,"Apolygus lucorum","gb|KAF6214444.1|","meplsegnnvqrntestfrevslqtdpgseetvskqnggevqiectnendertsqgketgwngwlkrqggvpnsplvdsifhlillfliwalllaifreqalpegnvfnifillvlsnisgilfrliklpglfgmlltgiilrstdvyqlsgpyvgistiarefalaiiltkaglaldpeilkkkaftvvklsllpcigesiavlfgahyiigmpwlwaillgfvlspispavvvptlislkergygedkgiatlviaasaiddvfsivafgvvlkmifsagegvsttiingivdlvggilagllwalvssllpsqsdaavvskrsamlgvggvslvlgtsalnhsvigtmgsitaslfaniawcaqdpsnlkhnpvanvlsvvwrytepmlfamvgaeidlksipptmivqglavlavgllgrvlvcylalfgtglnmketvfvvlawlpkatvqaaisaqalyivrtrqnsvsstedlelaswilntailsivvtapigaiainvlgskllnkkts",518,"PRJNA526332","PacBioSequel;","False","False","32939994",">Apolygus-lucorum-gb|KAF6214444.1|"
"40",42,"Apolygus lucorum","gb|KAF6215470.1|","mardpsdpkgtdpiilktrarklmeaeegarfergdnhpkhclsrieehfdeqnmpgecmgggdekeprrevrgelnpsydddepkrkvsislnssqtspterkvsqassggkpksilvngdnismqhstyteqprkfstysedqkrssiydpeesiesswwfllctkcrqketgpgwepphyqtfcpypfcptyrhlarifaltllgllawgiiyfvigpdaapggqlfdiaalciaanfggwifrmitlpplvgmlavgilfqnvglvnihgpymkltsvlrkialvliltragldldskamkkwtttickmatipwivealvvavlsvaffdlpwmwailmgslvaavspavvvpcllrlrtkgygvakgiptliiaisgiddalsvaafgiissimfsenslaynialgpisvligvaygavwgwmasyvpekgdpfvvplrilllltagllavfgsesvgfegagplgvvavaflccvawsnqgwevednpvatafeifwmifepilfgltgtqirikemagpymwtgililtiacilrmivtffcgfgsklnhreklfcalswmakasvqaalapvaaelvsdrsekeheyaqalllivvmsivltaplgaiiitftgtrlltkteepimtegwrrsarpslrdisiiseepdpdyeirhrpsiiinnvntp",678,"PRJNA526332","PacBioSequel;","False","False","32939994",">Apolygus-lucorum-gb|KAF6215470.1|"
"42",44,"Apolygus lucorum","gb|KAF6215170.1|","msidnrdwlprvlpvdlgsntvtrevqqplvrgqdttaiipslqdddsckikrrprhrlpkldclppivvnsltsallvtvswlslvilcqrlrivphdlvlliamiiasylsgqlflvcglpqvvpmyligityrsfnfledlrnwdvfsnlrylaitvvlvkgglamdlkvlkkyptqvlkssfiictveamaltvaanillpdlfpplwsfvfgfvnsptsptkfgsvlgglkakkryndtkmgaiwgfsapveiiycisvfstllsiitrsgggavetlflgiakvalgflagtlwglvvgyfphkddincsakrftglwlgvisiyfgaksygwgpggplgtfvggisantvwtalnpthkktvlktfnkmwdwvmepmlfclvgfeidannlpmspsevgltvaalfigslvrsfisvavhytsgfkppeivfltvaglpkatvqaaiapqmldllrgkedeerskalifsgivscfifttvstiilhifgkrllktvrkpmpptdnnnmp",517,"PRJNA526332","PacBioSequel;","False","False","32939994",">Apolygus-lucorum-gb|KAF6215170.1|"
"51",53,"Apolygus lucorum","gb|KAF6215759.1|","mslselinclcgqyddvivmgdlnarvgkeqticpevgvdssrfflqrasgdsvvnskgtqlielldeyqlfilngrcigdtdgaftyigasgssvidlccgtpgaikdiekfeigceiysdhmplcvsflleqphsekwlpllprlpwkvnhrasyqvhlenlvldmdsrldsiddesaalvkeihgaassaamvssqkltskqpwwdweciraiersfallglhrksnsemvrldyvkantyfknlcktksaafyrgladrfagtintinnn",274,"PRJNA526332","PacBioSequel;","False","False","32939994",">Apolygus-lucorum-gb|KAF6215759.1|"
"61",63,"Polypedilum vanderplanki","gb|KAG5676603.1|","mssphnntsgdvsdttspvlspttepkrkvsiltdppshlaydnpafegprrkisqqsdqsdngavrkksilhnpltpeqqqhalqqaepviqhqplptnyekqngdhhhhhtrerkqrkhstteslysrhsrsskkpaaesqlehswiyalcmrcrvqyntpswqpkhwekvcpyplcpsyrqfarlvsiiligvliyattyaiigkaaapggqlfslvtltiaanfggwlmglttlprligmlltgilmqnigavnidgishvtahlrkfalviiltraglemdpeafkkvwptiiklsivpwtveaatnatichflfdmplmwclllgaiiaavspavvvpclfrlrtkgygvakgiptlivavagicdaisvalfgiisslmfatgglsfqisqapvcifgglgfgvlwgcmarvipekgdayvvpirtimllcgglvavygsellhyegagplgvvfaaftsqyfwikqgwtledspvgtafeifwmlfepilfgitgaavkineldphivtyglislicgaivriitttlvsfgdrlnwkerffvsmswmakatvqaalgpialkhlsaddpdihygeivlmicilsivvtaptgailisitgkklltktkqtsmpeiptwrrpsirsiaieeeedsddderkdpetghdkntrqntltnsthnnlhqpippftnntkm",685,"PRJNA660906","IlluminaHiSeq;PacBioRS;","Pv_5.2","False","False",">Polypedilum-vanderplanki-gb|KAG5676603.1|"
"62",64,"Polypedilum vanderplanki","gb|KAG5676604.1|","mssphnntsgdvsdttspvlspttepkrkvsiltdppshlaydnpafegprrkisqqsdqsdngavrkksilhnpltpeqqqhalqqaepviqhqplptnyvekqngdhhhhhtrerkqrkhstteslysrhsrsskkpaaesqlehswiyalcmrcrvqyntpswqpkhwekvcpyplcpsyrqfarlvsiiligvliyattyaiigkaaapggqlfslvtltiaanfggwlmglttlprligmlltgilmqnigavnidgishvtahlrkfalviiltraglemdpeafkkvwptiiklsivpwtveaatnatichflfdmplmwclllgaiiaavspavvvpclfrlrtkgygvakgiptlivavagicdaisvalfgiisslmfatgglsfqisqapvcifgglgfgvlwgcmarvipekgdayvvpirtimllcgglvavygsellhyegagplgvvfaaftsqyfwikqgwtledspvgtafeifwmlfepilfgitgaavkineldphivtyglislicgaivriitttlvsfgdrlnwkerffvsmswmakatvqaalgpialkhlsaddpdihygeivlmicilsivvtaptgailisitgkklltktkqtsmpeiptwrrpsirsiaieeeedsddderkdpetghdkntrqntltnsthnnlhqpippftnntkm",686,"PRJNA660906","IlluminaHiSeq;PacBioRS;","Pv_5.2","False","False",">Polypedilum-vanderplanki-gb|KAG5676604.1|"
"63",65,"Lucilia cuprina","gb|KAI8130912.1|","mtfdiatpvvtslddtnekelnrqkaynsprstttkpkceihkdknnddeyskaqqpsqitlqqiknekqqredttktagvnkkihqddgddddddevseealepnenehllggqeqqqamensatvpalvnfnetlstatsderrakykryredeeadnpnkysanplgssqsfitstkiiaedidlkthcklelhkfpkemtqsqnnineqngssiiltptlltpttdgqhvftniggsaagaegggrevaaatfhddvykgpkiwqylvrnypvtsqplailiifivlwllgyvlmpeyaipstaimrlillivgaqiagilvtfiklpdmlgmlffgvlytnvgladfsgyqkleaflremalinimllagfgldanafkklwfmilrltliptiaevaiitvlahfllnmswlwgillglvitavspnvvvtvmlklkeerlglnngihtliyamttcndvvaiflfgvfcgvifstgtlteqilqgpigigigivfgyvyglmlqylpsrnaiyvnglrfvltvlggtiavmgsktigypsagalgcvtvafiasigwkrqekkltpqqlqtyenanvgkrldlmwkflkpvsfaligkeinfavldvkvvgygvllvvlgsvfrlafaylstyggnltikergyitissfpkatvqaalgpialdmarslntdadtlslasnvliisvlaiiftaplgailmlrlapiwlkrsatnddimaednrggnvnmtveyensrqdnpnnlefagndnldrnqkaqtdklvnmnkfvgfivlrlnnnfikclhfkil",799,"PRJNA419080","DovetailChicago;","False","False","33246493",">Lucilia-cuprina-gb|KAI8130912.1|"
"64",68,"Lucilia cuprina","gb|KAI8116404.1|","mcpyplcpsfrqfarilvliligvllwitayviigesaapggqlfglvvltvaanfggylislttlprligmllvgilfqnvgwtnlegdfsivtahlrkfaltiiliraglemepdafkkvyktilklgiipwileccvvgltthflldlpwvwafllgsiiaavspavvvpclfrlrtkgygvakgiptliiavagiddalsvaifgiissvmfsdrglgyqisqapvciigglafgviwgyiarffpekgdayvvplrtimlfsgglvaiygseeigyegagplaavfsafvsnlfwckqgwevednpvatafeifwmifepilfgitgatikiseldpdivsvgigciaigavlrilctagiafgdklnmkekffvalswmskatvqaalgpvamkhlaadapetdkhyayvvqtiavlsivltaplgailisvtgtklltktkqpqviegwrrshrpsirdisiideeeeredpempedketadntqsnahipptltytynnk",508,"PRJNA419080","DovetailChicago;","False","False","33246493",">Lucilia-cuprina-gb|KAI8116404.1|"
"65",69,"Nezara viridula","emb|CAH1388393.1|","mssqdmdsspveelrpaishdrlggsdgavnqlsqsrsntpqktisvldvpekdaeigkcdnrrcgwlerglrgqcglshswsltmlglllilllvwailyallrvevapggdlfklivlilvayvsggvvarlrlppllgmliagivlrtcgffkvqgvyldiiiklretaltvilikaglgldapallklslvvlrlaflpcigeavaaafvsyylldypwlwglllgfmlsavspavvvpvllslqergygeskgistlviaasslddivaisvfgvflgmifstgdltqqilqgpiemliglafgvfwglvasfiphrsdnyvtakrsvmigagglcavlgselihysgagplacivasfiaclswklqgwssshnpvadvfsvvwqilqpmlfgligaeidltilelhtvalgllviigalvfrvivcctvllgsklnwkeilfvnlawlpkatvqaalgpealdqvrtqenpdpldmkrgaqmltiavlsilltapigsigisvtgplllsnepvknkekavavnetsmhmsegtehanakesgvgtsv",555,"PRJEB47893","False","False","False","False",">Nezara-viridula-emb|CAH1388393.1|"
"66",70,"Nezara viridula","emb|CAH1388386.1|","mtdearlhngyqclpeelgqdavlcvaddpknygsfenstgksdkwkngfvkwsiilllsglswsclylvlhgevlpsgglfqllvllliaeaggqlcklvklpallgmliagivlkscgffrlygvypdlvivsrnlalsvilikaglgldpvalrrlkftvlrlavlpciceacgaalaaniffgvpwiwsfligfilspispavvvptllslkekgygedkgistlviaassiddilsisafgvimsaiftpendmtmailqgplellgglvggsvwgsmcgylgtqsegewkqtaliglggfvavvgshefgipgagplaaitsafvanfiwnnfgsfspsqnpvsdkfssiwaivqpalfgligaevdltiievsllvqsvviflsslvirfaacviclldvdlnwkevlfvnmawlpkatvqaalspqpldqlretpdspdlpiaklllttavlaiivtapigsiaisltgpillkkankpnttpids",494,"PRJEB47893","False","False","False","False",">Nezara-viridula-emb|CAH1388386.1|"
"67",71,"Nezara viridula","emb|CAH1388389.1|","mekfrhnfeivsqiedfiespittentkkwktglvkwttvvlhmalawsclylvlhgevlfggglfqllvllvcaevggelcklvmlppllgmllagillktcgffqfygvypdlivisrslalsvilikaglglnpavlkrlkftvlrlavvpcvceafaaaiaakyfnqipwiwafligfilcpispavvipsllslkekgygedkgiatlviaaasiddilsisifgvimssifrpessltmsilqgpleligglaggcvwglicgylgiydaewdqtsllglggfiavvgshefgfsgagplaaitsafvanyvwtkhgtvsveknkvaenfgklwtivqpalfgligpevdfsvidvsllgqsaaifllslvirmatcvlcllkiglqwkemlfvsiawipkatiqaalapqpldhfrgdpdhpdlriakllfatavlailvsapigsiaisltgpkllnkpnkpnklivneaenndnhds",486,"PRJEB47893","False","False","False","False",">Nezara-viridula-emb|CAH1388389.1|"
"68",72,"Nezara viridula","emb|CAH1388388.1|","mgtldmmiemmaqfgqlkrlsvtrrlylmedydeiyqhnpittentkkwktglvkwttvvlhmalawsclylvlhgevlfggglfqllvllvcaevggelcklvmlppllgmllagillktcgffqfygvypdlivisrslalsvilikaglglnpavlkrlkftvlrlavvpcvceafaaaiaakyfnqipwiwafligfilcpispavvipsllslkekgygedkgiatlviaaasiddilsisifgvimssifrpessltmsilqgpleligglaggcvwglicgylgiydaewdqtsllglggfiavvgshefgfsgagplaaitsafvanyvwtkhgtvsveknkvaenfgklwtivqpalfgligpevdfsvidvsllgqsaaifllslvirmatcvlcllkiglqwkemlfvsiawipkatiqaalapqpldhfrgdpdhpdlriakllfatavlailvsapigsiaisltgpkllnkpnkpnklivneaenndnhds",505,"PRJEB47893","False","False","False","False",">Nezara-viridula-emb|CAH1388388.1|"
"69",73,"Nezara viridula","emb|CAH1388387.1|","maslneaftddcgetpklgqdavlcvaddpknygsfenstgksdkwkngfvkwsiilllsglswsclylvlhgevlpsgglfqllvllliaeaggqlcklvklpallgmliagivlkscgffrlygvypdlvivsrlavlpciceacgaalaaniffgvpwiwsfligfilspispavvvptllslkekgygedkgistlviaassiddilsisafgvimsaiftpendmtmailqgplellgglvggsvwgsmcgylgtqsegewkqtaliglggfvavvgshefgipgagplaaitsafnpvsdkfssiwaivqpalfgligaevdltiievsllvqsvviflsslvirfaacviclldvdlnwkevlfvnmawlpkatvqaalspqpldqlretpdspdlpiaklllttavlaiivtapigsiaisltgpillkkankpnttpids",449,"PRJEB47893","False","False","False","False",">Nezara-viridula-emb|CAH1388387.1|"
"70",74,"Nezara viridula","emb|CAH1388367.1|","mkppehfngmagegelnpgfeeeskrkisiasndrerkvssismpksilvngdnlshlshehgralsipsehhasfaypkddedlrsswwyilctkcrqkesgpgweptfwqavfpypfcptyrhvarvfalllvlilawgviyaimgqdsapggqlfdiavlcicghvggwvfrmvalpplvgmllvgilfrnvgfieihepynevvsvlrkialvniliragldldseamkrlwvtvlkigllpwilecgvvlisshflldlpwmwglllgsivaavspavvvpclfrlrnkgygvakgiptliiaisgiddaasvaafgiihsimfsshslyfeillgllsivvgilfgvlwgilasyvpekddpfvvplrilillgggliavlgsdlvglggagplgciaaaflsvyawtkqgwdvednpvatafeifwmifepilftltgtqikmaemdpniagigagilvlafvlrilltvlvafgaslnlkekifcgislmakasvqaalgpiavdlvrgrdgpepgyastvalicvmsillaapvgailiiatgsrlltktvvpavpdgwrrgarpslrdisiteedqdslrrhrpsiaseqprfs",604,"PRJEB47893","False","False","False","False",">Nezara-viridula-emb|CAH1388367.1|"
"71",75,"Nezara viridula","emb|CAH1388392.1|","mfqmltchsigsnwiapapdsplsaggtwnklgthvvplrccllalgslcvylgakqydvsaggplgslatgcvsayfwraqgwteannpvlsvynvkwnlleavlfgfvgaevdvygttlqdllfccgflvitlfirltcfaacvslsgkfnwkevclgtlvwlpkatvlaalspqvidmcrkvfgddtdetsdhfrrskfivlsavfdmivtapvsyvivnrlaakmlrkpkaeskaeskslvrv",247,"PRJEB47893","False","False","False","False",">Nezara-viridula-emb|CAH1388392.1|"
"72",76,"Nezara viridula","emb|CAH1388390.1|","mayhndgfsshpepedistisgnlehlceenqtrnkvkkvddddddesfwmgwyqqmrsqfglhdnglnlsatilfilapalllpsllvpspplfvaipalawtaghlselvglpptpmmlvvgvafralgwfepspvwrrfiymsryiavatvlsksglaltrfpnislaiipctaeavgiavlsyyflgfpwlwglaygyavstasssvnaeklaqlksegygpkeiyqlifpastveniysitgfavcvamifseggqstfqyslykykmrtfnkvlllrkk",285,"PRJEB47893","False","False","False","False",">Nezara-viridula-emb|CAH1388390.1|"
"73",77,"Ceratitis capitata","emb|CAD6994394.1|","wrilvkhwpfisqplalaavfialwvlgyvllpdyalpntpimrifflfvgaqltgvlvtfialpdmlgmlffgvlytnvgladftgynkfeaflremalinimllaglgldasafkklwfmilrltlvptiaevtiiamiarftldmpwfwgillglvvtavspnvvvtvmlklkeerlglnsgihtliyamtscndvvaiflfgvilsvifstdksltqqilqgpigigigivfgyvyglmltilpstktaylnglrfvltvlggtisvmgsrtigypsagalgcmtiaffagigwkgqqqhltpqqlqrqlenenssvparldllwkflkpvsfsligkeinfdvldgrvvgygallvllgslfrlafaylstyggnltrkerayitisgfpkatvqaalgplaldmarslkgvdeqsinlasnvliisvlaiiftaplgavlmlrlaplwlqrsdvhgegngnsnsrdcdvnefvssksnntdspddtlkiskkiaqslsqagsktqnngssnslkgavdvytvdgdgdgngdagqvsrtqspwakederkasrh",559,"PRJEB36344","False","False","False","False",">Ceratitis-capitata-emb|CAD6994394.1|"
"148",0,"Helicoverpa armigera","gb|PZC78838.1|","mtenknattaldkgvyiihnedfkttpeltfnysseknvgeaeekenaaciaatttflhyfvliilglaswsllwcafgeewswngrwfrpavvaaiawiageilqmtttlppllaalitgiaarnigyldmrhytaidgfmrkiypvlilgkgslgwnltymrqnwkqvaslgvlpwtaevvtlavcmnlllgypwiwgfllgsiyasvscpilmptvvkltagknlgqnwpqlictsggtdtalsvtafgiihsfimydgddtvyrytraacalflgtvagviwgtlakfvphardayvtelrvlfvlvgglcalfitshfgwggaggiavlacnataahhwakagwklnnnpastayrimwssvepilfaytgtffvihpslsrvmlvgfgvlvvclavrlitaflvcpslsirerlfvccawvpksiveavlcpiaitafistgrhdkvqmeyaetlmriivqailittpigflltkhlgpillrekhkkcqnesei",501,"PRJNA378437","False","False","False","28756777",">Helicoverpa-armigera-gb|PZC78838.1|"
"149",1,"Helicoverpa armigera","gb|PZC78839.1|","mpfimymmlliedknenvratnvttfelgsaktthpeknekkiflrkllqtlpsvselkqyvgvflcgvtlwgsswfllkdsvlpdgylfkmagvviagymfgqtleryttinpvvgmtltgalyryfgppnflesptadlidfhlrriypviiltkgpltwnweyiknnsvkvfslatlpwtveclstaffahillefpwywglhlgsilasvspavvvptvngfsarglgtknqiallvanaggldtaftegvcgvinsaifypaplvyrivkgllaifvgiavgifwgmlsdslpdhsdiyaptirsllifgggvlltyaggylgwggtsgvaimvcagaaatrwarrdwpiadnpvwevykllwrifepmlftlsgyfldvsqinvkelclilgcisaalvlrlltaflvalanelsikeslfiavtwipkaiveavlvrvamdslwvdatskdrriaaqhsniiviailitstlgsvlttalgpvllshdsrvapedfyrtqtisppvssnrvrrnntsnslhcinvq",533,"PRJNA378437","False","False","False","28756777",">Helicoverpa-armigera-gb|PZC78839.1|"
"150",2,"Vespula vulgaris","gb|KAF7383363.1|","memegkgtttrpceeltkrrvsiseqvfgvdnpafehhrrissssehnsdqgrrksilhhtgsnydsvenipqhnkfdlaengrangnrkksafsltssirdkieyseelerswlylfcarchgrddtpsweppgwkracpqpfcpsyrkfarilclfllgllvwgvvysiagkdaapggplfglatlciaahfggwlfslttlpaligmlitgmilknadlisiddryavvvsnlrkialviiltragldldpvalkrlkitvpklglipwfveagmiavltryliglpwiwglllgsiiaavspavvvpclfrlrergygvakgiptliiavagiddaasvaiygivksvmfshdalwyqilqgpiaivgglgfgilwgclakyvpekgdpfmvplrvlmllgggmvavfgseaielggagplavvaaafvscyfwqkdgwevddnpvatsfeifwmifepilfgitgtqitiaelkgktvylgiscliagiviriivtifvgigsklntkekvfislswmakatvqaalgpvtldevnrdnveqveyantvltlcvlsilltaptgaiiislsgpklltktttpxxxxxxxtagrlenektldtryfdhqrgsrsrrncerketliffrplpffffyfpaqpnlrarwsrleskkkk",660,"PRJNA643352","IlluminaHiSeq;","False","False","32859687",">Vespula-vulgaris-gb|KAF7383363.1|"
"151",3,"Vespula pensylvanica","gb|KAF7401870.1|","megkgttrpceeltkrrvsiseqvfgvdnpafehhrrissssehnsdqgrrksilhhtgsnydsvenipqhnkfdlaengrangnrkksafsltssirdkieyseelerswlylfcarchgrddtpsweppgwkracpqpfcpsyrkfarilclfllgllvwgvvysiagkdaapggplfglatlciaahfggwlfslttlpaligmlitgmilknadlisiddryavvvsnlrkialviiltragldldpvalkrlkitvpklglipwfveagmiavltryliglpwiwglllgsiiaavspavvvpclfrlrergygvakpslkngstpfiwmkskqrtkvrrrsygwaafdvfgveifpi",363,"PRJNA643352","IlluminaHiSeq;","False","False","32859687",">Vespula-pensylvanica-gb|KAF7401870.1|"
"152",4,"Vespula pensylvanica","gb|KAF7401871.1|","mvplrvlmllgggmvavfgseaielggagplavvaaafvscyfwqkdgwevddvsiagltiishndgsspgtegersrlsvplkfgitcflhnadrliaiwdyertsalvssleypsvesirpnvvnypfnvgdqrhwhflkllllsrgwhfpdysgyrriarraalthesksnpvatsfeifwmifepilfgitgtqitiaelkgktvylgiscliagiviriivtifvgigsklntkekvfislswmakatvqaalgpvtldevnrdnveqveyantvltlcvlsilltaptgaiiislsgpklltktttpsappdawktrrpsirdisiinedpdleetaserkp",348,"PRJNA643352","IlluminaHiSeq;","False","False","32859687",">Vespula-pensylvanica-gb|KAF7401871.1|"
"154",6,"Vespula germanica","gb|KAF7414185.1|","mnveevynknirsarneenevdeeedeeeddntccsratfcnpilrdiivtdsilrffgteitwanlfwltsvtamilmawmtlffvlgetmlprgsyfglfvivvfsyflgwilayvpyanlppvfgmllagiivrntnfydirrelglktlakirtlcltfimiraglqltttpirrhpvfvailavlpctmemfilaicakyilnypwnwafmtgtiiacmspvvtvncmlalaehgygedkglasllnaatsiddvhilslfsifyaavfgedhptkwwsyipsglrdlilgslvglllgtflaffphrnheyvtcyrlsslvlaglmctsstlklpitggpyiaiiimsfvattgwriltvsydtmpfrratyflwhfmqpvlvgvigadidfkdwslsrfglyciciliglttrctvailstiktpfswkertfialawipkgtlqaalapmtyertteenpkqielaldvirmsivaivflaplgaivmmisgpillnklsmeehererrlsyfrirslqpirtrgkktsisaels",543,"PRJNA643352","IlluminaHiSeq;","False","False","32859687",">Vespula-germanica-gb|KAF7414185.1|"
"156",8,"Temnothorax longispinosus","gb|TGZ49087.1|","mdiemgssrtnkpseelakrrvsisdqvmgidnpafehnrrisassehnsdqgrrksilhhggsaenipqykfdlengringnrkksayslsssirdkieyseelerswlylfcarchgrddtpsweppgwrracpqpfcptyrkfarvlclfllglllwgvvysvigndaapggqlfglaalciaahfggwlislttlpaligmlitglilqnvglvkiegqytvvvsnlrkialviiltragldldptalkrlkvtvpklglipwvveatvvatltkylldlpwvwgfllgsviaavspavvvpclfrlrskgygvakgiptliiavagiddaasvavfgivksvmfshdalwyqilqgpiaiigglgfgimwgwlakyvpekgdpfmvplrvlmllgggllavfgseaielggagplavvaaafvscyfwqqegwdvddnpvatsfeifwmifepilfgvtgtqikinelegktvxlglgclvagivirigatvlvgigsklnlkekvfialswmakatvqaalgpvtldevdkndqqqveyaetvlmmcvlsvlltapagaiiislsgpklltkttapvtppeawktrrpsmrdisiinedpdleetanerkp",617,"PRJNA449506","IlluminaHiSeq;","tlon_1.0","False","30967075",">Temnothorax-longispinosus-gb|TGZ49087.1|"
"157",9,"Temnothorax longispinosus","gb|TGZ32222.1|","mqpipedeptaststdarapnnkqireksieiaevededeehddntcchratfcnpvlreilvtnvistcfelqltwadlfwlatvcgmtlltwavlyfllgdmvlpggsifgllvlvvlsyalgwtlaciprlhlppvfgmllagiilrntdvynihdmlgpgttskirtfcltfimvraglqltttalrahpvfvmilalvpctvetlavtvsckyllefpwnwsfmtgaivacmspvvtvnclltlseqgygedkglasxlctaasiddvhivslfsicfsfvfsnddgrtewwsyipggirdfllglimgiilgfalvffphrnhttpfhkafhflwhfvqpilggvigadidfrnwaisrfglylacvlmgisvrsttaflttirmpftwkerlfiaiawvpkgtlqaalapmaferarkegdptkielaldvvkisviaivflaplgaigmmtsgpyllnkisieehqrerelsymrivalqpvrtrkktkkpvhsdtvktlspiest",514,"PRJNA449506","IlluminaHiSeq;","tlon_1.0","False","30967075",">Temnothorax-longispinosus-gb|TGZ32222.1|"
"158",10,"Dendrolimus kikuchii","gb|KAJ0181768.1|","mksrerrfkvdilkraksekeatksdvkglkgvnrsfkksptsrsadaaaaasarerkkrsgvdavklhlqvtggtgrssrsatsvrktsirmasikeypfdlsdlqnqpntggntqpaqaqiqptnpaapvtvpvtapittpatnvdgkrkvsimadesskdrenlpsekngrmsaqaegpsrrksnlhnamqadmdsswdrqghiegrfkkysttssvyskkalshqsehierswwyaccqkchqedsgipsweppnwqkvcpyplcpsyrqfaqtisviiigllvwlilwivmgdtaapggqlfslavltlaayfggwlmmkittlpaligmlimgivmknlgfvnfdpqfqkvssyirkialtiiltragldldpialkkffftviklalvpwtfecvlcavmsyfllglpwdwafllgsivaavspavivpclfrlrekgygvskgiptlvlavsgvddaasvaifgivssvmfsnssltmniiqgpmsifggiafgiicgylvkfiperndaflvplrvmlllagglmsvlgseeigwggagplavivfafvacknwaelgwelednpvatafeifwmfvepmlfaitgaqvviedlephlvligsgilgtcvilravltstcavrsnlnmrekifvglawmakatvqaalgpvaldevrkmvgadpilveyaesvltvcilsivitapigaivitltgprllsktskppvlegwrrshrpsirdisiideeevaegdaeaearpsppgtpvaptaystptpitvqpnhrt",777,"PRJNA732117","OxfordNanoporePromethION;","A622","False","34777464",">Dendrolimus-kikuchii-gb|KAJ0181768.1|"
"159",11,"Dendrolimus kikuchii","gb|KAJ0175711.1|","mfldkrrgyilhlymetnnreadennenkgnfnydkwwhrlclrchqedatpswqpswwsryfpfpifptyrqsaqqlcivmfffltwgilyaelgepvglngellgmtilvtaayligwlwlkittlpaligmlltgilfqnlhlvnmtdayrklnqdlrkvalviiltraglgldagvlkkhyaavlqlglmpwsveciliaisthyllnlpwiwgfllgsmiasvspavvvpclfrlrdvgygvskgiptlvvaaaaiddsisvavfaiilnamfssgsvtfniikgplsivagvvlgslwgamtsfipekgdlyvvplrflalflgglfslfissmigwsgagplaivcsgfvaafywdkqgwpvnknpvsnlfrilwiffepilfaftgaqitisaldpevikmgaiclivclvlrgiatflvsfgcglnskeklfigltwtakatvqaalgpaaldlvhsgqtsglsredeetyakailaisvlsvvlsaplgalliaitgprlltkgdetlpldelernnhndettkev",536,"PRJNA732117","OxfordNanoporePromethION;","A622","False","34777464",">Dendrolimus-kikuchii-gb|KAJ0175711.1|"
"161",13,"Dendrolimus kikuchii","gb|KAJ0181767.1|","mqdhkeaatvidkgvyiihsaeelktpsdfslhftsnkniietpvkvrktgfagavplvvhftsllilgllvwgllwvswgdnwsldgkwfrltivaviawssgqvlqglttlppliaalltgilarhlnyldmrefthidgflrkiypvvilgkgslawdvkfmrknwkqvsalgvlpwtmevvtlavcmnlfldypwtwgvllgsiyasvscpvimpsvlrigsdsnrsynwpqlvctaggtdtalsvgvygivysfifsnvndtyrftkvaltlfvgvalgvswgslakfmphsqdyyvtelrvmfvlvgglfanfvtlhfgwggvagvavlacnataamhwardgwklnnnaastayrviwaacepalfaytgtyfevnnsmsklmligfgillicltvrltvaalmcwdmtikeklficcawsaksiveavlcplalntlisqgrqndkemeyaehlmrltvqailittpisfllthhlgpillkrkskdnendsrs",502,"PRJNA732117","OxfordNanoporePromethION;","A622","False","34777464",">Dendrolimus-kikuchii-gb|KAJ0181767.1|"
"162",14,"Lepeophtheirus salmonis","emb|CAB4064343.1|","mncfssslnlklqnffgnflwltkrmnsrmkipfgkkikfallcpphghigkwlsiilvilavyggllaligqhaaaphgilffnylslslndslkklsgivfrlafipccietlfvgiagylivglpwtwsfllgfvlsavspavvvpsmldlqargygvekgiptlviaaasiddvlaisgftlctaiifkpssniqniilqvplevfigilagliwgiicifipskdddnvkgfrscillggsimshfgcqyyevpgagpisilimgfisglgwtqygwktnnygqikiyaldiailgqcaavfligmsvrliasylatfskeitlkerifislrmasegnsasccwwlgt",354,"PRJEB37485","False","False","False","False",">Lepeophtheirus-salmonis-emb|CAB4064343.1|"
"163",15,"Acromyrmex insinuator","gb|KAG5311786.1|","mdiemsgrtnkpseelakrrvsisdqvigldnlafehhrrisagsehnsdqgrrksilhhggshcdsvenipqykfdlengringnrkksayslsssirdkieyseelkrswlylfcarchglddtpsweppgwrkacpqpfcptyrkfarivclfllglllwgviysiigndaapggqlfglaavciaayfggwlfslttlpaligmlitglilqnvglvkiegqytlvvsnlrkislviilvkagldldpvalkklkvtvpklglipwvvetivvavltkylldlpwvwgfllgsviaavspavvvsclfrlrakgygvakgiptliiaisgiddavsvavfsxvmfshdalwyqilqgpisiigglgfgvvwgwlakyvpekgdpfivplrvlmllgggllavfgseaielggagplavvaaafvscyfwrqdgwdmddnpvatsfeifwiifesilfgltgtqikiselegktvyialgcllvgivirigitivlgigsklnfkekmfialalmskatvqaalapvtldevdkndheqveyaeivlmmcvlsvlltapagaimitilgpklltkttvpvsppeawktrrpsirdisiinedpdleetanerkp",617,"PRJNA605929","CompleteGenomics;","False","False","False",">Acromyrmex-insinuator-gb|KAG5311786.1|"
"164",16,"Acromyrmex heyeri","gb|KAG5326993.1|","mdiemsgrtnkpseelakrrvsisdqvigldnlafehhrrisagsehnsdqgrrksilhhggshcdsvenipqykfdlengringnrkksayslsssirdkieyseelkrswlylfcarchglddtpsweppgwrkacpqpfcptyrkfarivclfllglllwgviysiigndaapggqlfglaavciaayfggwlfslttlpaligmlitglilqnvglvkiegqytlvvsnlrkislviilvragldldpvalkrlkitvpklglipwvvetivvavltkylldlpwvwgfllgsviaavspavvvsclfrlrakgygvakgiptliiaisgiddaisvavfsivksvmfshdalwyqilqgpisiigglgfgvmwgwlakyvpekgdpfivplrvlmllgggllvvfgseaielggagplavvaaafvscyfwrqdgwdmddnpvatsfeifwmifepilfgltgtqikiselegktvylalgcllagivirigitvllgigsklnfkekvfialalmskatvqaalapvtldevdkndheqveyaeivlmmcvlsvlltapagaimitilgpklltkttvpvnppeawktrrpsirdisiinedpdleetanerkp",620,"PRJNA605929","CompleteGenomics;","False","False","False",">Acromyrmex-heyeri-gb|KAG5326993.1|"
"165",17,"Acromyrmex insinuator","gb|KAG5306579.1|","mqiaeeldeneehdentcchratfcipmlreilvtdviftffdlqltwadlfwfatvsgmvlltwavlyfllndmvlpggsifglfvivifsyalgwtlayiprlhfppifgmllagviirntdiyniydvigpstiskirifcltfimvraglqltttalrahpvfvmilslvpctvemlavtvlckyllefpwnwalmtgtivacmspvitiscmlsladqgygedkgllsllctaasiddihivalfsiwfpfvfsnddgrtewwsyipggirdfllglivgiilgfalvffphrnhkystwyriggltvaslmcttaasklavtgggylatiilsfiairgwriltisydttpfqkafyflwhfvqpilggvigadidfrnwppsrfglyltcvligifvrsstaflttirmpftwkerlfiaiawipkgtlqaalaplafeqaikegdpmkielaldvvrisviaiiflaplgaigmmsggpyllnkisieehrrerelsfvalrprrrrkrkkpndtittl",527,"PRJNA605929","CompleteGenomics;","False","False","False",">Acromyrmex-insinuator-gb|KAG5306579.1|"
"166",18,"Acromyrmex charruanus","gb|KAG5344392.1|","mlreilvtdviftcfdlqltwadlfwlatvsgmvlltwavlyfllddmvlpggsifglfvivifsyalgwtlayiprlhfppifgmllagviirntdvyniydvigpstiskirifcltfimvraglqltttalrahpvfvmilslvpctiemlaitvlckyllefpwdwsfmtgsivacmspvitiscmlsladqgygedkgllsllctaasiddihivalfsiwfsfvfsngiqksepciflddrrtewwsyipggirdfllglivgiilgfalvffphrnhkystwyriggltvaslmcttaasklavtgggylatiilsfiairgwriltisydttpfqkafyflwhfvqpilggvigadidfrnwppsrfglyficvligifmrsttaflttirmpftwkerlfiaiawvpkgtlqaalaplafeqavkegdpmkielaldvvrmsviaiiflaplgaigmmssgpyllnkisieehrreressylrivalqpkrhrkrkkpndtiktl",514,"PRJNA605929","CompleteGenomics;","False","False","False",">Acromyrmex-charruanus-gb|KAG5344392.1|"
"167",19,"Acromyrmex heyeri","gb|KAG5319794.1|","iaeeideneehdentcchratfcipmlreilvtdviftcfdlqltwadlfwlatvsgmvlltwavlyfllddmvlpggsifglfvivifsyalgwtlayiprlhfppifgmllagviirntdvyniydvigpstiskirifcltfimvraglqltttalrahpvfvmilslvpctiemlaitvlckyllefpwdwsfmtgsivacmspvitiscmlsladqgygedkgllsllctaasiddihivalfsiwfsfvfsngiqksepciflddrrtewwsyipggirdfllglivgiilgfalvffphrnhkystwyriggltvaslmcttaasklavtgggylaaiilsfiairgwriltisydvggvigadidfrnwppskfglyficvligifmrsttaflttirmpftwkerlfiaiawvpkgtlqaalaplafeqavkeddpmkielaldvvrmsviaiiflaplgaigmmssgpyllnkisieehrreressylhivalqpkrrrkrkkpndtiktl",521,"PRJNA605929","CompleteGenomics;","False","False","False",">Acromyrmex-heyeri-gb|KAG5319794.1|"
"168",20,"Acromyrmex echinatior","gb|EGI60180.1|","mqsifedepiastsadaqandeqirensmqiaeeldeneehdentcchratfcipmlreilvtdviftffdlqltwadlfwfatvsgmvlltwavlyfllndmvlpggsifglfvivifsyalgwtlayiprlhfppifgmllagviirntdiyniydvigpstiskirifcltfimvraglqltttalrahpvfvmilslvpctvemlavtvlckyllefpwnwalmtgtivacmspvitiscmlsladqgygedkgllsllctaasiddihivalfsiwfpfvfsnddgrtewwsyipggirdfllglivgiilgfalvffphrnhttpfqkafyflwhfvqpilggvigadidfrnwppsrfglyltcvligifvrsstaflttirmpftwkerlfiaiawipkgtlqaalaplafeqaikegdpmkielaldvvrisviaiiflaplgaigmmsggpyllnkisieehrrerelsfvalrprrrrkrkkpndtittl",501,"PRJNA62733","False","False","False","False",">Acromyrmex-echinatior-gb|EGI60180.1|"
"169",21,"Spodoptera littoralis","emb|CAB3515165.1|","mktrdrrakqdfrgkqdkkgvkqevsrsgkrhansvgaaesaaaarertkrsgveavklhlqvtgdpgrtsrsatsvrktsirmtaikeypfdlsdlqnqpsvagdtrptqtqpaqtqpaptqptvaqpnppsikprvsvpslegkrkvsimadesskdrenlpsdrmshsslschydsylpsdssletdalnrhwngsvsakaegpsrrksnlhnamaadmdsswdrqthiegrfkkysttssvyskkalsqqseyierswwyaccqkchsedsgipsweppnwqkvcpyplcpsyrqfaqniavliigilvwvivwivmgetaapggqlfsfavltiaayfggwlmlkittlpaligmlivgiimknvglvnfdetyqhvasyirkialtiiltragldldpnamkkyfltviklalvpwtfecvlcavlayfllglpwnwafllssiiaavspavivpclfrlrekgygvskgiptlvlavsgvddaasvavfgivssimfssasltmnviqgplsviggivlgvlcgylvkfvperndaflvplrvilllagglmmvlgseeigwggagplaviafafvacknwtdlgwelednpvatafeifwmffepmlfavtgaqvviadlephlvligggilvtcavlraivtstcavrsnlnmkekifvglawmakatvqaalgpvaldevrkmaggepdpvmieyaetvitvcimsivitapigaivitltgpkllsrttkppvlegwrrshrpsirdisiideeevaerdaeaeaeysrpsspkarpavasstpapitvqpghnss",807,"PRJEB36692","False","False","False","False",">Spodoptera-littoralis-emb|CAB3515165.1|"
"170",22,"Spodoptera exigua","emb|CAH0700695.1|","mktrdrrakqdfrgkqdkkgvkqevsrsgkkhansigaaesaaaarertkrsgveavklhlqvtgdpgrtsrsatsvrktsirmtaikeypfdlsdlqnqpsvagdtrptqtqpaqtqpaatqpnppaikprvsvpslegkrkvsimadesskdrenlpsdrngsvsakaegpsrrksnlhnamaadmdsswdrqthiegrfkkysttssvyskkalsqqseyierswwyaccqkchsedsgipsweppnwqkvcpyplcpsyrqfaqniavliigilvwvivwivmgetaapggqlfsfavltiaayfggwlmlkittlpaligmlivgiimknaglvnfdetyqhvasyirkialtiiltragldldpnamkkyfltviklalvpwtfecilcavlayfllglpwnwafllssivaavspavivpclfrlrekgygvskgiptlvlavsgvddaasvavfgivssimfssasltmnviqgplsviggivlgilcgylvkfvperndaflvplrvilllagglmmvlgseeigwggagplaviafafvacknwtdlgwelednpvatafeifwmffepmlfavtgaqvviadlephlvligggilvlcavlraivtstcavrsnlnmkekifvglawmakatvqaalgpvaldevrkmaggepdpvmieyaetvitvcimsivitapigaivitltgpkllsrttkppvlegwrrshrpsirdisiideeevaerdaeaeaehsrpsspkarpavasstpapitvqpghnss",773,"PRJEB36598","False","False","False","False",">Spodoptera-exigua-emb|CAH0700695.1|"
"171",25,"Spodoptera frugiperda","gb|KAF9810122.1|","mfsakrlgyidldmeqnhdppdddakkkrvydswweklclrchqedstpswqpswwskffpfplfstyrqtaqqiciimfflltwgvlyseigesvglqgelfsmsvlvisayligwiwlkvttlpaligmlltgiafqnlqlvhmtdsyrklnqdlrkialviiltraglglnagvlrkhyaavlqlgllpwlvecvaiaisshyllslpwiwgfllgsmiasvspavvvpclfrlrdvgygvakgiptivvaaaavddsisvaifaiilnamfstgsatfniikgplsivagvvlgslwgallsvmpergdtyvvplrflglflgglfslfissmigwsgagplaivssgfvaayfwekqgwvvnknpvsnvfrilwiffepilfaftgaqvtisaldpqvikmaticlvgclviraiatffvsfgcglnskekifigltwtakatvqaalgpaaldlvnsgqtsgvakadeeyyakailavsvlsvmisaplgalliavagpkllskddpdetpnqnpenqqttqi",529,"PRJNA663441","PacBio;","False","False","33187468",">Spodoptera-frugiperda-gb|KAF9810122.1|"
"172",26,"Spodoptera littoralis","emb|CAB3516635.1|","misakrrgyldldmeqnhdppgvrvytfvgkenfivnfnlnlddddkkkrvynswwekfclrchqedstpswqpswwskffpfplfstyrqtaqqiciimfflltwgvlyseigesvglqgelfsmsvlvisayligwiwlkvttlpaligmlltgiafqnlqlvhmtdsyrklnqdlrkialviiltraglglnagvlrkhyaavlqlgllpwlvecvaiaisshyllylpwiwgfllgsmiasvspavvvpclfrlrdvgygvakgiptivvaaaavddsisvaifaiilnamfstgsatfniikgplsivagvvlgslwgallsvmpergdsyvvplrflglflgglfslfissmigwsgagplaivssgfvaayfwekqgwvvnknpvsnvfrilwiffepilfaftgaqvtisaldpqvikmaticllgclviraiatffvsfgcglnskekifigltwtakatvqaalgpaaldlvnsgqtsgvakadeeyyakailavsvlsvmisaplgalliavagpkllskddpdetpeqntenqqvtqi",550,"PRJEB36692","False","False","False","False",">Spodoptera-littoralis-emb|CAB3516635.1|"
"173",29,"Spodoptera littoralis","emb|CAB3515166.1|","mneddsllvtltnrqgiamrdsvtpeltfnyssqknalnnnekennscvaatgtclhyltivflglaswavlwcafgeewswngrwfkpavvvaiawatgellqitttlppllaalvtgmiarnigyldmrhytevdsfmrkiypfiilgkgslgwnltymknnwkqvaalgvlpwtaevvtlaiclnqllgypwiwgfllgsiyasvscpvlmptvvkltagknlgqnwpqlictaggtdtalsvgvsgvihsfimyegddayryiraacalflgaavgvmwgslakflpgsrdayvtelrvlyvvvggfcalfitsqfgwggtggiavlacnataahywaksgwklnnnpaatayrimwssvepalfaftgtffvihpsisklmlvgfgilfvclavrlivaflvcttltvrerlfvcctwvpksiveavlcpvainafiargdhnevqmeyaeyimklivqailittpigflltnhlgpillkekhkkceneses",498,"PRJEB36692","False","False","False","False",">Spodoptera-littoralis-emb|CAB3515166.1|"
"174",31,"Spodoptera littoralis","emb|CAB3515167.1|","mtanncdddknenfratnvttfdlssakinhtekhekkilfgklfqalptgpelkqyisvflcgltlwgtswfifkdtvlpdgylfnmsgvviagyifghtleryttihpvvgmtltgalyryfgppnfldnpsadlidfhlrriypviiltkgpltwnweymknnsvkvfslatlpwiveclstaffahilldypwywglhlgsilasvspaivappvnkfdergigtknqiaplvlnaggidtaftegvcgvinsaifypaplvyrivkgllavfvgialgifwgvlsdclpdhsdiyaptirsllifgggvlltyaggylgwggtsgvaimvcagtaatrwsrrdwpltnnpvwevykllwrifepmlfalsgyfldvsqinvkelclilgcissalalrlltaflvalanelsikeslfiavtwipkaiveavlvrvamdslwvdatskdrrialqhsniiviailitstlgsaltsalgpvllshdsrvapedfyrsqtlsppvssnlvrrnntpnslqyidvq",529,"PRJEB36692","False","False","False","False",">Spodoptera-littoralis-emb|CAB3515167.1|"
"175",32,"Spodoptera exigua","emb|CAH0700697.1|","mneddsllvtsmnrqgiamrdsvtpeltfnyssqknvfdddkkennsctaatrtglhyltivflglaswavlwcafgdewswngrwfkpavvvaiawatgellqmtttlppllaalltgiiarnigyldmrhyteldsfmrkiypfiilgkgslgwnltymknnwkqvaalgvlpwtaevvtlavclnqllgypwiwgfllgsiyasvscpvlmptvvkltagknlgqnwpqlictaggtdtalsvgvsgvihsfimyegddayryiraacalflgaavgvmwgslakflphsrdvyvtelrvlyvvvggfcalfitsqfgwggtggiavlacnataahywaksgwklnnnpaatayrimwssvepalfaftgtffvihpsisklmlvgfgilfvclavrlivaylvcttltvrerlfvcctwvpksiveavlcpvainafiargdhnevqmeyaeyimklivqailittpigylltnhlgpillkekhkkcengkifv",499,"PRJEB36598","False","False","False","False",">Spodoptera-exigua-emb|CAH0700697.1|"
"176",33,"Spodoptera frugiperda","gb|KAF9812089.1|","mfdnkntatgvdkgvyiihnedskttpeltfnyssqkniddddekenssciaatatclhyftivflglaswavlwcafgdewswngrwfkpavvvaiawatgellqmtttlppllaalltgmiarnigyldmrhytevdsfmrkiypfiilgkgslgwnltymknnwkqvaalgvlpwtaevvtlaiclnqllgypwiwgfllgsiyasvscpvlmptvvkltagknlgqnwpqlictaggtdtalsvgvsgvihsfimyegddayryiraacalfvgaavgvmwgslakflppsrdayvtelrvlyvviggfcalfitsqfgwggtggvavlacnataahfwaksgwklnnnpastayrimwssvepalfaftgtffvihpsisklmlvgfgilfvclavrlivaflvcptltvrerlfvcctwvpksiveavlcpvainafiargdhnevqteyaeyimrlivqailittpigflltnhlgpillkekhkkcengkmffirylls",507,"PRJNA663441","PacBio;","False","False","33187468",">Spodoptera-frugiperda-gb|KAF9812089.1|"
"177",35,"Spodoptera exigua","emb|CAH0700698.1|","mnanscdndknenlratnvtnfdlssakinnhtekheqkilfgklfealptgpelkqyiavficgltlwgtswfifkdavlpdgylfnmsgvviagyifghtlerytaihpvvgmtlagalyrqfgppnfldnpsadlidfhlrriypviiltkgpltwnweyiknnsvkvfslatlpwiveclstaffahilldypwywglhlgsilasvspaivapplykfdergigtksqiapvvlnaggidtaftegvcgvinsaifypaplvyrivkgllaifvgialgifwgvlsdclpdhsdiyaptirsllifgggllltyaggylgwggtsgvaimvcagtaatrwsrrdwplannpvwevykllwrifepmlfalsgyfldisqinvkelclilgcissalvlrlltaflvalanelsikeslfiavtwipkaiveavlvrvamdslwvdatskdrriasqhsniiviailitstlgsaltsalgpvllshdsrvapedfypsqtlsppvssnlvrrnntpnslqyidvq",530,"PRJEB36598","False","False","False","False",">Spodoptera-exigua-emb|CAH0700698.1|"
"178",37,"Spodoptera frugiperda","gb|KAF9812088.1|","miakvrktsirmtaikeypfdlsdlqnqpsvagdtrptqtqpavtqptavqptaappnpptikprvsvpslegkrkvsimadesskdrenlpsdsnyfgqktiakd",106,"PRJNA663441","PacBio;","False","False","33187468",">Spodoptera-frugiperda-gb|KAF9812088.1|"
"179",38,"Spodoptera frugiperda","gb|KAF9812091.1|","mfvkaptkqekiqvwskdfssvtgaftsiqvhihmtprpeitingsykellragieptarcaaadknenfratnvttfdlssskinhtekhekkvlfgklfqalptapelkqyisvflcgltlwgtswfifkdavlpdgylfnmsgviiagyifghtleryttihpivgmtltgalyrhfgppnfldnpsadlidfhlrriypviiltkgpltwnweymknnsvkvfslatlpwiveclstaffahilldypwywglhlgsilasvspaivappvnkfdergigtknqiaplvlnaggidtaftegvcgvinsaifypaplvyrivkgllaifvgialgifwgvlsdclpdhsdiyaptirsllifgggvsqinvkelclilgcissalvlrlltaflvalanelsikeslfiavtwipkaiveavlvrvamdslwvdatskdrriasqhsniiviailitstlgsaltsalgpvllshdsrvapedfyrsqtlsppvssnlvrrnntpnslqyidvq",518,"PRJNA663441","PacBio;","False","False","33187468",">Spodoptera-frugiperda-gb|KAF9812091.1|"
"181",42,"Spodoptera frugiperda","gb|KAF9812090.1|","mktrdrrakqdfrgkqdkkgvkqevsrsgkrhgsavgaaesaaaarertkrsgveavklhlqvtgdpgrtsrsatspalanynitsrptgqcwtmdllfmnsysvffnllailhmilkrisgypftiiaydrsl",134,"PRJNA663441","PacBio;","False","False","33187468",">Spodoptera-frugiperda-gb|KAF9812090.1|"
"182",43,"Nymphon striatum","gb|KAG1694103.1|","mmicqisvlrnlnisstksystcnaflskmelmsnlfiqpdttlfikgsssvdqnsqvkmpqsmksrsqkllsdygiikksdaagqfhflpiglrvlkklmrviddemdhigaqkilmptmtstallkksgrlekygqdiflikdrhnkdlclgptfeeavtsmvssmnvsakmlplklyqisrkyrdeerpcfgllrgrefymkdlytfdvssedaiktyesvcnayeaifkkleiehikadgdpgniggqyshefhiiadigqdtvkicsscklginlevtekedehlcsncgnafvqhkcievghtfllsdsyskvfganlkskplqmgcygigvtrllaaavevlstennirwpkaispyqiciippkrgskeeaakdmaghlyqilsssypedviiddrddmtigqrllyakrlgfpyvlicgkhvlkstpriefidiygdktdlfthsellnklvqmkgskmgecdeksnknivgeemkplnpdndeqtdvissntipitgaleevkfsekcrsrqskmkclccqhdsgsvnnfnfvieklylceimcvillwmslysiigcqllpeghlfalfilivcciiggnlisllhfppllgnfflyfsmllvgfllrnvphinvaanlnpqwasalrsialvviliraglgldpqalkqlslvclrlaftpclvetivvavsshlvlglpwlwgfmlgfvlsavspavvvpsmisiqekglgcakgiptliiaaasvddvlaisgfgivlgitftegslgwtiakgpievliglaygiflgvtlwvipyrskenkyiyrflllstggtvavfgsriasfggagalgclilsfvaavgwkkedinesvclnpydnassglahifanlwyffqpilfgligaeitvdnldastvgygiavlsiglffriiasffvvlgagltikerlfialawlpkatvqaaigpvaldlaraqadkelehyglqvltisvlvilitapigaaaialsapklltpqreasndeeksv",1007,"PRJNA595812","PacBioSequel;","SNU_Nstr_1.0","False","False",">Nymphon-striatum-gb|KAG1694103.1|"
"183",44,"Nymphon striatum","gb|KAG1694104.1|","mmicqisvlrnlnisstksystcnaflskmelmsnlfiqpdttlfikgsssvdqnsqvkmpqsmksrsqkllsdygiikksdaagqfhflpiglrvlkklmrviddemdhigaqkilmptmtstallkksgrlekygqdiflikdrhnkdlclgptfeeavtsmvssmnvsakmlplklyqisrkyrdeerpcfgllrgrefymkdlytfdvssedaiktyesvcnayeaifkkleiehikadgdpgniggqyshefhiiadigqdtvkicsscklginlevtekedehlcsncgnafvqhkcievghtfllsdsyskvfganlkskplqmgcygigvtrllaaavevlstennirwpkaispyqiciippkrgskeeaakdmaghlyqilsssypedviiddrddmtigqrllyakrlgfpyvlicgkhvlkstpriefidiygdktdlfthsellnklvqmkgskmgecdeksnknivgeemkplnpdndeqtdvissntipitgaleevkfsekcrsrqskmkclccqhdsgsvnnfnfvieklylceimcvillwmslysiigcqllpeghlfalfilivcciiggnlisllhfppllgnfflyfsmllvgfllrnvphinvaanlnpqwasalrsialvviliraglgldpqalkqlslvclrlaftpclvetivvavsshlvlglpwlwgfmlgfvlsavspavvvpsmisiqekglgcakgiptliiaaasvddvlaisgfgivlgitftegslgwtiakgpievliglaygiflgvtlwvipyrskenkyiyrflllstggtvavfgsriasfggagalgclilsfvaavgwkkedinesdqvahifanlwyffqpilfgligaeitvdnldastvgygiavlsiglffriiasffvvlgagltikerlfialawlpkatvqaaigpvaldlaraqadkelehyglqvltisvlvilitapigaaaialsapklltpqreasndeeksv",997,"PRJNA595812","PacBioSequel;","SNU_Nstr_1.0","False","False",">Nymphon-striatum-gb|KAG1694104.1|"
"184",45,"Nymphon striatum","gb|KAG1694105.1|","mmicqisvlrnlnisstksystcnaflskmelmsnlfiqpdttlfikgsssvdqnsqvkmpqsmksrsqkllsdygiikksdaagqfhflpiglrvlkklmrviddemdhigaqkilmptmtstallkksgrlekygqdiflikdrhnkdlclgptfeeavtsmvssmnvsakmlplklyqisrkyrdeerpcfgllrgrefymkdlytfdvssedaiktyesvcnayeaifkkleiehikadgdpgniggqyshefhiiadigqdtvkicsscklginlevtekedehlcsncgnafvqhkcievghtfllsdsyskvfganlkskplqmgcygigvtrllaaavevlstennirwpkaispyqiciippkrgskeeaakdmaghlyqilsssypedviiddrddmtigqrllyakrlgfpyvlicgkhvlkstpriefidiygdktdlfthsellnklvqmkgskmgecdeksnknivgeemkplnpdndeqtdvissntipitgaleevkfsekcrsrqskmkclccqhdsgsvnnfnfvieklylceimcvillwmslysiigcqllpeghlfalfilivcciiggnlisllhfppllgmllvgfllrnvphinvaanlnpqwasalrsialvviliraglgldpqalkqlslvclrlaftpclvetivvavsshlvlglpwlwgfmlgfvlsavspavvvpsmisiqekglgcakgiptliiaaasvddvlaisgfgivlgitftegslgwtiakgpievliglaygiflgvtlwvipyrskenkyiyrflllstggtvavfgsriasfggagalgclilsfvaavgwkkedinesdqvahifanlwyffqpilfgligaeitvdnldastvgygiavlsiglffriiasffvvlgagltikerlfialawlpkatvqaaigpvaldlaraqadkelehyglqvltisvlvilitapigaaaialsapklltpqreasndeeksv",990,"PRJNA595812","PacBioSequel;","SNU_Nstr_1.0","False","False",">Nymphon-striatum-gb|KAG1694105.1|"
"185",46,"Nymphon striatum","gb|KAG1694102.1|","mmicqisvlrnlnisstksystcnaflskmelmsnlfiqpdttlfikgsssvdqnsqvkmpqsmksrsqkllsdygiikksdaagqfhflpiglrvlkklmrviddemdhigaqkilmptmtstallkksgrlekygqdiflikdrhnkdlclgptfeeavtsmvssmnvsakmlplklyqisrkyrdeerpcfgllrgrefymkdlytfdvssedaiktyesvcnayeaifkkleiehikadgdpgniggqyshefhiiadigqdtvkicsscklginlevtekedehlcsncgnafvqhkcievghtfllsdsyskvfganlkskplqmgcygigvtrllaaavevlstennirwpkaispyqiciippkrgskeeaakdmaghlyqilsssypedviiddrddmtigqrllyakrlgfpyvlicgkhvlkstpriefidiygdktdlfthsellnklvqmkgskmgecdeksnknivgeemkplnpdndeqtdvissntipitgaleevkfsekcrsrqskmkclccqhdsgsvnnfnfvieklylceimcvillwmslysiigcqllpeghlfalfilivcciiggnlisllhfppllgnfflyfsmllvgfllrnvphinvaanlnpqwasalrsialvviliraglgldpqalkqlslvclrlaftpclvetivvavsshlvlglpwlwgfmlgfvlsavspavvvpsmisiqekglgcakgiptliiaaasvddvlaisgfgivlgitftegslgwtiakgpievliglaygiflgvtlwvipyrskenkyiyrflllstggtvavfgsriasfggagalgclilsfvaavgwkkedinesvclnpydnassgcqmiiflfiymklkkgfrkfsfkcilvyeivlhsigygiavlsiglffriiasffvvlgagltikerlfialawlpkatvqaaigpvaldlaraqadkelehyglqvltisvlvilitapigaaaialsapklltpqreasndeeksv",1008,"PRJNA595812","PacBioSequel;","SNU_Nstr_1.0","False","False",">Nymphon-striatum-gb|KAG1694102.1|"
"186",47,"Nymphon striatum","gb|KAG1663789.1|","mkirlqvdkvqmkeskmgecdeksnknivgeemkplnpdndeqtdvissntipitgaleevkfsekcrsrqskmkclccqhdsgsvnnfnfvieklylceimcvillwmslysiigcqllpeghlfalfilivcciiggnlisllhfppllgnfflyfsmlvvgfllrnvphinvaanlnpqwasalrsialvviliraglgldpqalkqlslvclrlaftpclvetivvavsshlvlglpwlwgfmlgfvlsavspavvvpsmisiqekglgcakgiptliiaaasvddvlaisgfgivlgitftegslgwtiakgpievliglaygiflgvtlwvipyrskenkyiyrflllstggtvavfgsriasfggagalgclilsfvaavgwkkedinesvclnpydnassglahifanlwyffqpilfgligaeitvdnldastvgygiavlsiglffriiasffvvlgagltmkerlfialawlpkatvqaaigpvaldlaraqadkelehyglqvltisvlvilitapigaaaialsapklltpqreasndeeksv",556,"PRJNA595812","PacBioSequel;","SNU_Nstr_1.0","False","False",">Nymphon-striatum-gb|KAG1663789.1|"
"187",48,"Nymphon striatum","gb|KAG1663788.1|","mkirlqvdkvqmkeskmgecdeksnknivgeemkplnpdndeqtdvissntipitgaleevkfsekcrsrqskmkclccqhdsgsvnnfnfvieklylceimcvillwmslysiigcqllpeghlfalfilivcciiggnlisllhfppllgnfflyfsmlvvgfllrnvphinvaanlnpqwasalrsialvviliraglgldpqalkqlslvclrlaftpclvetivvavsshlvlglpwlwgfmlgfvlsavspavvvpsmisiqekglgcakgiptliiaaasvddvlaisgfgivlgitftegslgwtiakgpievliglaygiflgvtlwvipyrskenkyiyrflllstggtvavfgsriasfggagalgclilsfvaavgwkkedinesdqvahifanlwyffqpilfgligaeitvdnldastvvliamvsmllegpnvlkqtahpymranssrstgtswcilvyeivlhsigygiavlsiglffriiasffvvlgagltmkerlfialawlpkatvqaaigpvaldlaraqadkelehyglqvltisvlvilitapigaaaialsapklltpqreasndeeksv",594,"PRJNA595812","PacBioSequel;","SNU_Nstr_1.0","False","False",">Nymphon-striatum-gb|KAG1663788.1|"
"188",49,"Nymphon striatum","gb|KAG1663790.1|","mkirlqvdkvqmkeskmgecdeksnknivgeemkplnpdndeqtdvissntipitgaleevkfsekcrsrqskmkclccqhdsgsvnnfnfvieklylceimcvillwmslysiigcqllpeghlfalfilivcciiggnlisllhfppllgmlvvgfllrnvphinvaanlnpqwasalrsialvviliraglgldpqalkqlslvclrlaftpclvetivvavsshlvlglpwlwgfmlgfvlsavspavvvpsmisiqekglgcakgiptliiaaasvddvlaisgfgivlgitftegslgwtiakgpievliglaygiflgvtlwvipyrskenkyiyrflllstggtvavfgsriasfggagalgclilsfvaavgwkkedinesdqvahifanlwyffqpilfgligaeitvdnldastvgygiavlsiglffriiasffvvlgagltmkerlfialawlpkatvqaaigpvaldlaraqadkelehyglqvltisvlvilitapigaaaialsapklltpqreasndeeksv",539,"PRJNA595812","PacBioSequel;","SNU_Nstr_1.0","False","False",">Nymphon-striatum-gb|KAG1663790.1|"
"189",50,"Nymphon striatum","gb|KAG1663791.1|","mkirlqvdkvqmkeskmgecdeksnknivgeemkplnpdndeqtdvissntipitgaleevkfsekcrsrqskmkclccqhdsgsvnnfnfvieklylceimcvillwmslysiigcqllpeghlfalfilivcciiggnlisllhfppllgnfflyfsmlvvgfllrnvphinvaanlnpqwasalrsialvviliraglgldpqalkqlslvclrlaftpclvetivvavsshlvlglpwlwgfmlgfvlsavspavvvpsmisiqekglgcakgiptliiaaasvddvlaisgfgivlgitftegslgwtiakgpievliglaygiflgvtlwvipyrskenkyiyrflllstggtvavfgsriasfggagalgclilsfvaavgwkkedinesvclnpydnassgcqmiiflfiymklkkgfrkssfkcilvyeivlhsigygiavlsiglffriiasffvvlgagltmkerlfialawlpkatvqaaigpvaldlaraqadkelehyglqvltisvlvilitapigaaaialsapklltpqreasndeeksv",557,"PRJNA595812","PacBioSequel;","SNU_Nstr_1.0","False","False",">Nymphon-striatum-gb|KAG1663791.1|"
"192",53,"Nymphon striatum","gb|KAG1667715.1|","mrlsryflpvlkesprdativshqfmlragmikqssagiyswlplgfkvlrriedivheeqakaghiamqmptiqsadlwresgryddygeemlrikdrhdrdmlftptaeelitdifrgavssykdlpltmyqiqwkfrderrprfgvmrgrefymkdgynfdltkedalhaynrhlvsylrtyermglqaipmradsgpiggddtheflvladtgesevfydsavtdlsfgdreidyddvaqcagvmeeftskyartdethdaalfadvpadrqrtargievgqifyfgtkyseamgatvqgpdgkstpvhmgshgigvsrllgaiieashddkgiiwpegvtpfhagivnlkqgdddadaacqalydaltahgleplyddrneragakfgtmdliglpwritvgprglkngvveltsrktgeseemapdaavakiveiyakhglgha",450,"PRJNA595812","PacBioSequel;","SNU_Nstr_1.0","False","False",">Nymphon-striatum-gb|KAG1667715.1|"
"221",5,"Idotea baltica","gb|MCL4139599.1|","mftaalaiiiantplvsvynllletpveirigglqiakplllwindglmalffflvglelkreliegelsdkrnlilpgvgaiggmlvpalvylafnshdpvavkgwaipaatdiafalgvlsllgsrvptslkifltslaifddvgaiviialfytsnlsitalmvalgsipilyfmnrrgvesrspyiligiivwigllksgvhatlagvllamfiplksksgsdisplkslehdlhsivaffvlpvfafanagisftdmsldvalhdvtlgvslglvlgkqigiftlcglvillgvvkmpknmswaslygtsalcgigftmslfigslafeetgvnllfderlgiiigslvsgiigylilvkflpakqan",373,"PRJNA599581","IlluminaHiSeq;PacBioRSII;","Ibalt_v1","False","False",">Idotea-baltica-gb|MCL4139599.1|"
"228",12,"Nymphon striatum","gb|KAG1682759.1|","mslgglaiaigmlvdsaivvvenvmthlshhqgkqklprlhliyraarevsipvtsgtliiiivflplltlqglegklfipvaltivfalssalilsltvipvlasyligqgsakepllirlllriykpilrgslrfsslvviiaigllvvagflytqvgktfmptldegdiivqleklpsisleqsiaidtqfqkalmkrvpeikgvvartgsdelgldpmglnetdsflvlkpseewevsdkdalidkirevlndfpgvaftftqpiemrvsemltgttgdvaikifgedheklsqtanalvnlvskipgaedvvsprndgaqyyrlvvdrlasgrlgldintlqdmlraqveglnlgtiyegsrriplmvrgseslrdstshfsglqlslddgrrvplknlvkiertegpvsvdreqgkrlavvvanavlvlsnvpfamiggvvalwltgeylsvpasigfiallgiavlngivmlsncykrskpdqvswicvscnrlgipllkelnatsalllafalsfsstvfavkvfedkggmgsqygrvaigvlivqdiaaviflaastaklpspwaaamivaliaakplllwllkraghgellilyglvlaiggsslfelvslkgdlgalffgilvaqhpkaaelaksllslkdlflvgfflsigiavsptaetliiaimlmfliplktilfhllflrfrlrtrtatfaslslanfsefglivcaiavsnqwlshdwlavmaiavvfsfilasplnvhsnaickrichrlqrlehskrleedelldlknarvlvcgmgrigsgafkhlqthydkrdiigidfnedklnsnmdkqenrvtdptgkginharweksfdkiltpfeefihqqttsglllmgsailalilansayasvyqhlthtpiglniggwtiektlhhwvndglmalfffivglelkrellvgelanvrnailpivaavggmvvpaliywafnregdaalgwgipmatdiafaigalallasrvpkalitflvalaivddlgavvvialfytdqivwealfigagllvvlivfslsgirqplpyflvgillwfallksgvhatlagvltaftiparpkydpcrfsdhvkklmvrfdashepgkdimrntelravvqtlengvhkvetplqrlehsmhmpvaffvipvfafinagipidfssmaetmshpvtlgvimglvfgkfigiagaswlalklgfgrlpadtsfsqiagvsllagigftmsifiadlgfagqpeyllmaktgilvasliaglggfiwlllvskksn",1287,"PRJNA595812","PacBioSequel;","SNU_Nstr_1.0","False","False",">Nymphon-striatum-gb|KAG1682759.1|"
"239",23,"Ephemera danica","gb|KAF4525946.1|","metlmkelntndcemsatdlelqapetktgetdkephagcmrrawevarpdvlcprpsrvqhavllliaplvlllsvvslvgppalppsgpifqmlllfvmaaavgqlvslvrlppllgmlltgillrnvgafymeggylqavsslrlcamvvilskaglglnaaalrklscavlrlalgpcgveaatsacaarlllgmpwlwaallgcilaavspavvvpallglkergygedkgistlviaassiddiaaisafgiflgiifaegsltrqilqgpleviigltyglcygfmliyvphakasmaaswrallvaaggvmavlgsqsigfdgagplgcitaafvaacgwraqdststapveetfsqlwllfqpvlfgligteiviseldrstvvlglcvllcgltlrivavglvtmggflslkeqlfvtiawlpkatvqaalapvaldiarqtgaseevielaeqvltvavlsilvtapigaigisvsgprllnasrp",497,"PRJNA171755","IlluminaHiSeq;","Edan_2.0","False","False",">Ephemera-danica-gb|KAF4525946.1|"
"244",28,"Arctia plantaginis","emb|CAB3223254.1|","mflvkrhgyldlemeqeqntkddndeneravqhnswwetfclrchqedsspswqpswwskyfpypvfptyrqsaqqiciiiffflvwgilyaeleeaiglqgellsmtllviaaylvgwiwlkvttlpaligmlltgilfqnlklvhmtdeykklnqdlrkvalviiltraglglnagvlkkhyaavlqlgllpwlveciliavsthyllylpwiwgfllgsmiasvspavvvpclfklrdvgygvakgiptivlaaaaiddsisvaifaiilnamfstgsatfniikgplsiivgillgslwgafiallpekgdtyvvplrflalflgglfsyfissmigwsgtgplaivssgfvaaffweqqgwpinnnpvsnifrilwiffepilfaftgaqvtisaldpevlkmgaicllsclalravatyfvsfgcglnskeklfigltwmakatvqaalgpaaldmvrngqttgiareleesyakalltisvlsvvisaplgalmiaitgprllaksdsntkqtdepenggsvthi",532,"PRJEB36595","False","False","False","False",">Arctia-plantaginis-emb|CAB3223254.1|"
"249",33,"Arctia plantaginis","emb|CAB3231153.1|","meykngtsildkgvyiirneefktmneddsllaravrrqniimkgqetpeitlnynpgknpikdsivkktkdicraktptilhyftllvlglgtwgllwcafgedwnwngrwtklafvgglawaageafqmctslppllaalvigilarnfefldmreyteidaflrriypviilgkgslafdfkyikknwrlvsslgvlpwtaevltlavcmhvfldfpwmwglllgstyasvsfavvmpavqnssgssgnlsqnwnqliltaggtdtalsvgvfgvihsfimhegddtyryikaalallvgvvvgvswgtlakfiphskdfyvaemrllfvligglftfflsakfgwggtggvavlacnstaancwekdgwklnknpastayrvmwstleplvfaysgtffvikaplwnvmliglgilcicvvvrltiaffvcskmtirerffvcctwipksiveavlcpvaynalvargnydenemqyadhfiwiiiqailvttpigflltkhlgpflltekqkkydidpet",525,"PRJEB36595","False","False","False","False",">Arctia-plantaginis-emb|CAB3231153.1|"
"250",34,"Periplaneta americana","gb|KAJ4436481.1|","mtstlevpgneltvpqeprrrvsiasdtptvvdgrlspyhhsdnhesrrrvsaascehdgrrksilvqhtpdtmsvsshhshyvnhgfqfegtgkpangegphkkystseslheklklpesqrvekswlflfckrcredegsqawepplwqrlcpypfcpsyrqfarilalfligvlcwgivyavlgetaapggqlfglailciaahfggwlmslttlpaligmlmvgilfqnvglvhiegeynevvvvlrkialviiltragldldpaalkrlritvpklglvpwvvecvvmaimtyyllglpwiwgfllgsviaavspavvvsclfrlrqkgygvakgiptliiavsgiddatsvavfgiihsimftsetllfqiiqgplsiiggigfgvlwgillkyvpekqdpfvvplrilmlfgggliavlgsesigyggagplgciaaafvslyfwsqqgwevednpvatafeifwmifepvlfgltgtqikidelephtvtiglaclvagivariiftviiavgsklnlkekifvalswmakatvqaalgpvamdsvrdsgssqdkqyaeyvlvicvlsilltapigaiiitlsgprllkkttapvivegwrrsarpslrditiideeedgdgdsvpt",635,"PRJNA779823","OxfordNanoporePromethION;IlluminaHiSeq;Hi-C;","False","False","36153808",">Periplaneta-americana-gb|KAJ4436481.1|"
"251",35,"Periplaneta americana","gb|KAJ4439351.1|","mlnrvgykghpcrtslpiplpsdnyspiltltcftssnvlpsssrfqrcvmrvlshpwcirvsrplalwvlglmlwglaaaklgpmagpdgqlfrigllgvvahlvgfavgltglppllgmmvagvilrnvdvvvvtgpyldvasairemalvviliragleldpialkrlggmvlriaicpavveavcvaaitnilldlpwiwgsllgavlaavspevvipllftlqtkgnygkskgiptiviaaasfddvvaisafgvllsiatstgditskiiqcpvglvigiccglglglflryiprqddnlvttlrtlllaaaglflvfgsaavgyegagplacimasffasngwapkekhtveknfallytifqplqfgligieinvnvlegrtvglgiasllaslaariaasiavaaggnlnlkeklfisfawfpkatvqptqgintklfsplqaalgpvaldivrkmqlqefekyanivlivavlsilitapvgailisylgprllekekdesctapgdqqlnnisgegilpi",531,"PRJNA779823","OxfordNanoporePromethION;IlluminaHiSeq;Hi-C;","False","False","36153808",">Periplaneta-americana-gb|KAJ4439351.1|"
"252",36,"Periplaneta americana","gb|KAJ4436265.1|","mgsdagpggqlfrmgvlfvvahlagcalrpsglppllgmllvgillrnvgflqlsdhfvpvaanlrkvalvviliraglgldpaalkrlswvvlrlslvpsvveatvvafmahgllglpllwgfllgcvlaavspavvipclcnlqdkgygkrkgiptlvmaaasiddinaisafgivlgiifsqgsqtmqilqgplglliglllgvaaglflryipdkkdsqvvvlrtillgsmglllvfgvdalgytgagplgcivaafvashgwtaqdsdgsqnsvssgfvtlwavfqpvlfgligteinlsvleaetvglgiaclslslvmrmvssaatvagvglnwkeklfvaiawfpkatvqaaigplaldaargqpeaveyasivltisvlailitapigavlittlgprllqrerldlprtlmsdadknnaavvealvtg",438,"PRJNA779823","OxfordNanoporePromethION;IlluminaHiSeq;Hi-C;","False","False","36153808",">Periplaneta-americana-gb|KAJ4436265.1|"
"253",37,"Periplaneta americana","gb|KAJ4436258.1|","maglceggnepsdflkaicklaienpvpmenkntshpapteydvlnvatlnstnsleyentsrtedsvestekppsrlkrwiccccgercerfwhavtshplcpskqavtrlltlmvlgltlwgsiystvgtmagpqgqmfkigflgvashfagwlisfvglppllgmllmgillrnvefiilsghfmevaadlrqmslaiiliraglgldpvalrrlggmvtrlavapslaevifiaimthfllglpwvwgfllgeeqrlrvfvnkvfrknfgdkrdevtgewrklhnaelhalysspdiirniksrrlrwtghvahmgesrnayrvsvlaavspavvipclfsledrgygkskgiptlviaaasfddiiaisafgivisliftahstlamlilrgplgilfgmvggigigiflryvpnkddprvtmfrtillaflgaffmfgseavdyegagplgaivtafvasngwktktfdgkaavadnflvlwsvfqpvlfgligteinlfildpvtvgigiaslfvalaarivtsvlvaaggnltwkeklfvafawfpkatvqaaigpialdnareigneeyisyaskvlivavlgilitapagaslitflgprllrkettaknptdenveraeeapenetih",639,"PRJNA779823","OxfordNanoporePromethION;IlluminaHiSeq;Hi-C;","False","False","36153808",">Periplaneta-americana-gb|KAJ4436258.1|"
"255",39,"Periplaneta americana","gb|KAJ4436260.1|","wrnvcqrvtrhsiwqpvarnlslaalamllwgnaftvardeagpggqlfpigalgvaayliggvvqlaglpsllgmlltgvalrnvgfvvlhgqylvlaaclrdrkakyqcklhlilrmkdesqsqfsphnrkvalaiiliraglgldpaalkrlsgmvlrlaivpslmeasciavmthflldlpwdwgfllgavmaavspavvvpclfslqargygrskgiptlviaaasfddiisisafgimlsviystgsmtmtilkgplgllgglllgvlwglllhhlpaksdfgqeastlppvflsqryvvvlrtlllgfggmlllfgsemigydgagplgcivasfaaargwrdqekvic",356,"PRJNA779823","OxfordNanoporePromethION;IlluminaHiSeq;Hi-C;","False","False","36153808",">Periplaneta-americana-gb|KAJ4436260.1|"
"256",40,"Periplaneta americana","gb|KAJ4429153.1|","tflagnltekilegplavifgvsfglawgftiglipqhqdtrvnslrtllvgvggllamleaspsnmkeqdpwgaswqlslvdkfgavrvhdvirllipalyknqseslmvadgdchhlcklmapvrhrwsinnaiggirnttpvgsnfevlwtifqpilfgligsavdlklldprsvglgiaclsvavtvrtrnsklflrrvrlavsvliasgaglnwkeklfvamawfpkatvqaaigpiaydmaktlpekqyanivlivavlsivitapigaisitligprlltkeeepvcdcerptvlvydgeeqpfvtydscsvnsystfqnqs",329,"PRJNA779823","OxfordNanoporePromethION;IlluminaHiSeq;Hi-C;","False","False","36153808",">Periplaneta-americana-gb|KAJ4429153.1|"
"258",42,"Diaphorina citri","gb|KAI5704272.1|","mdnkksilpqnqnrtpsiivqnnsnkvqrpedidvrnkllppsgngskdfksrtpqrekkppsrirriitepfgpknlyvlrllgwvicllvswgllytlvkeevapggqllklltlivsahiagiivshvnlppllgmlvtgivlrnikffevsgtyreivvttreialtvilikaglgldakalkklsfvvlklafipciveatgaavccyfilgmpwvwgfllgfvlsavspavvvptllklssegygeskgistmviaasslddivaisafgiflgfatnvgksdaditnqllqapieislgvlfgivwglisawlphkedkfvvfkrvfmigggglfsvlgsqmigyngagplsciisafvaclcwkwqgwsdsynpvatafsglwlimqpalfgligaeidlsqidatqigqglivlagglafraiacttcllgtnlnwkemifvniawlpkatvqaalgsvaldilknnapppadsveyptylqelsfgrgvltiavlsilvtapvgaigiafsgtrlltnepskeknqqpsnsqiaasidhldv",552,"PRJNA800468","PacBioSequelII;IlluminaNovaSeq;","CRF-UY_Dcit","False","35866687",">Diaphorina-citri-gb|KAI5704272.1|"
"259",43,"Diaphorina citri","gb|KAI5704273.1|","msdertllahsftqdicyeaisprekkppsrirriitepfgpknlyvlrllgwvicllvswgllytlvkeevapggqllklltlivsahiagiivshvnlppllgmlvtgivlrnikffevsgtyreivvttreialtvilikaglgldakalkklsfvvlklafipciveatgaavccyfilgmpwvwgfllgfvlsavspavvvptllklssegygeskgistmviaasslddivaisafgiflgfatnvgksdaditnqllqapieislgvlfgivwglisawlphkedkfvvfkrvfmigggglfsvlgsqmigyngagplsciisafvaclcwkwqgwsdsynpvatafsglwlimqpalfgligaeidlsqidatqigqglivlagglafraiacttcllgtnlnwkemifvniawlpkatvqaalgsvaldilknnapppadsveyptylqelsfgrgvltiavlsilvtapvgaigiafsgtrlltnepskeknqqpsnsqiaasidhldv",519,"PRJNA800468","PacBioSequelII;IlluminaNovaSeq;","CRF-UY_Dcit","False","35866687",">Diaphorina-citri-gb|KAI5704273.1|"
"260",44,"Diaphorina citri","gb|KAI5742064.1|","msknsvsfskivhkyisgyeelaggnypgnpgnngkhqqkmtestiqlestdpaypnghpninaqhtednflvrflrapldfvspllisyitwaiilllvwgllycilttdalpggsafnicllilvaqifgkaveylrlpsllgmliagifmknvglfsvtpgvyeeivillreialttilikagmgldaaallklsfvvirlallpclaetagasiaahfildfpwlwglllgfilsavspavvvptllelkengygndksistlviaassvddiaaislfgvilgcifsegdltskivqgplevliglawgliwglilacfpnrldknvitkrclmlgsvcslavlgsqvidlagagplgcittafiagvcwklqgwthqynpvadkfasvwnviqitlfgligaeidllemdvkvvmagavvllcgltfritacaialigaklnmkevlfvnlawlpkatvqaalapvalnlvnklnmedtpehnyatsiltiavlsilitaplgsigitwggtrllhksevair",529,"PRJNA800468","PacBioSequelII;IlluminaNovaSeq;","CRF-CA_Dcit","False","35866687",">Diaphorina-citri-gb|KAI5742064.1|"
"261",45,"Diaphorina citri","gb|KAI5704627.1|","msknsvsfskivhkyisgyeelaggnypgnpgnngkhqqkmtestiqlestdpaypnghpninaqhtednflvrflrapldfvspllisyitwaiilllvwgllycilttdalpggsafnicllilvaqifgkaveylrlpsllgmliagifmknvglfsvtpgveialttilikagmgldaaallklsfvvirlallpclaetagasiaahfilnfpwlwglllgfilsavspavvvptllelkengygndksistlviaassvddiaaislfgvilgcifsegdltskivqgplevliglawgliwglilacfpnrldknvitkrclmlgsvcslavlgsqvidlagagplgcittafiagvcwklqgwthqynpvaehfasvwnviqitlfgligaeidllemdvkvvmagavvllcgltfritacaialigaklnmkevlfvnlawlpkatvqaalapvalnlvnklnmedtpehtyatsiltiavlsilitaplgsigitwggtrllhksevair",520,"PRJNA800468","PacBioSequelII;IlluminaNovaSeq;","CRF-UY_Dcit","False","35866687",">Diaphorina-citri-gb|KAI5704627.1|"
"262",46,"Diaphorina citri","gb|KAI5704902.1|","masdvqrmaeiceklspklsqkepdiltnepdhkkhpehehkkpsnelaepkrkvsiasnaiqadiernrkisaasleakrnmlmnggefnlsppcnhhhhhnhyrascdygksplsvisncdfnerrvssisndgiynyennqsqierswwfglcikcrqkevgpgwepqcwpkvcphpfcpsyrhvarilalliigllvwgvaycimgedaapggqlfniallsicahlggwlfrmftmpalvgmllvgivfenvglisisksyhevesvlrkmalvviltragldldppalrrlwstvlklglvpwaveaisvviathyflnlpwiwafltgsifaavspavvvpclfklrskgygvakgiptlviavsgmgdatsvaifgivhsfmfsedsllynivlgpssliiglafgiiwgslakvvpekgdpfvvplriimllggglivifasehlglggagplgviasafvssyswskqgwniednpvatafeifwmifepilfgltgtqfklseldpqivsiaaiiviggvvtrilitvlvavgsslnlkeklfvafswmakasvqaalgpvaldstrnspheidryyakivlmicvlsvlltaptgaiivtlggskllnkgkssipqtgwrrsarpsirditiideereddpeaspemsrsegrdnrgvdvideedgesearsqypptpspkknsftnnnnhts",705,"PRJNA800468","PacBioSequelII;IlluminaNovaSeq;","CRF-UY_Dcit","False","35866687",">Diaphorina-citri-gb|KAI5704902.1|"
"263",47,"Diaphorina citri","gb|KAI5742900.1|","mtsmtcvrmaeiceklspklsqkepdiltnepdhkkhpehehkkpsnelaepkrkvsiasnaiqadiernrkisaasleakrnmlmnggefnlsppcnhhhhhnhyrascdygksplsvisncdfnerrvssisndgiynyennqsqierswwfglcikcrqkevgpgwepqcwpkvcphpfcpsyrhvarilalliigllvwgvaycimgedaapggqlfniallsicahlggwlfrmftmpalvgmllvgivfenvglisisksyhevesvlrkmalvviltragldldppalrrlwstvlklglvpwaveaisvviathyflnlpwiwafltgsifaavspavvvpclfklrskgygvakgiptlviavsgmgdatsvaifgivhsfmfsedsllynivlgpssliiglafgiiwgslakvvpekgdpfvvplriimllggglivifasehlglggagplgviasafvssyswskqgwniednpvatafeifwmifepilfgltgtqfklseldpqivsiaaiiviggvvtrilitvlvavgsslnlkeklfvafswmakasvqaalgpvaldstrnspheidryyakivlmicvlsvlltaptgaiivtlggskllnkgkssipqtgwrrsarpsirditiideereddpeaspemsrsegrdnrgvdvideedgesearsqypptpspkknsftnnnnhts",706,"PRJNA800468","PacBioSequelII;IlluminaNovaSeq;","CRF-CA_Dcit","False","35866687",">Diaphorina-citri-gb|KAI5742900.1|"
"264",48,"Diaphorina citri","gb|KAI5737038.1|","maeiceklspklsqkepdiltnepdhkkhpehehkkpsnelaepkrkvsiasnaiqadiernrkisaasleakrnmlmnggefnlsppcnhhhhhnhyrascdygksplsvisncdfnerrvssisndgiynyennqsqierswwfglcikcrqkevgpgwepqcwpkvcphpfcpsyrhvarilalliigllvwgvaycimgedaapggqlfniallsicahlggwlfrmftmpalvgmllvgivfenvglisisksyhevesvlrkmalvviltragldldppalrrlwstvlklglvpwaveaisvviathyflnlpwiwafltgsifaavspavvvpclfklrskgygvakgiptlviavsgmgdatsvaifgivhsfmfsedsllynivlgpssliiglafgiiwgslakvvpekgdpfmvplriimllggglivifasehlglggagplgviasafvssyswskqgwniednpvatafeifwmifepilfgltgtqfklseldpqivsiaaiiviggvvtrilitvlvavgsslnlkeklfvafswmakasvqaalgpvaldstrnspheidryyakivlmicvlsvlltaptgaiivtlggskllnkgkssipqtgwrrsarpsirditiideereddpeaspemsrsegrdnrgvdvideedgesearsqypptpspkknsftnnnnhts",698,"PRJNA800468","PacBioSequelII;IlluminaNovaSeq;","CRF-TW_Dcit","False","35866687",">Diaphorina-citri-gb|KAI5737038.1|"
"266",50,"Oedothorax gibbosus","gb|KAG8183784.1|","mtnpsiipspceeddavsetsksakelwsslwtcppisplttmtsmaaiaflfygsiwgltakeampggpvfglfmlalvcylggqftkliklptlvgmmvfgfilrnvpainiakdipsewgsnirhmalilillraglevdsdillkqkatctklifipfifelvagslaakylldmpwlwaftlgsmlsavspavvlpvmlklqkkgigtengvptmviavagiddvlaltayevlfgvlmgkgnmewliargpievivgiiygialgiflwyiphpeerktsvfrflllllggmfclfgsqqiewgaagalgciclpfvaairwkkhkdwddeenpvgealafiwkiiepflfgligseiklemlkptlvglslatmfialffrmaasmlaawtaglsfkeqvfvtfaglpkatvqaaigpqalnyvrgdeelagqkdliahatmiltvavlaiiifaplgsvlisilaprllskptnndveksktsvpaimdsipmyqqnssydiknenrlsnpensnsrehqnnqyssssvcsqnwrniennsnvntsekl",557,"PRJNA681589","PacBioSequel;","Ogib_1.0","False","34949821",">Oedothorax-gibbosus-gb|KAG8183784.1|"
"267",51,"Oedothorax gibbosus","gb|KAG8186332.1|","mvnlrkyfppnsifqhktsccswyrvkenilllltqlvslifligtlygilgndvlpgteifallllaisaygggvlaglirlpplvgmlvvgilyrnlsfipyqknisimwastlreislvvillkaglaldpkklkemkldvfklsfipclfeaatsavfihflldlpwlwafmlgfilcavsaavlvpgmlvleqkglgtesgiptlvmaslsvdnvvaltgfvvtfstitsdesliwtlvkrpveliigltlgaliglllwylpsrnsdskssilyyrslmlilgglglnflckrfgmtgagalgcvglafvaalwwrndvqlfknitsvtgifwslieaflfgligsevtieslgnnigysllvlvlggiirylstmfalfgsklsikekafvsatwlakatvqaavgsqaldyartenknvqfveyskqvltmsvlsiivtaplgaifiehlapilltesgnstdtsqnsfeifedereciaevtvtdygssnnltnsrkfdglikglksnanalq",522,"PRJNA681589","PacBioSequel;","Ogib_1.0","False","34949821",">Oedothorax-gibbosus-gb|KAG8186332.1|"
"268",52,"Oedothorax gibbosus","gb|KAG8183783.1|","messiskqtfderhrncvneecnsnlapespakcfrltnerwklvqaqfltfillllficaslygileedilpgselfallllalsayisgvvanyvhlppligmliagflfrnlhvsahlyenisirwattlrstafviillkaglgldadklkklsltvfqlaltpcivetaaaavashfflglpwvwsimlgfvisavspavivpgllnlqnkcfgtakgiptlviaaaslddiicitgfsvmlsvsfsegnllitilkgvlepvgglllgvifgrifwhlpnsasvpsnlvyyrvlllcfggfasmfvskrydvagvgpmaclvlafvaafgwkrdqltfdriekvtgvlwtglqpflfsligsevsiadlqfnlgntilslaialgfrivvatfvtfgsdlnikekifiafawipkatvqaavgpqaldyvlsnskgqemekyaqmvltaavvsiimtapvgaflisvlgpillsndrnpdkqrsenmrlqtvdsdvl",503,"PRJNA681589","PacBioSequel;","Ogib_1.0","False","34949821",">Oedothorax-gibbosus-gb|KAG8183783.1|"
"269",53,"Oedothorax gibbosus","gb|KAG8186330.1|","mevatiqsnvvvdnwshwdmtdfetgekkwyhkvlefilptrkkmniyitkllilifffltvlgmlmkgampgsqvfavlllgllaaiggklisfiklppllgmmivgflfrnveaisfyedidrktimvlrevalaiilmraglgidgqqlkksklavlrltvvplivealsmgvfahfllglpwmfalmlgfilsaiapevilpvilhlesqgyggskgiptiliaacslddigaiagfticfsiafsddnliwtivkaplepvvgfafgavfgvifwsfpserlkkntlifynvllisfgamtvlfastrlglpgagplgcitlafiagikfrqdevrfkgvqkvtsqiwaiinpflfamigtevtldtlqnnagygilaifcalscrsvatvlvcfglnlnfkekiymvfswlpkavvqaaigsqaldyarihnlhpelqkygeivlnvcvlsilvtaplsavlctvfgpylltrdripeiedeyetedelsetpkpsasvagieasssqplvtpdsqkh",524,"PRJNA681589","PacBioSequel;","Ogib_1.0","False","34949821",">Oedothorax-gibbosus-gb|KAG8186330.1|"
"270",54,"Oedothorax gibbosus","gb|KAG8172704.1|","mvnlrkyfppdsifqhktsccswyrvkenilllltqlvslifligtlygilgndvlpgteifallllaisaygggvlaglirlpplvgmlvvgilyrnlsfipyqknisimwastlreislvvillkaglaldpkklkemkldvfklsfipclfeaatsavfihfsrltclgsgfhlgyvgqilkl",186,"PRJNA681589","PacBioSequel;","Ogib_1.0","False","34949821",">Oedothorax-gibbosus-gb|KAG8172704.1|"
"271",55,"Dermatophagoides farinae","KAH7644190.1","miylnlliilpakslppdgdlfnmvilfvgahflgllsekiglpplfgmlvagflhgniidnemdptltsttrslaliiiliraglnldpqairtlssvcarlsllpsivealivtllswiwfgfnlswslmlgfvigsvspavvvpsmviiqeqnygvrngiptlliasasvdnvfaitgvsvclsfainngdggsnisqmiltivrgplealagiiyglivgiilwyiperydrkksaerfeihrfillattslfiwfgsqqanlksigplailtapfvasirwrqnnlgqlsresfrilwvvfenflfcligfsvrlrkldtsvlfggiviiliaviirmivaylvtygqfdrkerlfmaiswlpkatiqaamgpvaldlaqtnddigraqivltlavlsilmtapvgaiamdrtyrkllknysnenlnpntnnmtssepmdlenqtttnkvntplllndkpmlyyntle",473,"PRJNA512594","Nanopore;","False","False","34659625",">Dermatophagoides-farinae-KAH7644190.1"
"272",57,"Sarcoptes scabiei","KAF7496482.1","mehfwskilsylsksvnmllwkliimilifsnlwamfgdevlppdghifhwlmlfivshigskisyllrlpslfgmlisgfiygnffrinlnaglmsdiraialmiillraglhlemktlkkisfasvrivlipflaeiaavaastyyflsieigwamlsgfvmsavspavvvpfmiriqkaglseekglptliiaassiwdvlsvtgfvvclsfvvkrpsnstlnlllraplqilvgvlygtilgvllwylpeihrnqenqsksqydlhrlillllaayfamfgsdqidlsgsgplaililsfvasirwrkygwldvnekrlrvlwsvfkpylfclvgfnvrfseirmeivvlgfvcfiiglicrsiceflmthglglnykerlfsviawipkatvqaavgpvaldyarneretyyatvivtmailsvlitaplgaiaidsvsgrllsknknqdldeeeegpdetrrelnlpkefeaisncpslderyd",490,"PRJNA598457","PacBio;","S_scabiei_pig","False","33001992",">Sarcoptes-scabiei-KAF7496482.1"
"273",61,"Amphibalanus amphitrite","gb|KAF0289584.1|","madptatyvfppvdpspaeqrrraserstsseekqsrsswresltgtdlatrgsgskpptisddvadgdvflgeplelqspepsgpchrcarpllrssyappagaalwrralygctcppwgwlegllsaaavtlavwglalaltgphalpggqifgilcllvlclaagwvaalvrlppllgmlimglclanvpglrsvassipegtssllrnmalmviltraglgldaaalrrlslvvlrlaftpclcetltvgvaahlllgfpwiwafmlgfvlaavspavvvpcllslqqqgygvekgvptlviaaasvddvlaisgfgvllgvnfsrgaltekllsgplevvmglgygvvggvllwylpgasnsrlallrlllltctgllalfgsqkvgyagagalaaltlafvaghgwrrsgwtgdtnpvsdaysvlwfvfqpllfgligaeiqvnalradtvglgllvlfigltvrmavtffvvlgggltvkerlfvtlawlpkatvqaaigpvaldfarqyaptpeniglgeqvvaiavlvilvtaplgaaaimlsaprllskasqvgpddkevqkvangdnta",580,"PRJNA549550","PacBioSequel;IlluminaHiSeq;","SNU_Aamp_1","False","False",">Amphibalanus-amphitrite-gb|KAF0289584.1|"
"274",62,"Amphibalanus amphitrite","gb|KAF0289585.1|","madptatyvfppvdpspaeqrrraserstsseekqsrsswresltgtdlatrgsgskpptisddvadgdvflgeplelqspepsgpchrcarpllrssyappagaalwrralygctcppwgwlegllsaaavtlavwglalaltgphalpggqifgsvggegcegdqrkynceelvwlg",179,"PRJNA549550","PacBioSequel;IlluminaHiSeq;","SNU_Aamp_1","False","False",">Amphibalanus-amphitrite-gb|KAF0289585.1|"
"275",63,"Eciton burchellii","gb|KAH0956584.1|","meidmggrtnrpseelakrrvsisdqimgldnpafehhrrisassehnsdqgrrksilhhggshcdsaenipqykfdlengringnrkksayslsssirdkieyseelerswlylfcarchgrddtpsweppgwrracpqpfcptyrkfarvlclfllglllwgivysvigddaapggqlfglaalciaahfggwlislttlpaligmlitglilqniglvtiegqyntvianlrkialviiltragldldptalkrlkvtvpklglipwvveatvvaaltnylldlpwiwgfllgsiiaavspavvvpclfrlrakgygvakgiptliiavagiddaasvaiygivksvmfsqdalwyqilqgpiaivgglgfgimwgwlakyvpekgdpfivplrvlmllgggllavfgseaielggagplavvaaafvscyfwqqegwevddnpvatafeifwmifepilfgvtgtqirikelegktvylglgcllagivirisatvlvsigsklnlkekvfialswmskatvqaalgpvtldevdkndekqfeyaqtvlmmcvlsvlltapsgaiiislsgpklltkttapvgppeiwktrrpsirdisiinedpdleetandrkp",620,"PRJNA632625","IlluminaHiSeq;IlluminaMiSeq;","Ebur_v1.0","False","34582590",">Eciton-burchellii-gb|KAH0956584.1|"
"276",64,"Penaeus vannamei","gb|ROT75079.1|","msngmrstelavvvdsshnldgqvieeqissadkityesgsaslkyvfdcwpphgivgrcltwtllvllgwgaaiaiigisalpggnifslmclfciavlggqlatlaklpslmdkewssalrnialvvillraglgldpaalkelsfmvlrlaftpcivetvtvatvthlllgfpwlwglmlgfilsavtpavivpcmiklseegygmdkgiptlviaassvddvlaisgfgvlmgitfaegslwwiilkgpievvmglvyglgvgalfwvlpnieersaqnlrffllgcagllavfgsqmaqfggagalgclvmafvagigwrrqgmsednnpvddkllimwelfqpflfsligaeiqvseldigtvgwglvtlaiglvfrmatsflvvmggnlnikerifvalawvpkatvqaaigsqaldfaeksgagpeivrlgeqvltitvlvilitaplgavaimlsapkllskgktkdtldlpdglpdp",487,"PRJNA438564","PacBio;IlluminaHiSeq;","False","False","False",">Penaeus-vannamei-gb|ROT75079.1|"
"278",66,"Penaeus vannamei","gb|ROT78781.1|","megnsesqdllvqqepsggnvneasdvsddchdsseqlslspagspteappsykpepqvpdipsssvthdaaidnctyndtpereycdtnnevgdsygdgecatstnygsrvghsrgasqvsscepsvcrmsgrdlchsrgastdgstmeaypysasesrrgtyseagtlpigstiieenmqgwdresekklsdseevgttysrklvsfcdccqsvlrsqhqlrehptalelikyaftcpphgkvgdcllwlligfafwgclvsitgeealpggnffslivlyvfamlagdavkhiglpsllgslvvgilfssipginvigsnldhswsaalr",333,"PRJNA438564","PacBio;IlluminaHiSeq;","False","False","False",">Penaeus-vannamei-gb|ROT78781.1|"
"279",67,"Megalurothrips usitatus","gb|KAJ1530432.1|","mtsdsatnqesgglgqepsnttqllpekekevltetgkddnseqaraeadpesvsaqskiasgvaptlicptmtrhhfiatrleifailgalfyvvisfswaepirepalqlvslfvlaqifgvlvkfvhlppllgmllagillkqidyfhaegiflkftatvrscamtmillraglglnplvlcrlstvvlrvavfpcsveavtvavvshylldlpwqwgfllgfilsavspavlvpslltlqsngygenkgiatlviaassldniyaitifgiflsaifsqgsimelvvqgplevligiiwgiligvisiyiphsdeksviklrtimvcasgllavlgsqlvgyagagplgcivgafvagcgwrafsststyepvmlhlteywlllqpflfgligteidisslggnslqvaglsaavitigvvvrmlaccisvqgcglnfqetlfvglswlpkatvqaaigpvaldlarsiafnqeqnihlaekvlmiavlsviltapigaigilgagpllltrskteesiiekksededhpdaelqevl",542,"PRJNA896355","PacBioSequel;","Mus_1.0","False","False",">Megalurothrips-usitatus-gb|KAJ1530432.1|"
"280",68,"Megalurothrips usitatus","gb|KAJ1530721.1|","mtvatavapaaatttdddpgpcrlplgllggtrrgrasstssstssvqaaaaalgpharyqytppdgadgrrtsrwsrwpgarwlrglrcpachspcvtrtlavlqecadglgawpsgrwlsaalcpvllllmlwalayvfvgtpanvdgplfrlvamfvcaklagwmtrrladvpalvgmlvvgvamkstgyldlppgyvdaigvlrktalslimaraglgldpvqlrslsllvlglavlpavvevaaivglshllldlpplwgvllglvlaavapsvvmpcflelrarglgsdkgidtlvvaaasfddviaislyglvqslifdggtsaqelvqhplglvfgilygavlgktlqllptrdaehlclwrcalvlsgglvatfgsevlgyegagsvaciataftaaagwrrregllsvqaveehfemlwavfepimfsligadintgvldggmvglavgcitvsllfrtlstwllllagkrfnwkerlfvalawlpkadvqaalgplaldtarralrqddvsaaapgaeaeanvdrastvllvavlsilmtapagsvviaslsrrllnpapgdtpppapaadpadpsraengcgvirear",600,"PRJNA896355","PacBioSequel;","Mus_1.0","False","False",">Megalurothrips-usitatus-gb|KAJ1530721.1|"
"281",69,"Megalurothrips usitatus","gb|KAJ1530995.1|","mtvgdatpeppasprsprglrpptagdpgvpgpevgrllrkvgrvhaprlaalhigphpkqsepqpqqqqqhrrpaspppavpaaaerspspscaytvkrflvinydaddsgampplpqstpatspveesvmradvqglgqspgsargqdeghghghggerpkqhapprapvadgvdndgfvsddlftsaaattprrdsmhpsaakasgtgsvfpedertgrccfsilcgkccrgarrvlahplcpssvwltrfvamiiigalflgtailviggngwfqivcgivvaqivgiliyratslppligmllvgvfcrqlgyieyfsashealiyiarsfalvvlmvrtgfqldtaggsklsplmvglaiipglvefavvaalagvvlgapplfallsgvilaaacpsilrpcfslmgagravqaqlvavaclndmivilvfgivmafiyafagdslpyvllhrvmgvgagiilgvvaglllrvlpdphdpmvnairsillgsvgmfsmigfarigffgggpvaclvaawlsswgwrrqgwgpdyrgnpvatvfdvlwrimqpvmfcligadldvsktsydmnkllfsvlvlllawlvrvvvsmvvmsygslsikerlyvtlawvpkagvqaalcplaldlaryrdiegpilthardsmllvllavvitaplsaaltsrrglpnvlvsdlrrtstasrtsgpppppqqqqsrgdangpvqpa",718,"PRJNA896355","PacBioSequel;","Mus_1.0","False","False",">Megalurothrips-usitatus-gb|KAJ1530995.1|"
"282",70,"Helicoverpa armigera","gb|PZC78836.1|","mktrdrrakqdfrgkqdkkgvkqdisharsgkrhahssssaesaaaarertkrsgveavklhlkvtgdpgrtsrsatsvrktsirmtaikeypfdlsdlqnqpsvvsesrpapapapnppasaikqrvsvpslegkrkvsimadesskdrenmpsdrdrngsvsakaegpsrrksnlhnamaadmdtswdrqahiegrfkkysttssvyskkalsqqseyverswwfaccqkchsedagipsweppnwqkvcpfplcpsyrqfaqnvavliigllvwmtlwivmgdtvapggqlfsfavltivayfggwlmqkittlpaligmlimgivmknvglvnfddtfqtvasyirkialtiiltragldldpsamkkyfltviklalvpwtfecilcailayfflglpwnwafllssiiaavspavivpclfrlrakgygvskgiptlvlavsgvddaasvavfgtivsimfsnasltmniiqgplsvvggivlgvlcgylvkfvperndaflvplrvlmllmgglmmvmgseeigwagagplaviafafvacknwtemgwelednpvatafevfwmffepmlfavtgaqvviaeleprlvmigggilitcvilrsivtsvcavrsnlnmrekifvglawmakatvqaalgpvaldqvrymlvdgkpdplmiqyaetvvtvcilsivitapigaivitltgpkllsrttkppvlegwrqthrpsirdisiideeevaerdaeaegsrpgsprprtaassppapitvqpphnppq",769,"PRJNA378437","False","False","False","28756777",">Helicoverpa-armigera-gb|PZC78836.1|"
"283",71,"Helicoverpa armigera","gb|PZC83667.1|","mfflltwgilyselgesvglqgellsmsllvisayligwvwlkittlpaligmlltgiafqnlqlvhmtdsyrklnqdlrkialviiltraglgldagvlrkhyaavlqlgllpwlvecvliavsthyllylpwiwgfllgsmiasvspavvvpclfrlrdvgygvakgiptivvaaaavddsisvaifaiilnamfstgsatfniikgpvsivagvvlgsfwgaitsvipekgdtyvvplrfmalflgglfslfissmigwsgagplaivssgfvaayfwekqgwpvnknpvsnifrilwiffepvlfaftgaqitisaldpqvikmaviclvsclvlraiatffvsfgcglnskekifigltwtakatvqaalgpaaldlvnsgqtsgaakedelyyakailavsvisvvisaplgallialtgpkllskdepaevqnvqdaenqstqi",451,"PRJNA378437","False","False","False","28756777",">Helicoverpa-armigera-gb|PZC83667.1|"
