"","X","assembly.name","assembly.status","coverage","genome.refseq","project.accession","protein.accession","protein.length","protein.sequence","pubmed.accession","scaffold.N50","scaffold.count","sequencing.technology","species","fasta.names"
"1",0,"SNU_Nstr_1.0","Scaffold",140,"False","PRJNA595812","KAG1663790.1",539,"mkirlqvdkvqmkeskmgecdeksnknivgeemkplnpdndeqtdvissntipitgaleevkfsekcrsrqskmkclccqhdsgsvnnfnfvieklylceimcvillwmslysiigcqllpeghlfalfilivcciiggnlisllhfppllgmlvvgfllrnvphinvaanlnpqwasalrsialvviliraglgldpqalkqlslvclrlaftpclvetivvavsshlvlglpwlwgfmlgfvlsavspavvvpsmisiqekglgcakgiptliiaaasvddvlaisgfgivlgitftegslgwtiakgpievliglaygiflgvtlwvipyrskenkyiyrflllstggtvavfgsriasfggagalgclilsfvaavgwkkedinesdqvahifanlwyffqpilfgligaeitvdnldastvgygiavlsiglffriiasffvvlgagltmkerlfialawlpkatvqaaigpvaldlaraqadkelehyglqvltisvlvilitapigaaaialsapklltpqreasndeeksv","False",701800,1638,"PacBioSequel;","Nymphon striatum",">N.striatum-KAG1663790.1"
"2",0,"SNU_Nstr_1.0","Scaffold",140,"False","PRJNA595812","KAG1694105.1",990,"mmicqisvlrnlnisstksystcnaflskmelmsnlfiqpdttlfikgsssvdqnsqvkmpqsmksrsqkllsdygiikksdaagqfhflpiglrvlkklmrviddemdhigaqkilmptmtstallkksgrlekygqdiflikdrhnkdlclgptfeeavtsmvssmnvsakmlplklyqisrkyrdeerpcfgllrgrefymkdlytfdvssedaiktyesvcnayeaifkkleiehikadgdpgniggqyshefhiiadigqdtvkicsscklginlevtekedehlcsncgnafvqhkcievghtfllsdsyskvfganlkskplqmgcygigvtrllaaavevlstennirwpkaispyqiciippkrgskeeaakdmaghlyqilsssypedviiddrddmtigqrllyakrlgfpyvlicgkhvlkstpriefidiygdktdlfthsellnklvqmkgskmgecdeksnknivgeemkplnpdndeqtdvissntipitgaleevkfsekcrsrqskmkclccqhdsgsvnnfnfvieklylceimcvillwmslysiigcqllpeghlfalfilivcciiggnlisllhfppllgmllvgfllrnvphinvaanlnpqwasalrsialvviliraglgldpqalkqlslvclrlaftpclvetivvavsshlvlglpwlwgfmlgfvlsavspavvvpsmisiqekglgcakgiptliiaaasvddvlaisgfgivlgitftegslgwtiakgpievliglaygiflgvtlwvipyrskenkyiyrflllstggtvavfgsriasfggagalgclilsfvaavgwkkedinesdqvahifanlwyffqpilfgligaeitvdnldastvgygiavlsiglffriiasffvvlgagltikerlfialawlpkatvqaaigpvaldlaraqadkelehyglqvltisvlvilitapigaaaialsapklltpqreasndeeksv","False",701800,1638,"PacBioSequel;","Nymphon striatum",">N.striatum-KAG1694105.1"
"3",0,"Ogib_1.0","Chromosome",80,"False","PRJNA681589","KAG8183784.1",557,"mtnpsiipspceeddavsetsksakelwsslwtcppisplttmtsmaaiaflfygsiwgltakeampggpvfglfmlalvcylggqftkliklptlvgmmvfgfilrnvpainiakdipsewgsnirhmalilillraglevdsdillkqkatctklifipfifelvagslaakylldmpwlwaftlgsmlsavspavvlpvmlklqkkgigtengvptmviavagiddvlaltayevlfgvlmgkgnmewliargpievivgiiygialgiflwyiphpeerktsvfrflllllggmfclfgsqqiewgaagalgciclpfvaairwkkhkdwddeenpvgealafiwkiiepflfgligseiklemlkptlvglslatmfialffrmaasmlaawtaglsfkeqvfvtfaglpkatvqaaigpqalnyvrgdeelagqkdliahatmiltvavlaiiifaplgsvlisilaprllskptnndveksktsvpaimdsipmyqqnssydiknenrlsnpensnsrehqnnqyssssvcsqnwrniennsnvntsekl","34949821",979336,7802,"PacBioSequel;","Oedothorax gibbosus",">O.gibbosus-KAG8183784.1"
"4",0,"SNU_Nstr_1.0","Scaffold",140,"False","PRJNA595812","KAG1663789.1",556,"mkirlqvdkvqmkeskmgecdeksnknivgeemkplnpdndeqtdvissntipitgaleevkfsekcrsrqskmkclccqhdsgsvnnfnfvieklylceimcvillwmslysiigcqllpeghlfalfilivcciiggnlisllhfppllgnfflyfsmlvvgfllrnvphinvaanlnpqwasalrsialvviliraglgldpqalkqlslvclrlaftpclvetivvavsshlvlglpwlwgfmlgfvlsavspavvvpsmisiqekglgcakgiptliiaaasvddvlaisgfgivlgitftegslgwtiakgpievliglaygiflgvtlwvipyrskenkyiyrflllstggtvavfgsriasfggagalgclilsfvaavgwkkedinesvclnpydnassglahifanlwyffqpilfgligaeitvdnldastvgygiavlsiglffriiasffvvlgagltmkerlfialawlpkatvqaaigpvaldlaraqadkelehyglqvltisvlvilitapigaaaialsapklltpqreasndeeksv","False",701800,1638,"PacBioSequel;","Nymphon striatum",">N.striatum-KAG1663789.1"
"5",0,"SNU_Nstr_1.0","Scaffold",140,"False","PRJNA595812","KAG1694104.1",997,"mmicqisvlrnlnisstksystcnaflskmelmsnlfiqpdttlfikgsssvdqnsqvkmpqsmksrsqkllsdygiikksdaagqfhflpiglrvlkklmrviddemdhigaqkilmptmtstallkksgrlekygqdiflikdrhnkdlclgptfeeavtsmvssmnvsakmlplklyqisrkyrdeerpcfgllrgrefymkdlytfdvssedaiktyesvcnayeaifkkleiehikadgdpgniggqyshefhiiadigqdtvkicsscklginlevtekedehlcsncgnafvqhkcievghtfllsdsyskvfganlkskplqmgcygigvtrllaaavevlstennirwpkaispyqiciippkrgskeeaakdmaghlyqilsssypedviiddrddmtigqrllyakrlgfpyvlicgkhvlkstpriefidiygdktdlfthsellnklvqmkgskmgecdeksnknivgeemkplnpdndeqtdvissntipitgaleevkfsekcrsrqskmkclccqhdsgsvnnfnfvieklylceimcvillwmslysiigcqllpeghlfalfilivcciiggnlisllhfppllgnfflyfsmllvgfllrnvphinvaanlnpqwasalrsialvviliraglgldpqalkqlslvclrlaftpclvetivvavsshlvlglpwlwgfmlgfvlsavspavvvpsmisiqekglgcakgiptliiaaasvddvlaisgfgivlgitftegslgwtiakgpievliglaygiflgvtlwvipyrskenkyiyrflllstggtvavfgsriasfggagalgclilsfvaavgwkkedinesdqvahifanlwyffqpilfgligaeitvdnldastvgygiavlsiglffriiasffvvlgagltikerlfialawlpkatvqaaigpvaldlaraqadkelehyglqvltisvlvilitapigaaaialsapklltpqreasndeeksv","False",701800,1638,"PacBioSequel;","Nymphon striatum",">N.striatum-KAG1694104.1"
"6",0,"SNU_Nstr_1.0","Scaffold",140,"False","PRJNA595812","KAG1694103.1",1007,"mmicqisvlrnlnisstksystcnaflskmelmsnlfiqpdttlfikgsssvdqnsqvkmpqsmksrsqkllsdygiikksdaagqfhflpiglrvlkklmrviddemdhigaqkilmptmtstallkksgrlekygqdiflikdrhnkdlclgptfeeavtsmvssmnvsakmlplklyqisrkyrdeerpcfgllrgrefymkdlytfdvssedaiktyesvcnayeaifkkleiehikadgdpgniggqyshefhiiadigqdtvkicsscklginlevtekedehlcsncgnafvqhkcievghtfllsdsyskvfganlkskplqmgcygigvtrllaaavevlstennirwpkaispyqiciippkrgskeeaakdmaghlyqilsssypedviiddrddmtigqrllyakrlgfpyvlicgkhvlkstpriefidiygdktdlfthsellnklvqmkgskmgecdeksnknivgeemkplnpdndeqtdvissntipitgaleevkfsekcrsrqskmkclccqhdsgsvnnfnfvieklylceimcvillwmslysiigcqllpeghlfalfilivcciiggnlisllhfppllgnfflyfsmllvgfllrnvphinvaanlnpqwasalrsialvviliraglgldpqalkqlslvclrlaftpclvetivvavsshlvlglpwlwgfmlgfvlsavspavvvpsmisiqekglgcakgiptliiaaasvddvlaisgfgivlgitftegslgwtiakgpievliglaygiflgvtlwvipyrskenkyiyrflllstggtvavfgsriasfggagalgclilsfvaavgwkkedinesvclnpydnassglahifanlwyffqpilfgligaeitvdnldastvgygiavlsiglffriiasffvvlgagltikerlfialawlpkatvqaaigpvaldlaraqadkelehyglqvltisvlvilitapigaaaialsapklltpqreasndeeksv","False",701800,1638,"PacBioSequel;","Nymphon striatum",">N.striatum-KAG1694103.1"
"7",0,"ASM378908v1","Scaffold",84,"False","PRJNA438564","ROT75079.1",487,"msngmrstelavvvdsshnldgqvieeqissadkityesgsaslkyvfdcwpphgivgrcltwtllvllgwgaaiaiigisalpggnifslmclfciavlggqlatlaklpslmdkewssalrnialvvillraglgldpaalkelsfmvlrlaftpcivetvtvatvthlllgfpwlwglmlgfilsavtpavivpcmiklseegygmdkgiptlviaassvddvlaisgfgvlmgitfaegslwwiilkgpievvmglvyglgvgalfwvlpnieersaqnlrffllgcagllavfgsqmaqfggagalgclvmafvagigwrrqgmsednnpvddkllimwelfqpflfsligaeiqvseldigtvgwglvtlaiglvfrmatsflvvmggnlnikerifvalawvpkatvqaaigsqaldfaeksgagpeivrlgeqvltitvlvilitaplgavaimlsapkllskgktkdtldlpdglpdp","False",605555,4683,"PacBio;IlluminaHiSeq;","Penaeus vannamei",">P.vannamei-ROT75079.1"
"8",0,"SNU_Nstr_1.0","Scaffold",140,"False","PRJNA595812","KAG1663791.1",557,"mkirlqvdkvqmkeskmgecdeksnknivgeemkplnpdndeqtdvissntipitgaleevkfsekcrsrqskmkclccqhdsgsvnnfnfvieklylceimcvillwmslysiigcqllpeghlfalfilivcciiggnlisllhfppllgnfflyfsmlvvgfllrnvphinvaanlnpqwasalrsialvviliraglgldpqalkqlslvclrlaftpclvetivvavsshlvlglpwlwgfmlgfvlsavspavvvpsmisiqekglgcakgiptliiaaasvddvlaisgfgivlgitftegslgwtiakgpievliglaygiflgvtlwvipyrskenkyiyrflllstggtvavfgsriasfggagalgclilsfvaavgwkkedinesvclnpydnassgcqmiiflfiymklkkgfrkssfkcilvyeivlhsigygiavlsiglffriiasffvvlgagltmkerlfialawlpkatvqaaigpvaldlaraqadkelehyglqvltisvlvilitapigaaaialsapklltpqreasndeeksv","False",701800,1638,"PacBioSequel;","Nymphon striatum",">N.striatum-KAG1663791.1"
"9",0,"Tcal_SD_v2.1","Chromosome",180,"False","PRJNA237968","TRY75264.1",555,"maspgftspgpsgspgplvpqleapplpanrghdaiksecesslegtpvvvaepnepcssadelspskssrrvvskwirpmllrhyppltsqsswrtrllyavlcpihgqiarvvtylllfvlivlvsfcllghigtppngtvflllvlvtlgalvgqaftwvhlppllgmlitgivlknlpfiefedrwavwsstlrgvalviilmraglgldpealkrlsalvfrlaflpclaetsvvavashfllgfpwlwgfmlgfvlaavspavvvpcllqlqkegygvakgiptlvmaaasvddvlaisgftivlgitfspdaslvqlafqgpleaaigvasgivgglvviflphqamdsyglarfsllvggclvclfgsklvhfpgagalavlvmsfvagfgwrkqgwsddnlvskylshlwmifqpllfgligteikvgeidqstiglglavvlisltvrvivsflsvtdrklnlrervfialawipkatvqaaigpvaydtalnleprrsdyidlghqlltiavlvilvtapigaiaimttaprlltkqgkppssa","29988158",15806032,459,"Illumina;PacBioRSII;","Tigriopus californicus",">T.californicus-TRY75264.1"
"10",0,"SNU_Aamp_1","Scaffold",116,"False","PRJNA549550","KAF0289584.1",580,"madptatyvfppvdpspaeqrrraserstsseekqsrsswresltgtdlatrgsgskpptisddvadgdvflgeplelqspepsgpchrcarpllrssyappagaalwrralygctcppwgwlegllsaaavtlavwglalaltgphalpggqifgilcllvlclaagwvaalvrlppllgmlimglclanvpglrsvassipegtssllrnmalmviltraglgldaaalrrlslvvlrlaftpclcetltvgvaahlllgfpwiwafmlgfvlaavspavvvpcllslqqqgygvekgvptlviaaasvddvlaisgfgvllgvnfsrgaltekllsgplevvmglgygvvggvllwylpgasnsrlallrlllltctgllalfgsqkvgyagagalaaltlafvaghgwrrsgwtgdtnpvsdaysvlwfvfqpllfgligaeiqvnalradtvglgllvlfigltvrmavtffvvlgggltvkerlfvtlawlpkatvqaaigpvaldfarqyaptpeniglgeqvvaiavlvilvtaplgaaaimlsaprllskasqvgpddkevqkvangdnta","False",458238,2240,"PacBioSequel;IlluminaHiSeq;","Amphibalanus amphitrite",">A.amphitrite-KAF0289584.1"
"11",0,"CRF-TW_Dcit","Scaffold",98,"False","PRJNA800468","KAI5736882.1",552,"mdnkksilpqnqnrtpsiivqnnsnkvqrpedidvrnkllppsgngskdfksrtpqrekkppsrirriitepfgpknlyvlrllgwvicllvswgllytlvkeevapggqllklltlivsahiagiivshvnlppllgmlvtgivlrnikffevsgtyreivvttreialtvilikaglgldakalkklsfvvlklafipciveatgaavccyfilgmpwvwgfllgfvlsavspavvvptllklssegygeskgistmviaasslddivaisafgiflgfatnvgksdaditnqllqapieislgvlfgivwglisawlphkedkfvvfkrvfmigggglfsvlgsqmigyngagplsciisafvaclcwkwqgwsdsynpvatafsglwlimqpalfgligaeidlsqidatqigqglivlagglvfraiacttcllgtnlnwkemifvniawlpkatvqaalgsvaldilknnspppadsveyptylqelsfgrgvltiavlsilvtapvgaigiafsgtrlltnepskeknqqpsnsqiaasidhldv","35866687",23565919,453,"PacBioSequelII;IlluminaNovaSeq;","Diaphorina citri",">D.citri-KAI5736882.1"
"12",0,"CRF-UY_Dcit","Scaffold",100,"False","PRJNA800468","KAI5704272.1",552,"mdnkksilpqnqnrtpsiivqnnsnkvqrpedidvrnkllppsgngskdfksrtpqrekkppsrirriitepfgpknlyvlrllgwvicllvswgllytlvkeevapggqllklltlivsahiagiivshvnlppllgmlvtgivlrnikffevsgtyreivvttreialtvilikaglgldakalkklsfvvlklafipciveatgaavccyfilgmpwvwgfllgfvlsavspavvvptllklssegygeskgistmviaasslddivaisafgiflgfatnvgksdaditnqllqapieislgvlfgivwglisawlphkedkfvvfkrvfmigggglfsvlgsqmigyngagplsciisafvaclcwkwqgwsdsynpvatafsglwlimqpalfgligaeidlsqidatqigqglivlagglafraiacttcllgtnlnwkemifvniawlpkatvqaalgsvaldilknnapppadsveyptylqelsfgrgvltiavlsilvtapvgaigiafsgtrlltnepskeknqqpsnsqiaasidhldv","35866687",22577667,383,"PacBioSequelII;IlluminaNovaSeq;","Diaphorina citri",">D.citri-KAI5704272.1"
"13",0,"CRF-UY_Dcit","Scaffold",100,"False","PRJNA800468","KAI5704273.1",519,"msdertllahsftqdicyeaisprekkppsrirriitepfgpknlyvlrllgwvicllvswgllytlvkeevapggqllklltlivsahiagiivshvnlppllgmlvtgivlrnikffevsgtyreivvttreialtvilikaglgldakalkklsfvvlklafipciveatgaavccyfilgmpwvwgfllgfvlsavspavvvptllklssegygeskgistmviaasslddivaisafgiflgfatnvgksdaditnqllqapieislgvlfgivwglisawlphkedkfvvfkrvfmigggglfsvlgsqmigyngagplsciisafvaclcwkwqgwsdsynpvatafsglwlimqpalfgligaeidlsqidatqigqglivlagglafraiacttcllgtnlnwkemifvniawlpkatvqaalgsvaldilknnapppadsveyptylqelsfgrgvltiavlsilvtapvgaigiafsgtrlltnepskeknqqpsnsqiaasidhldv","35866687",22577667,383,"PacBioSequelII;IlluminaNovaSeq;","Diaphorina citri",">D.citri-KAI5704273.1"
"14",0,"CRF-CA_Dcit","Scaffold",119,"False","PRJNA800468","KAI5742064.1",529,"msknsvsfskivhkyisgyeelaggnypgnpgnngkhqqkmtestiqlestdpaypnghpninaqhtednflvrflrapldfvspllisyitwaiilllvwgllycilttdalpggsafnicllilvaqifgkaveylrlpsllgmliagifmknvglfsvtpgvyeeivillreialttilikagmgldaaallklsfvvirlallpclaetagasiaahfildfpwlwglllgfilsavspavvvptllelkengygndksistlviaassvddiaaislfgvilgcifsegdltskivqgplevliglawgliwglilacfpnrldknvitkrclmlgsvcslavlgsqvidlagagplgcittafiagvcwklqgwthqynpvadkfasvwnviqitlfgligaeidllemdvkvvmagavvllcgltfritacaialigaklnmkevlfvnlawlpkatvqaalapvalnlvnklnmedtpehnyatsiltiavlsilitaplgsigitwggtrllhksevair","35866687",22629945,346,"PacBioSequelII;IlluminaNovaSeq;","Diaphorina citri",">D.citri-KAI5742064.1"
"15",0,"A622","Chromosome",118,"False","PRJNA732117","KAJ0181768.1",777,"mksrerrfkvdilkraksekeatksdvkglkgvnrsfkksptsrsadaaaaasarerkkrsgvdavklhlqvtggtgrssrsatsvrktsirmasikeypfdlsdlqnqpntggntqpaqaqiqptnpaapvtvpvtapittpatnvdgkrkvsimadesskdrenlpsekngrmsaqaegpsrrksnlhnamqadmdsswdrqghiegrfkkysttssvyskkalshqsehierswwyaccqkchqedsgipsweppnwqkvcpyplcpsyrqfaqtisviiigllvwlilwivmgdtaapggqlfslavltlaayfggwlmmkittlpaligmlimgivmknlgfvnfdpqfqkvssyirkialtiiltragldldpialkkffftviklalvpwtfecvlcavmsyfllglpwdwafllgsivaavspavivpclfrlrekgygvskgiptlvlavsgvddaasvaifgivssvmfsnssltmniiqgpmsifggiafgiicgylvkfiperndaflvplrvmlllagglmsvlgseeigwggagplavivfafvacknwaelgwelednpvatafeifwmfvepmlfaitgaqvviedlephlvligsgilgtcvilravltstcavrsnlnmrekifvglawmakatvqaalgpvaldevrkmvgadpilveyaesvltvcilsivitapigaivitltgprllsktskppvlegwrrshrpsirdisiideeevaegdaeaearpsppgtpvaptaystptpitvqpnhrt","34777464",24489473,49,"OxfordNanoporePromethION;","Dendrolimus kikuchii",">D.kikuchii-KAJ0181768.1"
"16",0,"PGI_Spodlit_v1","Chromosome",100,"False","PRJEB36692","CAB3515165.1",807,"mktrdrrakqdfrgkqdkkgvkqevsrsgkrhansvgaaesaaaarertkrsgveavklhlqvtgdpgrtsrsatsvrktsirmtaikeypfdlsdlqnqpsvagdtrptqtqpaqtqpaptqptvaqpnppsikprvsvpslegkrkvsimadesskdrenlpsdrmshsslschydsylpsdssletdalnrhwngsvsakaegpsrrksnlhnamaadmdsswdrqthiegrfkkysttssvyskkalsqqseyierswwyaccqkchsedsgipsweppnwqkvcpyplcpsyrqfaqniavliigilvwvivwivmgetaapggqlfsfavltiaayfggwlmlkittlpaligmlivgiimknvglvnfdetyqhvasyirkialtiiltragldldpnamkkyfltviklalvpwtfecvlcavlayfllglpwnwafllssiiaavspavivpclfrlrekgygvskgiptlvlavsgvddaasvavfgivssimfssasltmnviqgplsviggivlgvlcgylvkfvperndaflvplrvilllagglmmvlgseeigwggagplaviafafvacknwtdlgwelednpvatafeifwmffepmlfavtgaqvviadlephlvligggilvtcavlraivtstcavrsnlnmkekifvglawmakatvqaalgpvaldevrkmaggepdpvmieyaetvitvcimsivitapigaivitltgpkllsrttkppvlegwrrshrpsirdisiideeevaerdaeaeaeysrpsspkarpavasstpapitvqpghnss","False",14828214,31,"False","Spodoptera littoralis",">S.littoralis-CAB3515165.1"
"17",0,"PGI_SPEXI_v6","Chromosome",100,"False","PRJEB36598","CAH0700695.1",773,"mktrdrrakqdfrgkqdkkgvkqevsrsgkkhansigaaesaaaarertkrsgveavklhlqvtgdpgrtsrsatsvrktsirmtaikeypfdlsdlqnqpsvagdtrptqtqpaqtqpaatqpnppaikprvsvpslegkrkvsimadesskdrenlpsdrngsvsakaegpsrrksnlhnamaadmdsswdrqthiegrfkkysttssvyskkalsqqseyierswwyaccqkchsedsgipsweppnwqkvcpyplcpsyrqfaqniavliigilvwvivwivmgetaapggqlfsfavltiaayfggwlmlkittlpaligmlivgiimknaglvnfdetyqhvasyirkialtiiltragldldpnamkkyfltviklalvpwtfecilcavlayfllglpwnwafllssivaavspavivpclfrlrekgygvskgiptlvlavsgvddaasvavfgivssimfssasltmnviqgplsviggivlgilcgylvkfvperndaflvplrvilllagglmmvlgseeigwggagplaviafafvacknwtdlgwelednpvatafeifwmffepmlfavtgaqvviadlephlvligggilvlcavlraivtstcavrsnlnmkekifvglawmakatvqaalgpvaldevrkmaggepdpvmieyaetvitvcimsivitapigaivitltgpkllsrttkppvlegwrrshrpsirdisiideeevaerdaeaeaehsrpsspkarpavasstpapitvqpghnss","False",15192570,35,"False","Spodoptera exigua",">S.exigua-CAH0700695.1"
"18",0,"ASM1567961v1","Contig",51,"False","PRJNA641931","KAF9414715.1",566,"mvaliqngsvsakaegpsrrksnlhnamaadmdsswdrqthiegrfkkysttssvyskkalsqqseyierswwyaccqkchsedsgipsweppnwqkvcpyplcpsyrqfaqniavliigilvwvivwivmgetaapggqlfsfavltiaayfggwlmlkittlpaligmlivgiimknaglvnfdetyqhvasyirkialtiiltragldldpnamkkyfltviklalvpwtfecilcavlayfllglpwnwafllssivaavspavivpclfrlrekgygvskgiptlvlavsgvddaasvavfgivssimfssasltmnviqgplsviggivlgilcgylvkfvperndaflvplrvilllagglmmvlgseeigwggagplaviafafvacknwtdlgwelednpvatafeifwmffepmlfavtgaqvviadlephlvligggilvlcavlraivtstcavrsnlnmkekifvglawmakatvqaalgpvaldevrkmaggepdpvmieyaetvitvcimsivitapigaivitltgpkllsrttkppvlegkiyytlyfv","False",989233,1078,"OxfordNanoporeGridION;IlluminaHiSeq;","Spodoptera exigua",">S.exigua-KAF9414715.1"
"19",0,"iArcPla.TrioW.curated.20190705","Scaffold",75,"False","PRJEB36595","CAB3231150.1",770,"mktrdrrvksvsqrktqdkkgtqeisrgskrdrttgtahsgdtqgksharakrsgveavklhlkatgdpgrtsrsataairikvrktsvrmtaikeypfdlsdlqnqpvagedkpsalqqitvptrkksklsvgsqdgkrkvsimadesskdrenlpsererngnvsakaegpsrrksnlhnvmagdmdnswdrqghiegrfkkysttssvyskkaisqqseyierswwyaccakchtedsgipsweppnwqkvcpfplcpsyrqfaqnisvliigilvwvtiwiimgdtaapggqlfmlsiltivayfggmllmklttlpaligmlfvgiimknigfvnfdedyqhvtsyirkialtiiltragldldpiamkkhfftvvklalvpwtfecllcavlaffflglpwdwafllssivaavspavivpclfrlrekgygvskgiptlvlavsgvddaasvavfgiilsimfstvsvtmniiqgplsiiggivlgvvcgylvkyiperndaflvplrvlliligglamvlgseeigwggsgplaviaysffacknwtelgwelednpvatafevfwmffepmlfavtgaqvvivelephlvlvgggilvacvvlraivtsacavrsnlnmkekvfvglswmakatvqaalgpvaldevrkmagiepdpvlvgyaetvltvcimsivitapigaiiitlmgpkllsrttkppvlegwrrshrpsirdisiideeevaerdaeaeaqtsvpgspatpaaystpapitvqpanhs","False",6730127,1071,"False","Arctia plantaginis",">A.plantaginis-CAB3231150.1"
"20",0,"SP_BI_364.v2_0","Chromosome",69,"False","PRJEB49202","CAH0726637.1",644,"mshsslschydsylpsdssletdaltnrhwngrvsaqaegpsrrksnlhnalaaemdtswerpthiegrykkysttssiyskkalshqsehierswwyaccqkchaedtgipswepphwqkicpyplcpsyrrfaqnlsilligimiwvivwiilgdtaapggqlfmfavltiaahfggwlmvkvttlpaligmlivgiimknigfvnfdsdyqhvasyvrkialtiiltragldldpgamkkffftvlklalvpwtfecvlcavmsnlllglpwdwaflmgsifaavspavivpclfrlrekgygvskgiptlvlavsgiddaasvavfgivssimfsnsslttniiqgpvsiiggiafgvfcgylvkyipekndaflvpirvllllagglmsvlgseeigwggggplaviafafvackewveqgwelednpvatafeifwmffepmlfavtgaqiviadlpphlvlvsagiimtciilralltsvsavrsnlnmkekifvgfawmakatvqaalapvaldevrkmagddeskiellnyaemvftvcimsivitapigaivititgprllskttkppvlegwrrshrpsirdisiideediaerdaeaeagtqhsppvspiptavpnaistpnpitvqpnsrt","False",29515433,36,"False","Brenthis ino",">B.ino-CAH0726637.1"
"21",0,"iArcPla.TrioW.curated.20190705","Scaffold",75,"False","PRJEB36595","CAB3231151.1",637,"mshsslschydsylpsdssletdalnrhwngnvsakaegpsrrksnlhnvmagdmdnswdrqghiegrfkkysttssvyskkaisqqseyierswwyaccakchtedsgipsweppnwqkvcpfplcpsyrqfaqnisvliigilvwvtiwiimgdtaapggqlfmlsiltivayfggmllmklttlpaligmlfvgiimknigfvnfdedyqhvtsyirkialtiiltragldldpiamkkhfftvvklalvpwtfecllcavlaffflglpwdwafllssivaavspavivpclfrlrekgygvskgiptlvlavsgvddaasvavfgiilsimfstvsvtmniiqgplsiiggivlgvvcgylvkyiperndaflvplrvlliligglamvlgseeigwggsgplaviaysffacknwtelgwelednpvatafevfwmffepmlfavtgaqvvivelephlvlvgggilvacvvlraivtsacavrsnlnmkekvfvglswmakatvqaalgpvaldevrkmagiepdpvlvgyaetvltvcimsivitapigaiiitlmgpkllsrttkppvlegwrrshrpsirdisiideeevaerdaeaeaqtsvpgspatpaaystpapitvqpanhs","False",6730127,1071,"False","Arctia plantaginis",">A.plantaginis-CAB3231151.1"
"22",0,"Harm_1.0","Scaffold",267,"False","PRJNA378437","PZC78836.1",769,"mktrdrrakqdfrgkqdkkgvkqdisharsgkrhahssssaesaaaarertkrsgveavklhlkvtgdpgrtsrsatsvrktsirmtaikeypfdlsdlqnqpsvvsesrpapapapnppasaikqrvsvpslegkrkvsimadesskdrenmpsdrdrngsvsakaegpsrrksnlhnamaadmdtswdrqahiegrfkkysttssvyskkalsqqseyverswwfaccqkchsedagipsweppnwqkvcpfplcpsyrqfaqnvavliigllvwmtlwivmgdtvapggqlfsfavltivayfggwlmqkittlpaligmlimgivmknvglvnfddtfqtvasyirkialtiiltragldldpsamkkyfltviklalvpwtfecilcailayfflglpwnwafllssiiaavspavivpclfrlrakgygvskgiptlvlavsgvddaasvavfgtivsimfsnasltmniiqgplsvvggivlgvlcgylvkfvperndaflvplrvlmllmgglmmvmgseeigwagagplaviafafvacknwtemgwelednpvatafevfwmffepmlfavtgaqvviaeleprlvmigggilitcvilrsivtsvcavrsnlnmrekifvglawmakatvqaalgpvaldqvrymlvdgkpdplmiqyaetvvtvcilsivitapigaivitltgpkllsrttkppvlegwrqthrpsirdisiideeevaerdaeaegsrpgsprprtaassppapitvqpphnppq","28756777",1000414,998,"False","Helicoverpa armigera",">H.armigera-PZC78836.1"
"23",0,"IP_504.v2_0","Chromosome",56,"False","PRJEB51340","CAH2066547.1",804,"mktrdhrlsnlsqrgnrspkldkkgtkhegrrtrnsqvpgsppgarrerskrsgveavklhlqetggtgrtsrsatshkalrksqrvsgypvflvhsslrfkrksarvvpqtnvtnslvnltvrktsirmaaikeypfdlsdlqnkqncgdetsqtpdrsnqnqsklnsdsvpaqgtpeegkrkvsimanenskdrenqpsernarvsaqaegpsrrksnlhnamaaemdsswdrpahiegrykkysttssiyskkaqshqsehierswwyaccqkchqeesgvpsweppywqkicpyplcpsyrhvaqtlsvfligvlvwviiwivmgntaapggqlftlavltiaayfggwimvkvttlpaligmlivgivmknigfvnfdenylhvcsyiragldldpvalkkyfltviklalipwtfecvlcavmanlllglpwdwafllgsiiaavspavivpclfrlrgkgygvskgiptlvlavsgvddaasvavfgivssimfanssvtmniiqgpmsviggiafgvfcgylvkyiperndaflvplrvllllagglmsvlgseeigwggagplaviafgfiacknwaeqgwelednpvatafeifwmffepmlfsvtgaqvviaeldshlvlvgggilitcvvlramltsasavrsnlnmkekvfvglawmakatvqaalgpvaldevrkmsgddeskaelikyaeivvtvcimsivvtaplgamvitvtgprllskttkppvlegwrrshrpsirdisiideeevaereceadsspevspaapnayntstpapvpvtvqpnhrt","False",15090856,260,"False","Iphiclides podalirius",">I.podalirius-CAH2066547.1"
"24",0,"IP_504.v2_0","Chromosome",56,"False","PRJEB51340","CAH2066549.1",706,"mignswptpllksvftsltvkrlvvrktsirmaaikeypfdlsdlqnkqncgdetsqtpdrsnqnqsklnsdsvpaqgtpeegkrkvsimanenskdrenqpsernarvsaqaegpsrrksnlhnamaaemdsswdrpahiegrykkysttssiyskkaqshqsehierswwyaccqkchqeesgvpsweppywqkicpyplcpsyrhvaqtlsvfligvlvwviiwivmgntaapggqlftlavltiaayfggwimvkvttlpaligmlivgivmknigfvnfdenylhvcsyiragldldpvalkkyfltviklalipwtfecvlcavmanlllglpwdwafllgsiiaavspavivpclfrlrgkgygvskgiptlvlavsgvddaasvavfgivssimfanssvtmniiqgpmsviggiafgvfcgylvkyiperndaflvplrvllllagglmsvlgseeigwggagplaviafgfiacknwaeqgwelednpvatafeifwmffepmlfsvtgaqvviaeldshlvlvgggilitcvvlramltsasavrsnlnmkekvfvglawmakatvqaalgpvaldevrkmsgddeskaelikyaeivvtvcimsivvtaplgamvitvtgprllskttkppvlegwrrshrpsirdisiideeevaereceadsspevspaapnayntstpapvpvtvqpnhrt","False",15090856,260,"False","Iphiclides podalirius",">I.podalirius-CAH2066549.1"
"25",0,"IP_504.v2_0","Chromosome",56,"False","PRJEB51340","CAH2066551.1",630,"mshsslschydsylpsdssletdalnrhwnarvsaqaegpsrrksnlhnamaaemdsswdrpahiegrykkysttssiyskkaqshqsehierswwyaccqkchqeesgvpsweppywqkicpyplcpsyrhvaqtlsvfligvlvwviiwivmgntaapggqlftlavltiaayfggwimvkvttlpaligmlivgivmknigfvnfdenylhvcsyiragldldpvalkkyfltviklalipwtfecvlcavmanlllglpwdwafllgsiiaavspavivpclfrlrgkgygvskgiptlvlavsgvddaasvavfgivssimfanssvtmniiqgpmsviggiafgvfcgylvkyiperndaflvplrvllllagglmsvlgseeigwggagplaviafgfiacknwaeqgwelednpvatafeifwmffepmlfsvtgaqvviaeldshlvlvgggilitcvvlramltsasavrsnlnmkekvfvglawmakatvqaalgpvaldevrkmsgddeskaelikyaeivvtvcimsivvtaplgamvitvtgprllskttkppvlegwrrshrpsirdisiideeevaereceadsspevspaapnayntstpapvpvtvqpnhrt","False",15090856,260,"False","Iphiclides podalirius",">I.podalirius-CAH2066551.1"
"26",0,"EGII-3.2.1","Scaffold",100,"False","PRJEB36344","CAD6994394.1",559,"wrilvkhwpfisqplalaavfialwvlgyvllpdyalpntpimrifflfvgaqltgvlvtfialpdmlgmlffgvlytnvgladftgynkfeaflremalinimllaglgldasafkklwfmilrltlvptiaevtiiamiarftldmpwfwgillglvvtavspnvvvtvmlklkeerlglnsgihtliyamtscndvvaiflfgvilsvifstdksltqqilqgpigigigivfgyvyglmltilpstktaylnglrfvltvlggtisvmgsrtigypsagalgcmtiaffagigwkgqqqhltpqqlqrqlenenssvparldllwkflkpvsfsligkeinfdvldgrvvgygallvllgslfrlafaylstyggnltrkerayitisgfpkatvqaalgplaldmarslkgvdeqsinlasnvliisvlaiiftaplgavlmlrlaplwlqrsdvhgegngnsnsrdcdvnefvssksnntdspddtlkiskkiaqslsqagsktqnngssnslkgavdvytvdgdgdgngdagqvsrtqspwakederkasrh","False",77384262,71,"False","Ceratitis capitata",">C.capitata-CAD6994394.1"
"27",0,"ASM2521726v1","Scaffold",124,"False","PRJNA419080","KAI8130912.1",799,"mtfdiatpvvtslddtnekelnrqkaynsprstttkpkceihkdknnddeyskaqqpsqitlqqiknekqqredttktagvnkkihqddgddddddevseealepnenehllggqeqqqamensatvpalvnfnetlstatsderrakykryredeeadnpnkysanplgssqsfitstkiiaedidlkthcklelhkfpkemtqsqnnineqngssiiltptlltpttdgqhvftniggsaagaegggrevaaatfhddvykgpkiwqylvrnypvtsqplailiifivlwllgyvlmpeyaipstaimrlillivgaqiagilvtfiklpdmlgmlffgvlytnvgladfsgyqkleaflremalinimllagfgldanafkklwfmilrltliptiaevaiitvlahfllnmswlwgillglvitavspnvvvtvmlklkeerlglnngihtliyamttcndvvaiflfgvfcgvifstgtlteqilqgpigigigivfgyvyglmlqylpsrnaiyvnglrfvltvlggtiavmgsktigypsagalgcvtvafiasigwkrqekkltpqqlqtyenanvgkrldlmwkflkpvsfaligkeinfavldvkvvgygvllvvlgsvfrlafaylstyggnltikergyitissfpkatvqaalgpialdmarslntdadtlslasnvliisvlaiiftaplgailmlrlapiwlkrsatnddimaednrggnvnmtveyensrqdnpnnlefagndnldrnqkaqtdklvnmnkfvgfivlrlnnnfikclhfkil","33246493",6922854,560,"DovetailChicago;","Lucilia cuprina",">L.cuprina-KAI8130912.1"
"28",0,"Yale_Gfus_2","Scaffold",56,"False","PRJNA596165","KAI9577037.1",558,"memlpptdnnnelngpitltpisltttnadnsltrfgsegrprenekyddhqykgpkiwlylvrnwpimseplaiififlslwtigyilmptyalphtvvmriiflfigaqtigvlftfiqlpdmlgmlffgvlyanlgwanfkdyekfeaflremalinimllaglglnanafkklwfmilrltliptvaevaiiailgrfllsmpwlwgvclgliitavspnvvvtvmlklkeerlglndgihtliyamtacndilaiflfgvmigiifskghlseqllqgpigigiglvygslfglmlqfvpsrnatyanglrfvltvlggtisvmgskaidytsagalgcvtlafiagigwrrqqlkltveerhanenstvakrldllwkflkpvsfaligkeinfavlnakvvsygallvllgslsrlvfayvstygghltkkerayitisgfpkatvqaalgpialdlarslnasadklllasnvliisvlaiiftaplgailmlrlaprwlkhtplegshpyafdnpaqysvedntidtvceqchrvepissqkrrnslnv","False",9601783,7986,"IlluminaNovaSeq;","Glossina fuscipes",">G.fuscipes-KAI9577037.1"
"29",0,"ASM1336807v1","Contig",74,"False","PRJNA556754","KAF5289025.1",630,"msaddnkqssphpernrkasslsdcghdnpvfesprsrkvsstsdhaeigpvrkksilhitqnynvdlphpslqevtkhingdtrskklsvsdsmqerrklssvqqndnrswwftfcikcrkkdsnpswepplwprlcpypfcptyrqfsriigiafigmflwgvtysivgetaapggqlfqlfllticahfggwlislttlpaligmlftgllfqnvgfinfddsfkivtkelrkialviiltragldldphalkklkitvpklglapwlveavitavlshyflnlpwdwclllgtiiaavspavvvpclcrlrgkgygvakgiptliiavagiddaasvagygiiqsimfshesltnqilqgpicllggigfgviwgaisnyipekhdpfvvplrilmllsggliavfgseligyegagplgcvaaafvslcfwtkqgwevednpantafeifwmifepilfgitgaqikfselkvevvtiglgilvagcliricatvlvgigsklnlkekifvalswmakatvqaalgplalvvvgdkepereyaekilmicvlsimltaptgaiiitlsgprlltklktpahipegwkrshrpsiydisiideedeykrddstenessgksnrqdp","False",3509824,2684,"PacBioRSII;","Lamprigera yunnana",">L.yunnana-KAF5289025.1"
"30",0,"tlon_1.0","Scaffold",85,"False","PRJNA449506","TGZ49087.1",617,"mdiemgssrtnkpseelakrrvsisdqvmgidnpafehnrrisassehnsdqgrrksilhhggsaenipqykfdlengringnrkksayslsssirdkieyseelerswlylfcarchgrddtpsweppgwrracpqpfcptyrkfarvlclfllglllwgvvysvigndaapggqlfglaalciaahfggwlislttlpaligmlitglilqnvglvkiegqytvvvsnlrkialviiltragldldptalkrlkvtvpklglipwvveatvvatltkylldlpwvwgfllgsviaavspavvvpclfrlrskgygvakgiptliiavagiddaasvavfgivksvmfshdalwyqilqgpiaiigglgfgimwgwlakyvpekgdpfmvplrvlmllgggllavfgseaielggagplavvaaafvscyfwqqegwdvddnpvatsfeifwmifepilfgvtgtqikinelegktvxlglgclvagivirigatvlvgigsklnlkekvfialswmakatvqaalgpvtldevdkndqqqveyaetvlmmcvlsvlltapagaiiislsgpklltkttapvtppeawktrrpsmrdisiinedpdleetanerkp","30967075",514432,3987,"IlluminaHiSeq;","Temnothorax longispinosus",">T.longispinosus-TGZ49087.1"
"31",0,"Ebur_v1.0","Scaffold",250,"False","PRJNA632625","KAH0956584.1",620,"meidmggrtnrpseelakrrvsisdqimgldnpafehhrrisassehnsdqgrrksilhhggshcdsaenipqykfdlengringnrkksayslsssirdkieyseelerswlylfcarchgrddtpsweppgwrracpqpfcptyrkfarvlclfllglllwgivysvigddaapggqlfglaalciaahfggwlislttlpaligmlitglilqniglvtiegqyntvianlrkialviiltragldldptalkrlkvtvpklglipwvveatvvaaltnylldlpwiwgfllgsiiaavspavvvpclfrlrakgygvakgiptliiavagiddaasvaiygivksvmfsqdalwyqilqgpiaivgglgfgimwgwlakyvpekgdpfivplrvlmllgggllavfgseaielggagplavvaaafvscyfwqqegwevddnpvatafeifwmifepilfgvtgtqirikelegktvylglgcllagivirisatvlvsigsklnlkekvfialswmskatvqaalgpvtldevdkndekqfeyaqtvlmmcvlsvlltapsgaiiislsgpklltkttapvgppeiwktrrpsirdisiinedpdleetandrkp","34582590",2464435,449,"IlluminaHiSeq;IlluminaMiSeq;","Eciton burchellii",">E.burchellii-KAH0956584.1"
"32",0,"MPM_Cglom_v2.3","Chromosome",130,"False","PRJNA715233","KAH0554196.1",613,"mdnigqnlrsfedttrsrrvsisdqvigidnpifdhhrqisvssdhnsdcqkkksilhhssvenlqhkldldnghtnnqirkksamslsssirdkieyteelkrswlylfctrchgkddtpsweppgwrracprpfcpsfrkfarilclvllglmiwgvtysvigadaapggplfglatlaiaahfggwlfslttlpaligmlltgfvmqntglvyiegrysevianlrkvalviiliragldldpnalkrqkitlpkiglipwtveatlvavttrylldlpwiwtfligsivaavspavvvpclfrlrrkgygvakgiptliiaiagiddaasvaifgiiksvlfshdslwyqilqgpisiigglgfgilwgylskyvpekgdpykiplrvlmllfgglisvfgseaielggagplavvaaafvscyfwqeegwdvednpvaiafeifwmifepilfgitgtqikidelegetiylsvgclliaiilrivvtfvvsfkskvnnkekifialacmakatvqaalgpvaldfvkkddieqkryaettltfcilsilltaptgaiiislagpklltktttpaepqegwrsrkpsirdisiinedpdleensvnnh","34043785",27756834,3354,"OxfordNanoporeMinION;IlluminaHiSeq;Hi-C;","Cotesia glomerata",">C.glomerata-KAH0554196.1"
"33",0,"CerBir1.0","Scaffold",123,"False","PRJNA230364","EZA57806.1",621,"meidmsgrtnrpseemakrrvsisdqimgidnpafehhrrisassehnsdqgrrksilhhgggshcdsaenipqykfdlengringnrkksayslsssirdkieyseelerswlylfcarchgrddtpsweppgwrracpqpfcptyrkfarvlclfllglllwgvvysvigddaapggqlfglaalciaahfggwlislttlpaligmlitglilqniglvsiegqytvvvanlrkialviiltragldldptalkrlkvtvpklglipwvveatviavttkylldlpwvwgfllgsiiaavspavvvpclfrlrakgygvakgiptliiavagiddaasvaiygiiksvmfshdalwyqilqgpiaivgglgfgimwgwlakyvpekgdpfivplrvlmllgggllavfgseaielggagplavvaaafvscyfwqqegwevddnpvatsfeifwmifepilfgvtgtqirinelegktvylglgcllagivirisatvlvsigsklnlkekvfialswmskatvqaalgpvtldevdkndekqleyaqtvlmmcvlsvlltapsgaivislsgpklltkttapvgppevwktrrpsirdisiinedpdleetandrkp","24508170",1350650,4579,"False","Ooceraea biroi",">O.biroi-EZA57806.1"
"34",0,"ASM1904944v1","Scaffold",157,"False","PRJNA731354","KAG7201324.1",620,"mdvdmpgrtnkpseelakrrvsiseqvlgvdnpafdhhrrisassehnsdqgrrksilhhggsncgsaenipqykfdlengringnrkksafslsssirdkieyseelerswlylfcarchgrddtpsweppgwrracpqpfcptyrkfarvlclfllglmlwgivysiigedaapggplfglaalciaahfggwlfslttlpaligmlitgiilqnvglvsiegrynivvanlrkialviiltragldldpnalkrlkvtvpklglipwvieatvvaaltryllglpwiwgfllgsviaavspavvvpclfrlrekgygvakgiptliiavagiddaasvaiygivksvmfshdalwyqilqgpiaivgglgfgvlwgwlakyvpekgdpfmvplrvlmllgggllavfgseaielggagplavvaaafvscyfwqkegwevddnpvatsfeifwmifepilfgvtgtqikidmlegktvylalsclvagiviriaatilvgigsklnlkekvfialswmakatvqaalgpttldevnaddpvqvayaetvlticvlsilltapagailislsgpklltkttapvvppegwrtrrpsirdisiinedpdleetanerkp","34166422",9128341,7342,"IlluminaHiSeq;","Ampulex compressa",">A.compressa-KAG7201324.1"
"35",0,"Cotesia_congregata_Chromosomal_scale_assembly","Scaffold",157,"False","PRJEB43234","CAG5095999.1",618,"mdnigqnlrsfedttrsrrvsisdqvigidnpifdhhrrisassdhnpdcqkkksilhhssvenlqhkldldnghtnnqirkksamslsssirdkieyteelkspcfsrswlylfctrchgkddtpsweppgwrracprpfcpsyrkfarvlclillglmiwgvtysvigadaapggplfglatlaiaahfggwlfslttlpaligmlltgfvmqntglvyiegrysevianlrkvalviiliragldldpnalkrqkitlpkiglipwtveatlvavttrylldlpwiwtfligsivaavspavvvpclfrlrrkgygvakgiptliiaiagiddaasvaifgivksvlfshdslwyqilqgpisiigglgfgilwgylskyvpekgdpykiplrvlmllfgglisvfgseaielggagplavvaaafvscyfwqeegwdvednpvaiafeifwmifepilfgitgtqikidelegetiylsvgclliaitlrivvtfvvsfkskvnnkekifialacmakatvqaalgpvaldfvkkddieqkryaettltfcilsilltaptgaiiislagpklltktttpaepqegwrsrkpsirdisiinedpdleensvnnh","False",20027981,1978,"False","Cotesia congregata",">C.congregata-CAG5095999.1"
"36",0,"Aech_3.9","Scaffold",107,"False","PRJNA62733","EGI63990.1",620,"mdiemsgrtnkpseelakrrvsisdqvigldnlafehhrrisagsehnsdqgrrksilhhggshcdsvenipqykfdlengringnrkksayslsssirdkieyseelkrswlylfcarchglddtpsweppgwrkacpqpfcptyrkfarivclfllglllwgviysiigndaapggqlfglaavciaayfggwlfslttlpaligmlitglilqnvglvkiegqytlvvsnlrkislviilvkagldldpvalkklkvtvpklglipwvvetivvavltkylldlpwvwgfllgsviaavspavvvsclfrlrakgygvakgiptliiaisgiddavsvavfsivksvmfshdalwyqilqgpisiigglgfgvvwgwlakyvpekgdpfivplrvlmllgggllavfgseaielggagplavvaaafvscyfwrqdgwdmddnpvatsfeifwiifesilfgltgtqikiselegktvyialgcllvgivirigitivlgigsklnfkekmfialalmskatvqaalapvtldevdkndheqveyaeivlmmcvlsvlltapagaimitilgpklltkttvpvsppeawktrrpsirdisiinedpdleetanerkp","False",1110580,4339,"False","Acromyrmex echinatior",">A.echinatior-EGI63990.1"
"37",0,"Pv_5.2","Chromosome",375,"False","PRJNA660906","KAG5673013.1",524,"mlnnsyentendtnghqqnlnhnstvpvpsidlnmaleareveegqkiaafeatninhtnethhnsapkiwqylkrhwpvasqpialviifllswgiasslfpgqvyanstlmriiflfigaqasgylvsfaglpdmlgmigfgvlyknigvgyfdgyekleavlremalvnimllaglgldldalrrlfgiimrltliptiaevaiitvcvyyllnfpwlwgvllgfivtaispnvvvsillnlkeerlglnkgihtviiavtscndviaiflfgvvlgiafstgnlthqllqgpvgivmgcvfgalsglvvlkfpsdkskyanglrfttivlsgalsvmgskylgypsagalgcisasfvagtgwrrhkkrnaafatevesyldllwkflkpvsfsligkevdfkvldgnivlygmvaliagvvfrlvsgylsfcggnmnskekayitlsgfpkatvqaalgpvaldlaraqkvddatyslansvlvisvlaiistaplgallmtklapkwlkkgnsdenet","False",35209052,387,"IlluminaHiSeq;PacBioRS;","Polypedilum vanderplanki",">P.vanderplanki-KAG5673013.1"
"38",0,"Pv_5.2","Chromosome",375,"False","PRJNA660906","KAG5673012.1",518,"mknlkntnghqqnlnhnstvpvpsidlnmaleareveegqkiaafeatninhtnethhnsapkiwqylkrhwpvasqpialviifllswgiasslfpgqvyanstlmriiflfigaqasgylvsfaglpdmlgmigfgvlyknigvgyfdgyekleavlremalvnimllaglgldldalrrlfgiimrltliptiaevaiitvcvyyllnfpwlwgvllgfivtaispnvvvsillnlkeerlglnkgihtviiavtscndviaiflfgvvlgiafstgnlthqllqgpvgivmgcvfgalsglvvlkfpsdkskyanglrfttivlsgalsvmgskylgypsagalgcisasfvagtgwrrhkkrnaafatevesyldllwkflkpvsfsligkevdfkvldgnivlygmvaliagvvfrlvsgylsfcggnmnskekayitlsgfpkatvqaalgpvaldlaraqkvddatyslansvlvisvlaiistaplgallmtklapkwlkkgnsdenet","False",35209052,387,"IlluminaHiSeq;PacBioRS;","Polypedilum vanderplanki",">P.vanderplanki-KAG5673012.1"
"39",0,"Edan_2.0","Scaffold",207,"False","PRJNA171755","KAF4525946.1",497,"metlmkelntndcemsatdlelqapetktgetdkephagcmrrawevarpdvlcprpsrvqhavllliaplvlllsvvslvgppalppsgpifqmlllfvmaaavgqlvslvrlppllgmlltgillrnvgafymeggylqavsslrlcamvvilskaglglnaaalrklscavlrlalgpcgveaatsacaarlllgmpwlwaallgcilaavspavvvpallglkergygedkgistlviaassiddiaaisafgiflgiifaegsltrqilqgpleviigltyglcygfmliyvphakasmaaswrallvaaggvmavlgsqsigfdgagplgcitaafvaacgwraqdststapveetfsqlwllfqpvlfgligteiviseldrstvvlglcvllcgltlrivavglvtmggflslkeqlfvtiawlpkatvqaalapvaldiarqtgaseevielaeqvltvavlsilvtapigaigisvsgprllnasrp","False",599527,8161,"IlluminaHiSeq;","Ephemera danica",">E.danica-KAF4525946.1"
"40",0,"CLODIP2","Scaffold",132,"False","PRJEB34721","CAB3359964.1",444,"mtlclaiaatlltfgalisllgnaavppdggifqlvmltfvalafgflaslcklppllgmliagimlknvgafnlegtyldavstlrklamvvilikaglgldplalkrlsctvlrlafcpclveavtvmcaanlllrmpwlwgillgcvlgavspavvvpsllglkeqgygedkgiatlviaasslddiaaislfgiflgliftdqggnltmlilqgpieifigiafglcygllivyvphreesnvkiwrillllgggilsvlgserigfggagplglivaafvassgwfsnpnnanitktvegffstawvifqpilfgligteikfseletstlllglavlffglclrvatvwiitvngilslkerlfvsiawfpkatvqallapialdlaretnapeemihlgeqvltiavlsilvtapigavaikfsgprllnqmkneqs","False",461411,1395,"False","Cloeon dipterum",">C.dipterum-CAB3359964.1"
"41",0,"CRF-UY_Dcit","Scaffold",100,"False","PRJNA800468","KAI5704627.1",520,"msknsvsfskivhkyisgyeelaggnypgnpgnngkhqqkmtestiqlestdpaypnghpninaqhtednflvrflrapldfvspllisyitwaiilllvwgllycilttdalpggsafnicllilvaqifgkaveylrlpsllgmliagifmknvglfsvtpgveialttilikagmgldaaallklsfvvirlallpclaetagasiaahfilnfpwlwglllgfilsavspavvvptllelkengygndksistlviaassvddiaaislfgvilgcifsegdltskivqgplevliglawgliwglilacfpnrldknvitkrclmlgsvcslavlgsqvidlagagplgcittafiagvcwklqgwthqynpvaehfasvwnviqitlfgligaeidllemdvkvvmagavvllcgltfritacaialigaklnmkevlfvnlawlpkatvqaalapvalnlvnklnmedtpehtyatsiltiavlsilitaplgsigitwggtrllhksevair","35866687",22577667,383,"PacBioSequelII;IlluminaNovaSeq;","Diaphorina citri",">D.citri-KAI5704627.1"
"42",0,"Mus_1.0","Chromosome",380,"False","PRJNA896355","KAJ1530432.1",542,"mtsdsatnqesgglgqepsnttqllpekekevltetgkddnseqaraeadpesvsaqskiasgvaptlicptmtrhhfiatrleifailgalfyvvisfswaepirepalqlvslfvlaqifgvlvkfvhlppllgmllagillkqidyfhaegiflkftatvrscamtmillraglglnplvlcrlstvvlrvavfpcsveavtvavvshylldlpwqwgfllgfilsavspavlvpslltlqsngygenkgiatlviaassldniyaitifgiflsaifsqgsimelvvqgplevligiiwgiligvisiyiphsdeksviklrtimvcasgllavlgsqlvgyagagplgcivgafvagcgwrafsststyepvmlhlteywlllqpflfgligteidisslggnslqvaglsaavitigvvvrmlaccisvqgcglnfqetlfvglswlpkatvqaaigpvaldlarsiafnqeqnihlaekvlmiavlsviltapigaigilgagpllltrskteesiiekksededhpdaelqevl","False",13852586,907,"PacBioSequel;","Megalurothrips usitatus",">M.usitatus-KAJ1530432.1"
"43",0,"PGI_NEZAVIv3","Chromosome",100,"False","PRJEB47893","CAH1388393.1",555,"mssqdmdsspveelrpaishdrlggsdgavnqlsqsrsntpqktisvldvpekdaeigkcdnrrcgwlerglrgqcglshswsltmlglllilllvwailyallrvevapggdlfklivlilvayvsggvvarlrlppllgmliagivlrtcgffkvqgvyldiiiklretaltvilikaglgldapallklslvvlrlaflpcigeavaaafvsyylldypwlwglllgfmlsavspavvvpvllslqergygeskgistlviaasslddivaisvfgvflgmifstgdltqqilqgpiemliglafgvfwglvasfiphrsdnyvtakrsvmigagglcavlgselihysgagplacivasfiaclswklqgwssshnpvadvfsvvwqilqpmlfgligaeidltilelhtvalgllviigalvfrvivcctvllgsklnwkeilfvnlawlpkatvqaalgpealdqvrtqenpdpldmkrgaqmltiavlsilltapigsigisvtgplllsnepvknkekavavnetsmhmsegtehanakesgvgtsv","False",181513190,84,"False","Nezara viridula",">N.viridula-CAH1388393.1"
"44",0,"ASM973950v2","Chromosome",100,"False","PRJNA526332","KAF6215493.1",759,"mplhvelrggsastggvlpllpklswrdgrkneyaeklgalmsepldynaaaqdlvssmigrvvraaeassmggmespggrepwwdwscsrarsrsfsllrlfresgssmvraaylsanalyksvcrrrekeyydelaaqfsrvrdarydwtfsqdlfryylsefkineisiiyyggvttkkvnplegnsapsllwfssvgtkrakessedvqlmprkgldsrmtkegekapkecevllkgpeseagaqivpavngsplkketveqrkcgcgggvvklissqgnlgntwfltigsllvilaltwgvlyvllldeaapggdlfkllilivsayfagqlvalcklppllgmliagialrtcgfykiggvyleiviklreaalttilikaglgldapallklsftvlklafvpclaeaaaaavvahvcfdypyfwgfmlgfmlsavspavvvptllslkaegygeskgistlviaasglddivaislfgvfqgmiftpgsiasqvsvgpiemvmglsvgilwglfiafvphrddayvtakrtillgagslgavlgsekihyggagplacitsafvasfawknqgwsnsyhpvadnfstvwlfiqpvlfgligaeidllalhsetiamgfivvfgaliirfaacvlcvlgtklnwkeilfvnlawlpkatvqaalgpepldkvrssgdpneadllrgqqlltiavlsilitapigsigisisgpyllsnegwegdkekvksiegadtamhmsegsedverakv","32939994",68132828,191,"PacBioSequel;","Apolygus lucorum",">A.lucorum-KAF6215493.1"
"45",0,"ASM1446618v1","Chromosome",97,"False","PRJNA643352","KAF7383363.1",660,"memegkgtttrpceeltkrrvsiseqvfgvdnpafehhrrissssehnsdqgrrksilhhtgsnydsvenipqhnkfdlaengrangnrkksafsltssirdkieyseelerswlylfcarchgrddtpsweppgwkracpqpfcpsyrkfarilclfllgllvwgvvysiagkdaapggplfglatlciaahfggwlfslttlpaligmlitgmilknadlisiddryavvvsnlrkialviiltragldldpvalkrlkitvpklglipwfveagmiavltryliglpwiwglllgsiiaavspavvvpclfrlrergygvakgiptliiavagiddaasvaiygivksvmfshdalwyqilqgpiaivgglgfgilwgclakyvpekgdpfmvplrvlmllgggmvavfgseaielggagplavvaaafvscyfwqkdgwevddnpvatsfeifwmifepilfgitgtqitiaelkgktvylgiscliagiviriivtifvgigsklntkekvfislswmakatvqaalgpvtldevnrdnveqveyantvltlcvlsilltaptgaiiislsgpklltktttpxxxxxxxtagrlenektldtryfdhqrgsrsrrncerketliffrplpffffyfpaqpnlrarwsrleskkkk","32859687",8304510,33,"IlluminaHiSeq;","Vespula vulgaris",">V.vulgaris-KAF7383363.1"
"46",0,"SNU_Nstr_1.0","Scaffold",140,"False","PRJNA595812","KAG1694102.1",1008,"mmicqisvlrnlnisstksystcnaflskmelmsnlfiqpdttlfikgsssvdqnsqvkmpqsmksrsqkllsdygiikksdaagqfhflpiglrvlkklmrviddemdhigaqkilmptmtstallkksgrlekygqdiflikdrhnkdlclgptfeeavtsmvssmnvsakmlplklyqisrkyrdeerpcfgllrgrefymkdlytfdvssedaiktyesvcnayeaifkkleiehikadgdpgniggqyshefhiiadigqdtvkicsscklginlevtekedehlcsncgnafvqhkcievghtfllsdsyskvfganlkskplqmgcygigvtrllaaavevlstennirwpkaispyqiciippkrgskeeaakdmaghlyqilsssypedviiddrddmtigqrllyakrlgfpyvlicgkhvlkstpriefidiygdktdlfthsellnklvqmkgskmgecdeksnknivgeemkplnpdndeqtdvissntipitgaleevkfsekcrsrqskmkclccqhdsgsvnnfnfvieklylceimcvillwmslysiigcqllpeghlfalfilivcciiggnlisllhfppllgnfflyfsmllvgfllrnvphinvaanlnpqwasalrsialvviliraglgldpqalkqlslvclrlaftpclvetivvavsshlvlglpwlwgfmlgfvlsavspavvvpsmisiqekglgcakgiptliiaaasvddvlaisgfgivlgitftegslgwtiakgpievliglaygiflgvtlwvipyrskenkyiyrflllstggtvavfgsriasfggagalgclilsfvaavgwkkedinesvclnpydnassgcqmiiflfiymklkkgfrkfsfkcilvyeivlhsigygiavlsiglffriiasffvvlgagltikerlfialawlpkatvqaaigpvaldlaraqadkelehyglqvltisvlvilitapigaaaialsapklltpqreasndeeksv","False",701800,1638,"PacBioSequel;","Nymphon striatum",">N.striatum-KAG1694102.1"
"47",0,"CLODIP2","Scaffold",132,"False","PRJEB34721","CAB3360254.1",594,"massdnpmphsilhvpnsnpkgeerrvslavgdnapskdnpafenddeaanghstkrssdthrkhksplalpngfpeenvygkqekekkslwdwlalmpngeqfarlvaymviglliwsimyvllgqdaspkggqlfqiaamcivaklggwlatrvrlpallgmlvvgiiaknvglitvhgeyehvvsdirkvalviiliragldldpsatrklfgtilklalvpwlieccmvailshflldlpwgwafmlgsieaavspavvvpgllrlrlkgfgvakgiptlilavtgiddafsvaafgvissvmltsgsllytvtlgpasvllgvayglvwgnmtrfvpkqhdpyavhlrvlllffgglmavlgsekigyegagplgvilasyicgciwmeqgweveenpvaisfevfwlifepilfgmtgtqidfsqidpkilwkailcigvaafirifftiiiaigsrlnlkekifisfswmakatvqaalgpvaidlvrehgseeekeyarsllmvcvlsilltapvgavtialtgprllkrttatmpegwrrhtrpslrdislndediedddepepeapppsgrrstrssirevlnr","False",461411,1395,"False","Cloeon dipterum",">C.dipterum-CAB3360254.1"
