,assembly-name,assembly-status,coverage,genome-refseq,project-accession,protein-accession,protein-length,protein-sequence,pubmed-accession,scaffold-N50,scaffold-count,sequencing-technology,species
0,SNU_Nstr_1.0,Scaffold,140.0,False,PRJNA595812,KAG1663790.1,539,mkirlqvdkvqmkeskmgecdeksnknivgeemkplnpdndeqtdvissntipitgaleevkfsekcrsrqskmkclccqhdsgsvnnfnfvieklylceimcvillwmslysiigcqllpeghlfalfilivcciiggnlisllhfppllgmlvvgfllrnvphinvaanlnpqwasalrsialvviliraglgldpqalkqlslvclrlaftpclvetivvavsshlvlglpwlwgfmlgfvlsavspavvvpsmisiqekglgcakgiptliiaaasvddvlaisgfgivlgitftegslgwtiakgpievliglaygiflgvtlwvipyrskenkyiyrflllstggtvavfgsriasfggagalgclilsfvaavgwkkedinesdqvahifanlwyffqpilfgligaeitvdnldastvgygiavlsiglffriiasffvvlgagltmkerlfialawlpkatvqaaigpvaldlaraqadkelehyglqvltisvlvilitapigaaaialsapklltpqreasndeeksv,False,701800.0,1638.0,PacBioSequel;,Nymphon striatum
0,SNU_Nstr_1.0,Scaffold,140.0,False,PRJNA595812,KAG1694105.1,990,mmicqisvlrnlnisstksystcnaflskmelmsnlfiqpdttlfikgsssvdqnsqvkmpqsmksrsqkllsdygiikksdaagqfhflpiglrvlkklmrviddemdhigaqkilmptmtstallkksgrlekygqdiflikdrhnkdlclgptfeeavtsmvssmnvsakmlplklyqisrkyrdeerpcfgllrgrefymkdlytfdvssedaiktyesvcnayeaifkkleiehikadgdpgniggqyshefhiiadigqdtvkicsscklginlevtekedehlcsncgnafvqhkcievghtfllsdsyskvfganlkskplqmgcygigvtrllaaavevlstennirwpkaispyqiciippkrgskeeaakdmaghlyqilsssypedviiddrddmtigqrllyakrlgfpyvlicgkhvlkstpriefidiygdktdlfthsellnklvqmkgskmgecdeksnknivgeemkplnpdndeqtdvissntipitgaleevkfsekcrsrqskmkclccqhdsgsvnnfnfvieklylceimcvillwmslysiigcqllpeghlfalfilivcciiggnlisllhfppllgmllvgfllrnvphinvaanlnpqwasalrsialvviliraglgldpqalkqlslvclrlaftpclvetivvavsshlvlglpwlwgfmlgfvlsavspavvvpsmisiqekglgcakgiptliiaaasvddvlaisgfgivlgitftegslgwtiakgpievliglaygiflgvtlwvipyrskenkyiyrflllstggtvavfgsriasfggagalgclilsfvaavgwkkedinesdqvahifanlwyffqpilfgligaeitvdnldastvgygiavlsiglffriiasffvvlgagltikerlfialawlpkatvqaaigpvaldlaraqadkelehyglqvltisvlvilitapigaaaialsapklltpqreasndeeksv,False,701800.0,1638.0,PacBioSequel;,Nymphon striatum
0,Ogib_1.0,Chromosome,80.0,False,PRJNA681589,KAG8183784.1,557,mtnpsiipspceeddavsetsksakelwsslwtcppisplttmtsmaaiaflfygsiwgltakeampggpvfglfmlalvcylggqftkliklptlvgmmvfgfilrnvpainiakdipsewgsnirhmalilillraglevdsdillkqkatctklifipfifelvagslaakylldmpwlwaftlgsmlsavspavvlpvmlklqkkgigtengvptmviavagiddvlaltayevlfgvlmgkgnmewliargpievivgiiygialgiflwyiphpeerktsvfrflllllggmfclfgsqqiewgaagalgciclpfvaairwkkhkdwddeenpvgealafiwkiiepflfgligseiklemlkptlvglslatmfialffrmaasmlaawtaglsfkeqvfvtfaglpkatvqaaigpqalnyvrgdeelagqkdliahatmiltvavlaiiifaplgsvlisilaprllskptnndveksktsvpaimdsipmyqqnssydiknenrlsnpensnsrehqnnqyssssvcsqnwrniennsnvntsekl,34949821,979336.0,7802.0,PacBioSequel;,Oedothorax gibbosus
0,SNU_Nstr_1.0,Scaffold,140.0,False,PRJNA595812,KAG1663789.1,556,mkirlqvdkvqmkeskmgecdeksnknivgeemkplnpdndeqtdvissntipitgaleevkfsekcrsrqskmkclccqhdsgsvnnfnfvieklylceimcvillwmslysiigcqllpeghlfalfilivcciiggnlisllhfppllgnfflyfsmlvvgfllrnvphinvaanlnpqwasalrsialvviliraglgldpqalkqlslvclrlaftpclvetivvavsshlvlglpwlwgfmlgfvlsavspavvvpsmisiqekglgcakgiptliiaaasvddvlaisgfgivlgitftegslgwtiakgpievliglaygiflgvtlwvipyrskenkyiyrflllstggtvavfgsriasfggagalgclilsfvaavgwkkedinesvclnpydnassglahifanlwyffqpilfgligaeitvdnldastvgygiavlsiglffriiasffvvlgagltmkerlfialawlpkatvqaaigpvaldlaraqadkelehyglqvltisvlvilitapigaaaialsapklltpqreasndeeksv,False,701800.0,1638.0,PacBioSequel;,Nymphon striatum
0,SNU_Nstr_1.0,Scaffold,140.0,False,PRJNA595812,KAG1694104.1,997,mmicqisvlrnlnisstksystcnaflskmelmsnlfiqpdttlfikgsssvdqnsqvkmpqsmksrsqkllsdygiikksdaagqfhflpiglrvlkklmrviddemdhigaqkilmptmtstallkksgrlekygqdiflikdrhnkdlclgptfeeavtsmvssmnvsakmlplklyqisrkyrdeerpcfgllrgrefymkdlytfdvssedaiktyesvcnayeaifkkleiehikadgdpgniggqyshefhiiadigqdtvkicsscklginlevtekedehlcsncgnafvqhkcievghtfllsdsyskvfganlkskplqmgcygigvtrllaaavevlstennirwpkaispyqiciippkrgskeeaakdmaghlyqilsssypedviiddrddmtigqrllyakrlgfpyvlicgkhvlkstpriefidiygdktdlfthsellnklvqmkgskmgecdeksnknivgeemkplnpdndeqtdvissntipitgaleevkfsekcrsrqskmkclccqhdsgsvnnfnfvieklylceimcvillwmslysiigcqllpeghlfalfilivcciiggnlisllhfppllgnfflyfsmllvgfllrnvphinvaanlnpqwasalrsialvviliraglgldpqalkqlslvclrlaftpclvetivvavsshlvlglpwlwgfmlgfvlsavspavvvpsmisiqekglgcakgiptliiaaasvddvlaisgfgivlgitftegslgwtiakgpievliglaygiflgvtlwvipyrskenkyiyrflllstggtvavfgsriasfggagalgclilsfvaavgwkkedinesdqvahifanlwyffqpilfgligaeitvdnldastvgygiavlsiglffriiasffvvlgagltikerlfialawlpkatvqaaigpvaldlaraqadkelehyglqvltisvlvilitapigaaaialsapklltpqreasndeeksv,False,701800.0,1638.0,PacBioSequel;,Nymphon striatum
0,SNU_Nstr_1.0,Scaffold,140.0,False,PRJNA595812,KAG1694103.1,1007,mmicqisvlrnlnisstksystcnaflskmelmsnlfiqpdttlfikgsssvdqnsqvkmpqsmksrsqkllsdygiikksdaagqfhflpiglrvlkklmrviddemdhigaqkilmptmtstallkksgrlekygqdiflikdrhnkdlclgptfeeavtsmvssmnvsakmlplklyqisrkyrdeerpcfgllrgrefymkdlytfdvssedaiktyesvcnayeaifkkleiehikadgdpgniggqyshefhiiadigqdtvkicsscklginlevtekedehlcsncgnafvqhkcievghtfllsdsyskvfganlkskplqmgcygigvtrllaaavevlstennirwpkaispyqiciippkrgskeeaakdmaghlyqilsssypedviiddrddmtigqrllyakrlgfpyvlicgkhvlkstpriefidiygdktdlfthsellnklvqmkgskmgecdeksnknivgeemkplnpdndeqtdvissntipitgaleevkfsekcrsrqskmkclccqhdsgsvnnfnfvieklylceimcvillwmslysiigcqllpeghlfalfilivcciiggnlisllhfppllgnfflyfsmllvgfllrnvphinvaanlnpqwasalrsialvviliraglgldpqalkqlslvclrlaftpclvetivvavsshlvlglpwlwgfmlgfvlsavspavvvpsmisiqekglgcakgiptliiaaasvddvlaisgfgivlgitftegslgwtiakgpievliglaygiflgvtlwvipyrskenkyiyrflllstggtvavfgsriasfggagalgclilsfvaavgwkkedinesvclnpydnassglahifanlwyffqpilfgligaeitvdnldastvgygiavlsiglffriiasffvvlgagltikerlfialawlpkatvqaaigpvaldlaraqadkelehyglqvltisvlvilitapigaaaialsapklltpqreasndeeksv,False,701800.0,1638.0,PacBioSequel;,Nymphon striatum
0,ASM378908v1,Scaffold,84.0,False,PRJNA438564,ROT75079.1,487,msngmrstelavvvdsshnldgqvieeqissadkityesgsaslkyvfdcwpphgivgrcltwtllvllgwgaaiaiigisalpggnifslmclfciavlggqlatlaklpslmdkewssalrnialvvillraglgldpaalkelsfmvlrlaftpcivetvtvatvthlllgfpwlwglmlgfilsavtpavivpcmiklseegygmdkgiptlviaassvddvlaisgfgvlmgitfaegslwwiilkgpievvmglvyglgvgalfwvlpnieersaqnlrffllgcagllavfgsqmaqfggagalgclvmafvagigwrrqgmsednnpvddkllimwelfqpflfsligaeiqvseldigtvgwglvtlaiglvfrmatsflvvmggnlnikerifvalawvpkatvqaaigsqaldfaeksgagpeivrlgeqvltitvlvilitaplgavaimlsapkllskgktkdtldlpdglpdp,False,605555.0,4683.0,PacBio;IlluminaHiSeq;,Penaeus vannamei
0,SNU_Nstr_1.0,Scaffold,140.0,False,PRJNA595812,KAG1663791.1,557,mkirlqvdkvqmkeskmgecdeksnknivgeemkplnpdndeqtdvissntipitgaleevkfsekcrsrqskmkclccqhdsgsvnnfnfvieklylceimcvillwmslysiigcqllpeghlfalfilivcciiggnlisllhfppllgnfflyfsmlvvgfllrnvphinvaanlnpqwasalrsialvviliraglgldpqalkqlslvclrlaftpclvetivvavsshlvlglpwlwgfmlgfvlsavspavvvpsmisiqekglgcakgiptliiaaasvddvlaisgfgivlgitftegslgwtiakgpievliglaygiflgvtlwvipyrskenkyiyrflllstggtvavfgsriasfggagalgclilsfvaavgwkkedinesvclnpydnassgcqmiiflfiymklkkgfrkssfkcilvyeivlhsigygiavlsiglffriiasffvvlgagltmkerlfialawlpkatvqaaigpvaldlaraqadkelehyglqvltisvlvilitapigaaaialsapklltpqreasndeeksv,False,701800.0,1638.0,PacBioSequel;,Nymphon striatum
0,Tcal_SD_v2.1,Chromosome,180.0,False,PRJNA237968,TRY75264.1,555,maspgftspgpsgspgplvpqleapplpanrghdaiksecesslegtpvvvaepnepcssadelspskssrrvvskwirpmllrhyppltsqsswrtrllyavlcpihgqiarvvtylllfvlivlvsfcllghigtppngtvflllvlvtlgalvgqaftwvhlppllgmlitgivlknlpfiefedrwavwsstlrgvalviilmraglgldpealkrlsalvfrlaflpclaetsvvavashfllgfpwlwgfmlgfvlaavspavvvpcllqlqkegygvakgiptlvmaaasvddvlaisgftivlgitfspdaslvqlafqgpleaaigvasgivgglvviflphqamdsyglarfsllvggclvclfgsklvhfpgagalavlvmsfvagfgwrkqgwsddnlvskylshlwmifqpllfgligteikvgeidqstiglglavvlisltvrvivsflsvtdrklnlrervfialawipkatvqaaigpvaydtalnleprrsdyidlghqlltiavlvilvtapigaiaimttaprlltkqgkppssa,29988158,15806032.0,459.0,Illumina;PacBioRSII;,Tigriopus californicus
0,SNU_Aamp_1,Scaffold,116.0,False,PRJNA549550,KAF0289584.1,580,madptatyvfppvdpspaeqrrraserstsseekqsrsswresltgtdlatrgsgskpptisddvadgdvflgeplelqspepsgpchrcarpllrssyappagaalwrralygctcppwgwlegllsaaavtlavwglalaltgphalpggqifgilcllvlclaagwvaalvrlppllgmlimglclanvpglrsvassipegtssllrnmalmviltraglgldaaalrrlslvvlrlaftpclcetltvgvaahlllgfpwiwafmlgfvlaavspavvvpcllslqqqgygvekgvptlviaaasvddvlaisgfgvllgvnfsrgaltekllsgplevvmglgygvvggvllwylpgasnsrlallrlllltctgllalfgsqkvgyagagalaaltlafvaghgwrrsgwtgdtnpvsdaysvlwfvfqpllfgligaeiqvnalradtvglgllvlfigltvrmavtffvvlgggltvkerlfvtlawlpkatvqaaigpvaldfarqyaptpeniglgeqvvaiavlvilvtaplgaaaimlsaprllskasqvgpddkevqkvangdnta,False,458238.0,2240.0,PacBioSequel;IlluminaHiSeq;,Amphibalanus amphitrite
0,CRF-TW_Dcit,Scaffold,98.0,False,PRJNA800468,KAI5736882.1,552,mdnkksilpqnqnrtpsiivqnnsnkvqrpedidvrnkllppsgngskdfksrtpqrekkppsrirriitepfgpknlyvlrllgwvicllvswgllytlvkeevapggqllklltlivsahiagiivshvnlppllgmlvtgivlrnikffevsgtyreivvttreialtvilikaglgldakalkklsfvvlklafipciveatgaavccyfilgmpwvwgfllgfvlsavspavvvptllklssegygeskgistmviaasslddivaisafgiflgfatnvgksdaditnqllqapieislgvlfgivwglisawlphkedkfvvfkrvfmigggglfsvlgsqmigyngagplsciisafvaclcwkwqgwsdsynpvatafsglwlimqpalfgligaeidlsqidatqigqglivlagglvfraiacttcllgtnlnwkemifvniawlpkatvqaalgsvaldilknnspppadsveyptylqelsfgrgvltiavlsilvtapvgaigiafsgtrlltnepskeknqqpsnsqiaasidhldv,35866687,23565919.0,453.0,PacBioSequelII;IlluminaNovaSeq;,Diaphorina citri
0,CRF-UY_Dcit,Scaffold,100.0,False,PRJNA800468,KAI5704272.1,552,mdnkksilpqnqnrtpsiivqnnsnkvqrpedidvrnkllppsgngskdfksrtpqrekkppsrirriitepfgpknlyvlrllgwvicllvswgllytlvkeevapggqllklltlivsahiagiivshvnlppllgmlvtgivlrnikffevsgtyreivvttreialtvilikaglgldakalkklsfvvlklafipciveatgaavccyfilgmpwvwgfllgfvlsavspavvvptllklssegygeskgistmviaasslddivaisafgiflgfatnvgksdaditnqllqapieislgvlfgivwglisawlphkedkfvvfkrvfmigggglfsvlgsqmigyngagplsciisafvaclcwkwqgwsdsynpvatafsglwlimqpalfgligaeidlsqidatqigqglivlagglafraiacttcllgtnlnwkemifvniawlpkatvqaalgsvaldilknnapppadsveyptylqelsfgrgvltiavlsilvtapvgaigiafsgtrlltnepskeknqqpsnsqiaasidhldv,35866687,22577667.0,383.0,PacBioSequelII;IlluminaNovaSeq;,Diaphorina citri
0,CRF-UY_Dcit,Scaffold,100.0,False,PRJNA800468,KAI5704273.1,519,msdertllahsftqdicyeaisprekkppsrirriitepfgpknlyvlrllgwvicllvswgllytlvkeevapggqllklltlivsahiagiivshvnlppllgmlvtgivlrnikffevsgtyreivvttreialtvilikaglgldakalkklsfvvlklafipciveatgaavccyfilgmpwvwgfllgfvlsavspavvvptllklssegygeskgistmviaasslddivaisafgiflgfatnvgksdaditnqllqapieislgvlfgivwglisawlphkedkfvvfkrvfmigggglfsvlgsqmigyngagplsciisafvaclcwkwqgwsdsynpvatafsglwlimqpalfgligaeidlsqidatqigqglivlagglafraiacttcllgtnlnwkemifvniawlpkatvqaalgsvaldilknnapppadsveyptylqelsfgrgvltiavlsilvtapvgaigiafsgtrlltnepskeknqqpsnsqiaasidhldv,35866687,22577667.0,383.0,PacBioSequelII;IlluminaNovaSeq;,Diaphorina citri
0,CRF-CA_Dcit,Scaffold,119.0,False,PRJNA800468,KAI5742064.1,529,msknsvsfskivhkyisgyeelaggnypgnpgnngkhqqkmtestiqlestdpaypnghpninaqhtednflvrflrapldfvspllisyitwaiilllvwgllycilttdalpggsafnicllilvaqifgkaveylrlpsllgmliagifmknvglfsvtpgvyeeivillreialttilikagmgldaaallklsfvvirlallpclaetagasiaahfildfpwlwglllgfilsavspavvvptllelkengygndksistlviaassvddiaaislfgvilgcifsegdltskivqgplevliglawgliwglilacfpnrldknvitkrclmlgsvcslavlgsqvidlagagplgcittafiagvcwklqgwthqynpvadkfasvwnviqitlfgligaeidllemdvkvvmagavvllcgltfritacaialigaklnmkevlfvnlawlpkatvqaalapvalnlvnklnmedtpehnyatsiltiavlsilitaplgsigitwggtrllhksevair,35866687,22629945.0,346.0,PacBioSequelII;IlluminaNovaSeq;,Diaphorina citri
0,ASM2369052v1,Chromosome,114.0,False,PRJNA812706,KAI4469917.1,667,mrttnkikmyltaiitflllanhissqnevspspivnttdkpvvesnstskdhdnevklstvsnknekvttikpeinsstlapavqnvtiptenqnpstnspnvpmanvtntssttasadpvlpdkgaaedehnssmaiffvlcvlalgillihlmlqtgfqyvpesivivflgaligltmnalsnrnisnwrkeeafsptafflillppiifesgynlhkgnffqnigsilvfaiigttisafiigfgiyflgladvvyrlsflesfafgslisavdpvatvaifhalnvdpilnmlvfgesilndaiaivlttaalesndpsistgeaivlginrfclmffasagigvvfalvsalllkhvdlrknpslefgmmlvftyapyvlaegihlsgimailfcgivmshythfnlstvtqitmqqtlrtlsfiaetcvfaylglalfsfkhrvepaliiwsvilcligracnifplallvnrfrehqitkkmmfimwfsglrgaisyalslhlnfsdetrhviitttliivlittlffggstmpllkfmqatknpsrrlrkrkkdrevtlsktrewgqaldssiylrlrkvkwkyrslssrikgfvkydlkyfipfftrrftqqelkdcksqmtdltnqwyqairispmesdeeavvntprssissivr,False,159026469.0,1158.0,OxfordNanopore;,Holotrichia oblita
0,Tenebrio_molitor_v3,Scaffold,150.0,False,PRJEB44755,CAH1372858.1,654,mkvivgilcfsilfstvhlqsdsslkpanitksvtsattpnygktgtgmwtthlptgavsispvisatpsivnattnvsmvtankevkavvniglknvthlnstlldpvlpdkgaaedehnssmaiffvlcvlalgillihlmlqtgfqyvpesvvivflgaligltmnalsnrnisnwrkeeafsptafflillppiifesgynlhkgnffqnigsilvfaivgttisafiigfgiyflgladvvyklsfvesfafgslisavdpvatvaifhalnvdpvlnmlvfgesilndaiaivlttaalesnnpimstgeaivmgierfclmffasagigvlfalvsalllkhvdlrknpslefgmmlvftyapyvlaegihlsgimailfcgivmshythfnlstvtqitmqqtlrtlafiaetcvfaylglalfsfkhrvkpalivwsiilcligracnifplailvnrfrehqitkkmmfimwfsglrgaisyalslhlnfsdetrhviitttliivlvttlffggstmpllklmqatknpsrrlkrrrkdrevtlsktrewgqaldsehlsettegemevsfvsdrikgfakydlkyfipfftrrftqqelkdcksqmtdltnqwyqairispdqsddengtftprssissivh,False,21885684.0,111.0,False,Tenebrio molitor
0,PGI_DIABBA_v3,Chromosome,50.0,False,PRJEB47897,CAG9839567.1,661,mdykrrgyvictivffilfvniaslqnvsqtivssespltkenvteaelknqvekatpvpskdllnvtittattptivtntteatvektdnattvvkqtnttsenvttaqtadpvpvlpakeaaedehnssmaiffvlcvlalgillihlmlqthfqyvpesivivflgaliglimnalssrnisnwrkeeafsptafflillppiifesgynlhkgnffqnigsilvfaifgttisafiigfgiyflgladvvyrlgfvesfafgslisavdpvatiaifhalnvdpilnmlvfgesilndaiaivltnaalesnnpdmntgeaivlgierfclmffasallgvvfalvsalllkhvdlrknpslefgmmlvftyapyvlaegihlsgimailfcgivmshythfnlstvtqitmqqtlrtlafiaetcvfaylglalfsfkhrvepalivwsivlcllgracnifplailvnkfrehqitkkmmfimwfsglrgaisyalslhlnfsdetrhviitttliivlvttlffggstmpllkfmqatknpsrrlkkrkkdrevtlsktrewgqaldsehlsettegevevsfvsdrikgfakydlkyfipfftrrftqqelkdcksqmtdltnqwyqairispdqsdedsantgrssissivr,False,161557722.0,407.0,False,Diabrotica balteata
0,ASM2772472v1,Scaffold,465.0,False,PRJNA820846,KAJ3661878.1,660,mmkkiiftilqflifvstesiqsesslelssttkvtfngstvtsqtpvnnnghinrqstesasytlsplpfststtqnssknepvftkmmkptqavtldrnksttnqnvtpvdpvlpnkeaaedehnssmaiffvlcvlalgillihfmlqtgfqyvpesvvivflgaliglimnalsnrnisnwrkeeafsptafflillppiifesgynlhkgnffqnigsilvfaivgttisafiigfgiyflgladvvyqlsfvesfafgslisavdpvatvaifhalnvdpvlnmlvfgesilndaiaivlttaalesnnpimstgeaivmgiqrfclmffasagigvvfalvsavllkyvdlrknpslefgmmlvftyapyvlaegihlsgimailfcgivmshythfnlstvtqitmqqtlrtlafiaetcvfaylglalfsfkhrvepalivwalilcligracnifplailvnkfrehqitkkmmfimwfsglrgaisyalslhlnfsdetrhviitttliivlittlffggstmpllkfmqatknpsrrlkkrrkdrevtlsktrewgqaidsehlsettegemevtfapdrikgfakydlkyfipfftrrftqqelkdcksqmtdltnqwyqairispdqsddengtisprssissiih,False,48007226.0,4179.0,OxfordNanoporeMinION;IlluminaNovaSeq;,Zophobas morio
0,ASM1336807v1,Contig,74.0,False,PRJNA556754,KAF5288288.1,646,mrdllvllilcniansediaqnslneknltnvistvkpatnisstlppavntsmvpnnakalsspvssvaanvtsststtttttaapsppppppdpvlpaktaaeeehnssmaiffvlcvlalgtllihfllhtgfqyipesivivilgaavgmtlntlsnqnvsnwrkeeafsptafflillppiifesgynlhkgnffqnigsilvfaiigttisafitgfgvyflgladvvyrlsfvescafgslisavdpvatiaifhalnvdpilnmlvfgesilndaisivlttailesnnplmstgeaivqginrfclmffasagigvmfalvsalllkhvdlrknpslefammlvftyapyvlaegihlsgimailfcgivmshythfnlstvtqitmqqtlrtlafiaetcvfaylglalfsfkhrvepalivwslilcligracnifplaflcnkfrehqitrkmmfimwfsglrgaisyalslhlnfsdetrhviitttliivlcttlflggstmpllkfmeatktsnnsirrtrrkkkdraitlsktrewgqaidsehlsetteaegevtfissrikgfakydlkyfipfftrrftqqelkdcksqmtdltnqwyqairispdhsedempnnpsrtssissivr,False,3509824.0,2684.0,PacBioRSII;,Lamprigera yunnana
0,ASM1446617v1,Chromosome,644.0,False,PRJNA643352,KAF7409385.1,742,mnlfltqykvqskwcvlfvilqfgmicgeisfateitnlenkklslpntslpvlsnsksitnasqvfaitsanlviddesktngpknsdklstinitmttsnsriipsgvnteqndnilknvttekinteviatsinekngsiitdyqssqnpdiinatntstttiapaepvlpdkdsaeeehnssmsiffvlcvlalgillihlmlqtnfqylpesvvivflgaaigmiinlmshqnianwrkeeafsptafflvllppiifesgynlhkgnffqnigsilvfaivgtaisafvigagiyllglaqvayrlsfvesfafgslisavdpvatvaifhalevdpilnmlvfgesilndaisivlttsvlesnnatttseaiilginrfclmffasagigvvfalisalllkhvdlrknpslefgmmlvftyapyvlaegiqlsgimailfngivmshythfnlstvtqitmqqtmrtlafiaetcvfaylglalfsfrhrvepaliiwsiilcligraanifplallvnrfrehqitrkmmfimwfsglrgaisyalslhldfsdetrhviitttliivlittlifggstmpllkflraekkqknsrrkkkdkevslsktrewgqtidsehlselteeemevsflqsrihgfarwdlkffipfftrrftqqelkdcksqmtdltnqwyqairisplesdddattastaqlninvseesrnerwvkekkgrsshgddeewsdsn,32859687,8532720.0,222.0,IlluminaHiSeq;,Vespula pensylvanica
0,ASM1446619v1,Chromosome,152.0,False,PRJNA643352,KAF7387386.1,745,mnlfltqykvqskwyilfvilqfgvicgeisfateitnlenkklslpntslpvlsnsksitntsqvfaitsanlviddesktngpknsdnsdklstinitmttsnsqiipsgvnteqndnilknvttekinteviatpinekngsiitdyqssqnpdiinatntstttiapaepvlpdkdsaeeehnssmsiffvlcvlalgillihlmlqtnfqylpesvvivflgaaigmiinlmshqnianwrkeeafsptafflvllppiifesgynlhkgnffqnigsilvfaivgtaisafvigagiyllglaqvayrlsfvesfafgslisavdpvatvaifhalevdpilnmlvfgesilndaisivlttsvlesnnatttseaiilginrfclmffasagigvvfalisalllkhvdlrknpslefgmmlvftyapyvlaegiqlsgimailfngivmshythfnlstvtqitmqqtmrtlafiaetcvfaylglalfsfrhrvepaliiwsiilcligraanifplallvnrfrehqitrkmmfimwfsglrgaisyalslhldfsdetrhviitttliivlittlifggstmpllkflraekkqknsrrkkkdkevslsktrewgqtidsehlselteeemevsflqsrihgfarwdlkffipfftrrftqqelkdcksqmtdltnqwyqairisplesdddattastaqlninvseesrnerwvkekkgrsshgddeewsdsn,32859687,8396154.0,67.0,IlluminaHiSeq;,Vespula germanica
0,ASM1446618v1,Chromosome,97.0,False,PRJNA643352,KAF7385739.1,713,mnlfltqykvqskwcilfvilqfgvicgeisfateitnlenkklslpntslpvlnnsksitntsqvfaitsanlviddervnteqndnilknvttekinteviatpinekngsiitdyqssqnpdiinatntstttiapaepvlpdkdsaeeehnssmsiffvlcvlalgillihlmlqtnfqylpesvvivflgaaigmiinlmshqnianwrkeeafsptafflvllppiifesgynlhkgnffqnigsilvfaivgtaisafvigagiyllglaqvayrlsfvesfafgslisavdpvatvaifhalevdpilnmlvfgesilndaisivlttsvlesnnatttseaiilginrfclmffasagigvvfalisalllkhvdlrknpslefgmmlvftyapyvlaegiqlsgimailfngivmshythfnlstvtqitmqqtmrtlafiaetcvfaylglalfsfrhrvepaliiwsiilcligraanifplallvnrfrehqitrkmmfimwfsglrgaisyalslhldfsdetrhviitttliivlittlifggstmpllkflraekkqknsrrkkkdkevslsktrewgqtidsehlselteeemevsflqsrihgfarwdlkffipfftrrftqqelkdcksqmtdltnqwyqairisplesdddattastaqlninvseesrnerwvkekkgrsshgddeewsdsn,32859687,8304510.0,33.0,IlluminaHiSeq;,Vespula vulgaris
0,Ebur_v1.0,Scaffold,250.0,False,PRJNA632625,KAH0950178.1,726,mmtfqilsrkwsfivwilllcdashhvshgeetvnlkievikkttpvvtdnpnalnimknasilpvlsstarpansindtvsnnissttvkpsvtssnppqsdhvannqtterigtvssspvndknatdvsissqvpdivnitntstttvapaepvlpdkgsaeeehnssmsiffvlcvlalgillihlmlqtnfqylpesvvivflgaaigmiinlmshqnianwrkeeafsptafflvllppiifesgynlhkgnffqnigsilvfaifgtaisafvigagiyllglaqvayklsfvesfafgslisavdpvatvaifhaldvdpvlnmlvfgesilndaisivlttsvlesnnatttseaiilglnrfclmffasagigvvfalisalllkhvdlrknpslefgimlvftyapyvlaegiqlsgimailfngivmshythfnlstvtqitmqqtmrtlafiaetcvfaylglalfsfrhrfepalvvwslilcligraanifplallvnrfrehqitrkmmfimwfsglrgaisyalslhldfsdetrhviitttliivlfttlifggstmpllkflraekkqknsnsrrkkkdkevslsktrewgqtidsehlselteeemevsflqsrirgfarwdlkffipfftrrftqqelkdcksqmtdltnqwyqairispiesddetttastaqlnlnvsgtskdltngkekngrprhgtqedwsd,34582590,2464435.0,449.0,IlluminaHiSeq;IlluminaMiSeq;,Eciton burchellii
0,ASM2367886v1,Scaffold,65.0,False,PRJNA644346,KAI4480393.1,736,mnlfitqykvlskcviffilqfgvicgeissvtdvfnlendklslanntvlpvldnskiiinttsqasvitnadsingneskvnvsknsdnevklstinviettsksqsistnieqndknvttekintevtatsinekngsiitdypsqspditnatntstttftpaepvlpdkgsaeeehnssmsiffvlcvlalgillihlmlqtnfqylpesvvivflggaigmiinlmshqnianwrkeeafsptafflvllppiifesgynlhkgnffqnigsilvfaivgttisafvigagiyllglaqvayrlsfvesfafgslisavdpvatvaifhalevdpilnmlvfgesilndaisivlttsvlesnnatttseaiilginrfclmffasagigvvfalisalllkhvdlrknpslefgmmlvftyapyvlaegiqlsgimailfngivmshythfnlstvtqitmqqtmrtlafiaetcvfaylglalfsfrhrvepalvvwsiilcligraanifplallvnrfrehqitkkmmfimwfsglrgaisyalslhldfsdetrhviitttliivlittlifggstmpllkflraekkpknsrrkkkdkevslsktrewgqtidsehlselteeemevsflqsrihgfarwdlkffipfftrrftqqelkdcksqmtdltnqwyqairisplesdeevmttstaqlninvsgesgnerwvknkkgrsshgsilsi,False,4106360.0,7498.0,Illumina;,Polistes exclamans
0,DendPond_female_1.0,Scaffold,227.0,False,PRJNA179493,ERL89967.1,650,merrqflaftticfilfwniaslqntsvvvghtnatvpvvagnlsvpvvavnssdssavpgnvssksgqptvptpvgadgllpvstatstrnegvelnttavlpeanatkinvtsttqsvdpvlpdkeaaedehnssmaiffvlcvlalgillihlmlqtgfqyvpesivivflgaligltmsalsnrnisnwrkeeafsptafflillppiifesgynlhkgnffqnigsilvfaivgttisafvigfgiyflglaevvyqlsfvesfafgslisavdpvatvaifhalnvdpilnmlvfgesilndaiaivlttavlesnnplmstgeaiilgienfclmffasagigvifalvsalllkhvdlrknpslefgmmlvftyapyvlaegihlsgimailfcgivmshythfnlstvtqitmqqtlrtlafiaetcvfaylglalfsfkhrvepafivwslilcligracnifplailvnrfrehqitkkmmfimwfsglrgaisyalslhlnfsdetrhviitttliivlfttlifggstmpllkfmqatknpakrqkkrkrdrevtlsktrewgqaldsehlsettegemevsfvsarikgfakydlkylipfftrrftqqvsvkearigliemmqikmclgyvsdas,23537049,465763.0,6520.0,False,Dendroctonus ponderosae
0,tlon_1.0,Scaffold,85.0,False,PRJNA449506,TGZ55224.1,1058,misltkesersvvevaevtdaqddpydvercarwvrtnalkqvclqfpdsllpdsvevalrlekslgrkvyilgdttcgsccvdevtaqhvdadgiihfghtclsptarlpvfhvlprkrldatalcdefvrifpdcgkkiiffydvayaheienvynalkpvykhlvlsklnctsnveytdtrvssasvvlgrgytlengynvqdyegfflgegektlallamsipvkrwycfangkisefealstpwlkrrrflveklrdarvvgivvatlgiqeyltaintvkrtlkqknkksyllsvgkinpaklanfpeidafvviacpenevfdsrdffkpmltvyevelafnsarefcpqyfmdfrqilpggphyvdfkpstdsdvslitsnvrnceddtlctdqmnaltvrssgtvaigkagaqylqerswkgaeqrlgedpvqpaeagrvglanttdvvpvpsqspadaanstnvtasnvttttvapaepvlpdkgsaeeehnssmsiffvlcvlalgillihlmlqtnfqylpesvvivflgaaigmiinlmshqnianwrkeeafsptafflvllppiifesgynlhkgnffqnigsimvfaifgtaisafvigagiyllglaqvayklsfvesfafgslisavdpvatvaifhaldvdpvlnmlvfgesilndaisivlttsvlesnnaattseaiilglnrfclmffasagigvvfalisalllkhvdlrknpslefgimlvftyapyvlaegiqlsgimailfngivmshythfnlstvtqitmqqtmrtlafiaetcvfaylglalfsfrhrfepalvvwsvilcligraanifplallvnrfrehqitrkmmfimwfsglrgaisyalslhldfsdetrhviitttliivlfttlifggstmpllkflraekkpksnsrrkkkdkevtlsktrewgqtidsehlselteeemevsflqsrirgfarwdlkffipfftrrftqqelkdcksqmtdltnqwyqairispiesddeattastaqlnlnitgtakgqpphgkekngrprhgsilsi,30967075,514432.0,3987.0,IlluminaHiSeq;,Temnothorax longispinosus
0,DendPond_male_1.0,Scaffold,443.0,False,PRJNA162621,ENN79908.1,831,merrqflaftticfilfwniaslqntsvvvghtnatvpvvagnlsvpvvavnssdssavpgnvssksgqptvptpvgadgllpvstatstrnegvelnttavlpeanatkinvtsttqsvdpvlpdkeaaedehnssmaiffvlcvlalgillihlmlqtgfqyvpesivivflgaligltmsalsnrnisnwrkeeafsptafflillppiifesgynlhkgnffqnigsilvfaivgttisafvigfgiyflglaevvyqlsfvesfafgslisavdpvatvaifhalnvdpilnmlvfgesilndaiaivlttavlesnnplmstgeaiilgienfclmffasagigvifalvsalllkhvdlrknpslefgmmlvftyapyvlaegihlsgimailfcgivmshythfnlstvtqitmqqtlrtlafiaetcvfaylglalfsfkhrvepafivwslilcligracnifplailvnrfrehqitkkmmfimwfsglrgaisyalslhlnfsdetrhviitttliivlfttlifggstmpllkfmqatknpakrqkkrkrdrevtlsktrewgqaldsehlsettegemevsfvsarikgfakydlkylipfftrrftqqvsvkearigliemmqikmclgetylqsflitaevlkylafgfyapsapkkpdskdskrpgwfkstftilsevltfyivavlfgapflskqhenltfaitmtvlvvlpcclymgtdksvvvllslispagndqlkpffrisqftclgawlgaivvpldwnkpyqelkdcksqmtdltnqwyqairispdqsdeetgcatgrssissivr,23537049,628732.0,8188.0,False,Dendroctonus ponderosae
0,ASM2367884v1,Scaffold,98.0,False,PRJNA647781,KAI4489548.1,780,mnmfvvtqykvlskcviflilqfgvicgeksfvtdisnlendklslanntilpvldntkiiinttqvsaitnadsindneskanvsknvdnevklstsnviettsksqsisanieqndknvttekintevtatsindkngsmitdypssqnpditngtntstttvtpaepvlpdkgsaeeehnssmsiffvlcvlalgillihlmlqtnfqylpesvvivflggaigmiinlmshqnianwrkeeafsptafflvllppiifesgynlhkgnffqnigsilvfaivgtmisafvigagiyllglaqvayklsfvesfafgslisavdpvatvaifhalevdpilnmlvfgesilndaisivlttsvlesnnatttseaiilginrfclmffasagigvvfalisalllkhvdlrknpslefgmmlvftyapyvlaegiqlsgimailfngivmshythfnlstvtqitmqqtmrtlafiaetcvfaylglalfsfrhrvepalvvwsiilcligraanifplallvnrfrehqitkkmmfimwfsglrgaisyalslhldfsdetrhviitttliivlittlifggstmpllkflraekkpknsrrkkkdkevslsktrewgqtidsehlselteeemevsflqsrihgfarwdlkffipfftrrftqqelkdcksqmtdltnqwyqairisplesdddvmtastaqlninisgesgnerwvknkkgrsshgsiliaenssasfemfsfavnnasvggggsgsgemtkngliqievciiv,False,1099611.0,8333.0,IlluminaHiSeq;,Mischocyttarus mexicanus
0,Acol1.0,Scaffold,129.0,False,PRJNA292624,KYM82292.1,752,mtfrsrfvlscswslvvgilllcgisrhvsygedttnlntsgivtenkitftvtnapvipnvttnvnispevsstaqsanstsyvvsynasstttkppslpsastaqpdnvasdqtterssatppssindknitdisvssqspdavnstnattttaapaepvlpdkgsaeeehnssmsiffvlcvlalgillihlmlqtnfqylpesvvivflgaaigmiinlmshqnianwrkeeafsptafflvllppiifesgynlhkgnffqnigsimvfaifgtaisafvigagiyllglakvayklsfvesfafgslisavdpvatvaifhaldvdpvlnmlvfgesilndaisivlttsvlesnnaattseaiilglnrfclmffasagigvvfalisalllkhvdlrknpslefgimlvftyapyvlaegiqlsgimailfngivmshythfnlstvtqitmqqtmrtlafiaetcvfaylglalfsfrhrfepalvvwsvilcligraanifplallvnrfrehqitrkmmfimwfsglrgaisyalslhldfsdetrhviitttliivlfttlifggstmpllkflraekkqknnsrrkkkdkevtlsktrewgqtidsehlselteeemevsflqsrirgfarwdlkffipfftrrftqeelkdcksqmtdltnqwyqairispiesddeattastaqlnlnitgtakeqprgkekngrprhgeqqcivqyaclksslatvmdsklisars,False,2037154.0,1550.0,False,Atta colombica
0,A622,Chromosome,118.0,False,PRJNA732117,KAJ0181768.1,777,mksrerrfkvdilkraksekeatksdvkglkgvnrsfkksptsrsadaaaaasarerkkrsgvdavklhlqvtggtgrssrsatsvrktsirmasikeypfdlsdlqnqpntggntqpaqaqiqptnpaapvtvpvtapittpatnvdgkrkvsimadesskdrenlpsekngrmsaqaegpsrrksnlhnamqadmdsswdrqghiegrfkkysttssvyskkalshqsehierswwyaccqkchqedsgipsweppnwqkvcpyplcpsyrqfaqtisviiigllvwlilwivmgdtaapggqlfslavltlaayfggwlmmkittlpaligmlimgivmknlgfvnfdpqfqkvssyirkialtiiltragldldpialkkffftviklalvpwtfecvlcavmsyfllglpwdwafllgsivaavspavivpclfrlrekgygvskgiptlvlavsgvddaasvaifgivssvmfsnssltmniiqgpmsifggiafgiicgylvkfiperndaflvplrvmlllagglmsvlgseeigwggagplavivfafvacknwaelgwelednpvatafeifwmfvepmlfaitgaqvviedlephlvligsgilgtcvilravltstcavrsnlnmrekifvglawmakatvqaalgpvaldevrkmvgadpilveyaesvltvcilsivitapigaivitltgprllsktskppvlegwrrshrpsirdisiideeevaegdaeaearpsppgtpvaptaystptpitvqpnhrt,34777464,24489473.0,49.0,OxfordNanoporePromethION;,Dendrolimus kikuchii
0,PGI_Spodlit_v1,Chromosome,100.0,False,PRJEB36692,CAB3515165.1,807,mktrdrrakqdfrgkqdkkgvkqevsrsgkrhansvgaaesaaaarertkrsgveavklhlqvtgdpgrtsrsatsvrktsirmtaikeypfdlsdlqnqpsvagdtrptqtqpaqtqpaptqptvaqpnppsikprvsvpslegkrkvsimadesskdrenlpsdrmshsslschydsylpsdssletdalnrhwngsvsakaegpsrrksnlhnamaadmdsswdrqthiegrfkkysttssvyskkalsqqseyierswwyaccqkchsedsgipsweppnwqkvcpyplcpsyrqfaqniavliigilvwvivwivmgetaapggqlfsfavltiaayfggwlmlkittlpaligmlivgiimknvglvnfdetyqhvasyirkialtiiltragldldpnamkkyfltviklalvpwtfecvlcavlayfllglpwnwafllssiiaavspavivpclfrlrekgygvskgiptlvlavsgvddaasvavfgivssimfssasltmnviqgplsviggivlgvlcgylvkfvperndaflvplrvilllagglmmvlgseeigwggagplaviafafvacknwtdlgwelednpvatafeifwmffepmlfavtgaqvviadlephlvligggilvtcavlraivtstcavrsnlnmkekifvglawmakatvqaalgpvaldevrkmaggepdpvmieyaetvitvcimsivitapigaivitltgpkllsrttkppvlegwrrshrpsirdisiideeevaerdaeaeaeysrpsspkarpavasstpapitvqpghnss,False,14828214.0,31.0,False,Spodoptera littoralis
0,PGI_SPEXI_v6,Chromosome,100.0,False,PRJEB36598,CAH0700695.1,773,mktrdrrakqdfrgkqdkkgvkqevsrsgkkhansigaaesaaaarertkrsgveavklhlqvtgdpgrtsrsatsvrktsirmtaikeypfdlsdlqnqpsvagdtrptqtqpaqtqpaatqpnppaikprvsvpslegkrkvsimadesskdrenlpsdrngsvsakaegpsrrksnlhnamaadmdsswdrqthiegrfkkysttssvyskkalsqqseyierswwyaccqkchsedsgipsweppnwqkvcpyplcpsyrqfaqniavliigilvwvivwivmgetaapggqlfsfavltiaayfggwlmlkittlpaligmlivgiimknaglvnfdetyqhvasyirkialtiiltragldldpnamkkyfltviklalvpwtfecilcavlayfllglpwnwafllssivaavspavivpclfrlrekgygvskgiptlvlavsgvddaasvavfgivssimfssasltmnviqgplsviggivlgilcgylvkfvperndaflvplrvilllagglmmvlgseeigwggagplaviafafvacknwtdlgwelednpvatafeifwmffepmlfavtgaqvviadlephlvligggilvlcavlraivtstcavrsnlnmkekifvglawmakatvqaalgpvaldevrkmaggepdpvmieyaetvitvcimsivitapigaivitltgpkllsrttkppvlegwrrshrpsirdisiideeevaerdaeaeaehsrpsspkarpavasstpapitvqpghnss,False,15192570.0,35.0,False,Spodoptera exigua
0,ASM1567961v1,Contig,51.0,False,PRJNA641931,KAF9414715.1,566,mvaliqngsvsakaegpsrrksnlhnamaadmdsswdrqthiegrfkkysttssvyskkalsqqseyierswwyaccqkchsedsgipsweppnwqkvcpyplcpsyrqfaqniavliigilvwvivwivmgetaapggqlfsfavltiaayfggwlmlkittlpaligmlivgiimknaglvnfdetyqhvasyirkialtiiltragldldpnamkkyfltviklalvpwtfecilcavlayfllglpwnwafllssivaavspavivpclfrlrekgygvskgiptlvlavsgvddaasvavfgivssimfssasltmnviqgplsviggivlgilcgylvkfvperndaflvplrvilllagglmmvlgseeigwggagplaviafafvacknwtdlgwelednpvatafeifwmffepmlfavtgaqvviadlephlvligggilvlcavlraivtstcavrsnlnmkekifvglawmakatvqaalgpvaldevrkmaggepdpvmieyaetvitvcimsivitapigaivitltgpkllsrttkppvlegkiyytlyfv,False,989233.0,1078.0,OxfordNanoporeGridION;IlluminaHiSeq;,Spodoptera exigua
0,iArcPla.TrioW.curated.20190705,Scaffold,75.0,False,PRJEB36595,CAB3231150.1,770,mktrdrrvksvsqrktqdkkgtqeisrgskrdrttgtahsgdtqgksharakrsgveavklhlkatgdpgrtsrsataairikvrktsvrmtaikeypfdlsdlqnqpvagedkpsalqqitvptrkksklsvgsqdgkrkvsimadesskdrenlpsererngnvsakaegpsrrksnlhnvmagdmdnswdrqghiegrfkkysttssvyskkaisqqseyierswwyaccakchtedsgipsweppnwqkvcpfplcpsyrqfaqnisvliigilvwvtiwiimgdtaapggqlfmlsiltivayfggmllmklttlpaligmlfvgiimknigfvnfdedyqhvtsyirkialtiiltragldldpiamkkhfftvvklalvpwtfecllcavlaffflglpwdwafllssivaavspavivpclfrlrekgygvskgiptlvlavsgvddaasvavfgiilsimfstvsvtmniiqgplsiiggivlgvvcgylvkyiperndaflvplrvlliligglamvlgseeigwggsgplaviaysffacknwtelgwelednpvatafevfwmffepmlfavtgaqvvivelephlvlvgggilvacvvlraivtsacavrsnlnmkekvfvglswmakatvqaalgpvaldevrkmagiepdpvlvgyaetvltvcimsivitapigaiiitlmgpkllsrttkppvlegwrrshrpsirdisiideeevaerdaeaeaqtsvpgspatpaaystpapitvqpanhs,False,6730127.0,1071.0,False,Arctia plantaginis
0,SP_BI_364.v2_0,Chromosome,69.0,False,PRJEB49202,CAH0726637.1,644,mshsslschydsylpsdssletdaltnrhwngrvsaqaegpsrrksnlhnalaaemdtswerpthiegrykkysttssiyskkalshqsehierswwyaccqkchaedtgipswepphwqkicpyplcpsyrrfaqnlsilligimiwvivwiilgdtaapggqlfmfavltiaahfggwlmvkvttlpaligmlivgiimknigfvnfdsdyqhvasyvrkialtiiltragldldpgamkkffftvlklalvpwtfecvlcavmsnlllglpwdwaflmgsifaavspavivpclfrlrekgygvskgiptlvlavsgiddaasvavfgivssimfsnsslttniiqgpvsiiggiafgvfcgylvkyipekndaflvpirvllllagglmsvlgseeigwggggplaviafafvackewveqgwelednpvatafeifwmffepmlfavtgaqiviadlpphlvlvsagiimtciilralltsvsavrsnlnmkekifvgfawmakatvqaalapvaldevrkmagddeskiellnyaemvftvcimsivitapigaivititgprllskttkppvlegwrrshrpsirdisiideediaerdaeaeagtqhsppvspiptavpnaistpnpitvqpnsrt,False,29515433.0,36.0,False,Brenthis ino
0,iArcPla.TrioW.curated.20190705,Scaffold,75.0,False,PRJEB36595,CAB3231151.1,637,mshsslschydsylpsdssletdalnrhwngnvsakaegpsrrksnlhnvmagdmdnswdrqghiegrfkkysttssvyskkaisqqseyierswwyaccakchtedsgipsweppnwqkvcpfplcpsyrqfaqnisvliigilvwvtiwiimgdtaapggqlfmlsiltivayfggmllmklttlpaligmlfvgiimknigfvnfdedyqhvtsyirkialtiiltragldldpiamkkhfftvvklalvpwtfecllcavlaffflglpwdwafllssivaavspavivpclfrlrekgygvskgiptlvlavsgvddaasvavfgiilsimfstvsvtmniiqgplsiiggivlgvvcgylvkyiperndaflvplrvlliligglamvlgseeigwggsgplaviaysffacknwtelgwelednpvatafevfwmffepmlfavtgaqvvivelephlvlvgggilvacvvlraivtsacavrsnlnmkekvfvglswmakatvqaalgpvaldevrkmagiepdpvlvgyaetvltvcimsivitapigaiiitlmgpkllsrttkppvlegwrrshrpsirdisiideeevaerdaeaeaqtsvpgspatpaaystpapitvqpanhs,False,6730127.0,1071.0,False,Arctia plantaginis
0,Harm_1.0,Scaffold,267.0,False,PRJNA378437,PZC78836.1,769,mktrdrrakqdfrgkqdkkgvkqdisharsgkrhahssssaesaaaarertkrsgveavklhlkvtgdpgrtsrsatsvrktsirmtaikeypfdlsdlqnqpsvvsesrpapapapnppasaikqrvsvpslegkrkvsimadesskdrenmpsdrdrngsvsakaegpsrrksnlhnamaadmdtswdrqahiegrfkkysttssvyskkalsqqseyverswwfaccqkchsedagipsweppnwqkvcpfplcpsyrqfaqnvavliigllvwmtlwivmgdtvapggqlfsfavltivayfggwlmqkittlpaligmlimgivmknvglvnfddtfqtvasyirkialtiiltragldldpsamkkyfltviklalvpwtfecilcailayfflglpwnwafllssiiaavspavivpclfrlrakgygvskgiptlvlavsgvddaasvavfgtivsimfsnasltmniiqgplsvvggivlgvlcgylvkfvperndaflvplrvlmllmgglmmvmgseeigwagagplaviafafvacknwtemgwelednpvatafevfwmffepmlfavtgaqvviaeleprlvmigggilitcvilrsivtsvcavrsnlnmrekifvglawmakatvqaalgpvaldqvrymlvdgkpdplmiqyaetvvtvcilsivitapigaivitltgpkllsrttkppvlegwrqthrpsirdisiideeevaerdaeaegsrpgsprprtaassppapitvqpphnppq,28756777,1000414.0,998.0,False,Helicoverpa armigera
0,IP_504.v2_0,Chromosome,56.0,False,PRJEB51340,CAH2066547.1,804,mktrdhrlsnlsqrgnrspkldkkgtkhegrrtrnsqvpgsppgarrerskrsgveavklhlqetggtgrtsrsatshkalrksqrvsgypvflvhsslrfkrksarvvpqtnvtnslvnltvrktsirmaaikeypfdlsdlqnkqncgdetsqtpdrsnqnqsklnsdsvpaqgtpeegkrkvsimanenskdrenqpsernarvsaqaegpsrrksnlhnamaaemdsswdrpahiegrykkysttssiyskkaqshqsehierswwyaccqkchqeesgvpsweppywqkicpyplcpsyrhvaqtlsvfligvlvwviiwivmgntaapggqlftlavltiaayfggwimvkvttlpaligmlivgivmknigfvnfdenylhvcsyiragldldpvalkkyfltviklalipwtfecvlcavmanlllglpwdwafllgsiiaavspavivpclfrlrgkgygvskgiptlvlavsgvddaasvavfgivssimfanssvtmniiqgpmsviggiafgvfcgylvkyiperndaflvplrvllllagglmsvlgseeigwggagplaviafgfiacknwaeqgwelednpvatafeifwmffepmlfsvtgaqvviaeldshlvlvgggilitcvvlramltsasavrsnlnmkekvfvglawmakatvqaalgpvaldevrkmsgddeskaelikyaeivvtvcimsivvtaplgamvitvtgprllskttkppvlegwrrshrpsirdisiideeevaereceadsspevspaapnayntstpapvpvtvqpnhrt,False,15090856.0,260.0,False,Iphiclides podalirius
0,IP_504.v2_0,Chromosome,56.0,False,PRJEB51340,CAH2066549.1,706,mignswptpllksvftsltvkrlvvrktsirmaaikeypfdlsdlqnkqncgdetsqtpdrsnqnqsklnsdsvpaqgtpeegkrkvsimanenskdrenqpsernarvsaqaegpsrrksnlhnamaaemdsswdrpahiegrykkysttssiyskkaqshqsehierswwyaccqkchqeesgvpsweppywqkicpyplcpsyrhvaqtlsvfligvlvwviiwivmgntaapggqlftlavltiaayfggwimvkvttlpaligmlivgivmknigfvnfdenylhvcsyiragldldpvalkkyfltviklalipwtfecvlcavmanlllglpwdwafllgsiiaavspavivpclfrlrgkgygvskgiptlvlavsgvddaasvavfgivssimfanssvtmniiqgpmsviggiafgvfcgylvkyiperndaflvplrvllllagglmsvlgseeigwggagplaviafgfiacknwaeqgwelednpvatafeifwmffepmlfsvtgaqvviaeldshlvlvgggilitcvvlramltsasavrsnlnmkekvfvglawmakatvqaalgpvaldevrkmsgddeskaelikyaeivvtvcimsivvtaplgamvitvtgprllskttkppvlegwrrshrpsirdisiideeevaereceadsspevspaapnayntstpapvpvtvqpnhrt,False,15090856.0,260.0,False,Iphiclides podalirius
0,IP_504.v2_0,Chromosome,56.0,False,PRJEB51340,CAH2066551.1,630,mshsslschydsylpsdssletdalnrhwnarvsaqaegpsrrksnlhnamaaemdsswdrpahiegrykkysttssiyskkaqshqsehierswwyaccqkchqeesgvpsweppywqkicpyplcpsyrhvaqtlsvfligvlvwviiwivmgntaapggqlftlavltiaayfggwimvkvttlpaligmlivgivmknigfvnfdenylhvcsyiragldldpvalkkyfltviklalipwtfecvlcavmanlllglpwdwafllgsiiaavspavivpclfrlrgkgygvskgiptlvlavsgvddaasvavfgivssimfanssvtmniiqgpmsviggiafgvfcgylvkyiperndaflvplrvllllagglmsvlgseeigwggagplaviafgfiacknwaeqgwelednpvatafeifwmffepmlfsvtgaqvviaeldshlvlvgggilitcvvlramltsasavrsnlnmkekvfvglawmakatvqaalgpvaldevrkmsgddeskaelikyaeivvtvcimsivvtaplgamvitvtgprllskttkppvlegwrrshrpsirdisiideeevaereceadsspevspaapnayntstpapvpvtvqpnhrt,False,15090856.0,260.0,False,Iphiclides podalirius
0,EGII-3.2.1,Scaffold,100.0,False,PRJEB36344,CAD6994394.1,559,wrilvkhwpfisqplalaavfialwvlgyvllpdyalpntpimrifflfvgaqltgvlvtfialpdmlgmlffgvlytnvgladftgynkfeaflremalinimllaglgldasafkklwfmilrltlvptiaevtiiamiarftldmpwfwgillglvvtavspnvvvtvmlklkeerlglnsgihtliyamtscndvvaiflfgvilsvifstdksltqqilqgpigigigivfgyvyglmltilpstktaylnglrfvltvlggtisvmgsrtigypsagalgcmtiaffagigwkgqqqhltpqqlqrqlenenssvparldllwkflkpvsfsligkeinfdvldgrvvgygallvllgslfrlafaylstyggnltrkerayitisgfpkatvqaalgplaldmarslkgvdeqsinlasnvliisvlaiiftaplgavlmlrlaplwlqrsdvhgegngnsnsrdcdvnefvssksnntdspddtlkiskkiaqslsqagsktqnngssnslkgavdvytvdgdgdgngdagqvsrtqspwakederkasrh,False,77384262.0,71.0,False,Ceratitis capitata
0,ASM2521726v1,Scaffold,124.0,False,PRJNA419080,KAI8130912.1,799,mtfdiatpvvtslddtnekelnrqkaynsprstttkpkceihkdknnddeyskaqqpsqitlqqiknekqqredttktagvnkkihqddgddddddevseealepnenehllggqeqqqamensatvpalvnfnetlstatsderrakykryredeeadnpnkysanplgssqsfitstkiiaedidlkthcklelhkfpkemtqsqnnineqngssiiltptlltpttdgqhvftniggsaagaegggrevaaatfhddvykgpkiwqylvrnypvtsqplailiifivlwllgyvlmpeyaipstaimrlillivgaqiagilvtfiklpdmlgmlffgvlytnvgladfsgyqkleaflremalinimllagfgldanafkklwfmilrltliptiaevaiitvlahfllnmswlwgillglvitavspnvvvtvmlklkeerlglnngihtliyamttcndvvaiflfgvfcgvifstgtlteqilqgpigigigivfgyvyglmlqylpsrnaiyvnglrfvltvlggtiavmgsktigypsagalgcvtvafiasigwkrqekkltpqqlqtyenanvgkrldlmwkflkpvsfaligkeinfavldvkvvgygvllvvlgsvfrlafaylstyggnltikergyitissfpkatvqaalgpialdmarslntdadtlslasnvliisvlaiiftaplgailmlrlapiwlkrsatnddimaednrggnvnmtveyensrqdnpnnlefagndnldrnqkaqtdklvnmnkfvgfivlrlnnnfikclhfkil,33246493,6922854.0,560.0,DovetailChicago;,Lucilia cuprina
0,Yale_Gfus_2,Scaffold,56.0,False,PRJNA596165,KAI9577037.1,558,memlpptdnnnelngpitltpisltttnadnsltrfgsegrprenekyddhqykgpkiwlylvrnwpimseplaiififlslwtigyilmptyalphtvvmriiflfigaqtigvlftfiqlpdmlgmlffgvlyanlgwanfkdyekfeaflremalinimllaglglnanafkklwfmilrltliptvaevaiiailgrfllsmpwlwgvclgliitavspnvvvtvmlklkeerlglndgihtliyamtacndilaiflfgvmigiifskghlseqllqgpigigiglvygslfglmlqfvpsrnatyanglrfvltvlggtisvmgskaidytsagalgcvtlafiagigwrrqqlkltveerhanenstvakrldllwkflkpvsfaligkeinfavlnakvvsygallvllgslsrlvfayvstygghltkkerayitisgfpkatvqaalgpialdlarslnasadklllasnvliisvlaiiftaplgailmlrlaprwlkhtplegshpyafdnpaqysvedntidtvceqchrvepissqkrrnslnv,False,9601783.0,7986.0,IlluminaNovaSeq;,Glossina fuscipes
0,HarSal_1.0,Scaffold,100.0,False,PRJNA50203,EFN88906.1,730,mtvsqthfilscrwnfiivilvlcdvsrhvsyceeainlkstkvtenvtsavtdkpsvlnrtllpelsstaraannnannisnnignynvsssttlkppatsastthyenvadqtsekistspssvndknvttmsdsipvspqtpdatnttntstttvapaepvlpdkgsaeeehnssmsiffvlcvlalgillihlmlhmnfqylpesvvivvlgaligmiinlmshqnianwrkeeafsptafflvllppiifesgynlhkgnffqnigsimvfaifgtaisafvigagiyllglaqvayklsfvesfafgslisavdpvatvaifhaldvdpvlnmlvfgesilndaisivlttsvlesnnatttseaiilglnrfclmffasagigvvfalisalllkhvdlrknpslefgimlvftyapyvlaegiqlsgimailfngivmshythfnlstvtqitmqqtmrtlafiaetcvfaylglaifsfrhrvepalvvwslilcllgraanifplallvnrfrehqitkkmmfimwfsglrgaisyalslhlnfsdetrhviitttliivlfttlifggstmpllkflraekkqknsrrkkkdkevslsktrewgqtidsehlselteeemevsflqsrirgfarwdlkffipfftrrftqqelkdcksqmtdltnqwyqairispmdsddeattastaqlslnvcgtareqtngkektsrpshgsilsi,20798317,601965.0,8893.0,False,Harpegnathos saltator
0,Tsep1.0,Scaffold,102.0,False,PRJNA292625,KYN40946.1,729,mtfrprfvllcrwslivgilllcdisqhvsygenttnlntsgivtenkitftvtntpiipnvttnvnvspevsstarsvnstsyvvsynasstttktppspsastaqpdnvasdqtterssatpsspindrnttdipvssqnpdavnstnattttaapaepvlpdkgsaeeehnssmsiffvlcvlalgillihlmlqtnfqylpesvvivflgaaigmiinlmshqnianwrkeeafsptafflvllppiifesgynlhkgnffqnigsimvfaifgtaisafvigagiyllglakvayklsfvesfafgslisavdpvatvaifhaldvdpvlnmlvfgesilndaisivlttsvlesnnaattseaiilglnrfclmffasagigvvfalisalllkhvdlrknpslefgimlvftyapyvlaegiqlsgimailfngivmshythfnlstvtqitmqqtmrtlafiaetcvfaylglalfsfrhrfepalvvwsvilcligraanifplallvnrfrehqitrkmmfimwfsglrgaisyalslhldfsdetrhviitttliivlfttlifggstmpllkflraekkqksnsrrkkkdkevtlsktrewgqtidsehlselteeemevsflqsrirgfarwdlkffipfftrrftqqelkdcksqmtdltnqwyqairispiesddeattastaqlnlnitgtakeqprgkekngrprhgsilsi,False,2520094.0,5836.0,False,Trachymyrmex septentrionalis
0,CerBir1.0,Scaffold,123.0,False,PRJNA230364,EZA51996.1,721,mamfqalsckwslvvgilllcdishaeeavnlkteavnkstpvgtdspnalnvtrsisilpelsstaqpanstndtvrsnvsstttkpsvttlsplqpdnvannqtterigtvspgptndknatdilvsspapdianvtntstttvapaepvlpdkgsaeeehnssmsiffvlcvlalgillihlmlqtnfqylpesvvivflgaaigmiinlmshqnianwrkeeafsptafflvllppiifesgynlhkgnffqnigsilvfaifgtaisafvigagiyllglaqvayklsfvesfafgslisavdpvatvaifhaldvdpvlnmlvfgesilndaisivlttsvlesnnatttseaiilglnrfclmffasagigvvfalisalllkhvdlrknpslefgimlvftyapyvlaegiqlsgimailfngivmshythfnlstvtqitmqqtmrtlafiaetcvfaylglalfsfrhrfepalvvwslilcligraanifplallvnrfrehqitkkmmfimwfsglrgaisyalslhldfsdetrhviitttliivlfttlifggstmpllkflraekkqknssgrrkkkdkevtlsktrewgqtidsehlselteeemevsflqsrirgfarwdlkffipfftrrftqqelkdcksqmtdltnqwyqairisplesddeatttastaqlnlnvtgtskdlpngkekngrprhgsilsi,24508170,1350650.0,4579.0,False,Ooceraea biroi
0,Aech_3.9,Scaffold,107.0,False,PRJNA62733,EGI59762.1,714,mtfrprfvlscrwslvvgilllcgvsrhvsygedttnlntsgivtenkitfavtnapvipnvttnvnispevssttrfanstsyvvshnvsstttkpppsssastvqpdnvasdqtterssatppspindrntsdipvssqspdavnstntttttaapaepvlpdkgsaeeehnssmsiffvlcvlalgillihlmlqtnfqylpesvvivflgaaigmiinlmshqnianwrkeeafsptafflvllppiifesgynlhkgnffqnigsimvfaifgtaisafvigagiyllglakvayklsfvesfafgslisavdpvatvaifhaldvdpvlnmlvfgesilndaisivlttsvlesnnaattseaiilglnrfclmffasagigvvfalisalllkhvdlrknpslefgimlvftyapyvlaegiqlsgimailfngivmshythfnlstvtqitmqqtmrtlafiaetcvfaylglalfsfrhrvlaanifplallvnrfrehqitrkmmfimwfsglrgaisyalslhldfsdetrhviitttliivlfttlifggstmpllkflraekkqksnsrrkkkdkevtlsktrewgqtidsehlselteeemevsflqsrirgfarwdlkffipfftrrftqqelkdcksqmtdltnqwyqairispiesddeattastaqlnlnitgtakeqprgkekngrprhgsilsi,False,1110580.0,4339.0,False,Acromyrmex echinatior
0,Obir_v5.4,Chromosome,100.0,False,PRJNA420369,RLU23064.1,723,mamfqalsckwslvvgilllcdishaeeavnlkteavnkstpvgtdspnalnvtrsisilpelsstaqpanstndtvrsnvsstttkpsvttlsplqpdnvannqtterigtvspgptndknatdilvsspapdianvtntstttvapaepvlpdkgsaeeehnssmsiffvlcvlalgillihlmlqtnfqylpesvvivflgaaigmiinlmshqnianwrkeeafsptafflvllppiifesgynlhkgnffqnigsilvfaifgtaisafvigagiyllglaqvayklsfvesfafgslisavdpvatvaifhaldvdpvlnmlvfgesilndaisivlttsvlesnnatttseaiilglnrfclmffasagigvvfalisalllkhvdlrknpslefgimlvftyapyvlaegiqlsgimailfngivmshythfnlstvtqitmqqtmrtlafiaetcvfaylglalfsfrhrfepalvvwslilcligraanifplallvnrfrehqitkkmmfimwfsglrgaisyalslhldfsdetrhviitttliivlfttlifggstmpllkflraekkqknssgrrkkkdkevtlsktrewgqtidsehlselteeemevsflqsrirgfarwdlkffipfftrrftqqelkdcksqmtdltnqwyqairisplesddeatttastaqlnlnvtgtskdlpngkekngrprhgteedwsd,30249741,16888278.0,139.0,PacBio;OxfordNanopore;IlluminaNextSeq;,Ooceraea biroi
0,Tzet1.0,Scaffold,82.0,False,PRJNA292628,KYQ49582.1,700,sygedttnlntsgivtenkttstvtnapvilnvttnvnvspevsstarpanntsyivshnasstttkqppspsastaqpdsvasdqtternsatspsptndrnttdisvssqspdavnstnattttvapaepvlpdkgsaeeehnssmsiffvlcvlalgillihlmlqtnfqylpesvvivflgaaigmiinlmshqnianwrkeeafsptafflvllppiifesgynlhkgnffqnigsimvfaifgtaisafvigagiyllglakvayklsfvesfafgslisavdpvatvaifhaldvdpvlnmlvfgesilndaisivlttsvlesnnaattseaiilglnrfclmffasagigvvfalisalllkhvdlrknpslefgimlvftyapyvlaegiqlsgimailfngivmshythfnlstvtqitmqqtmrtlafiaetcvfaylglalfsfrhrfepalvvwsvilcligraanifplallvnrfrehqitrkmmfimwfsglrgaisyalslhldfsdetrhviitttliiilfttlifggstmpllkflraekkqksnsrrkkkdkevtlsktrewgqaidsehlselteeemevsflqsrirgfarwdlkffipfftrrftqqelkdcksqmtdltnqwyqairispiesddeattastaqlnlnitgttkeqprgkekngrprhgsilsi,False,1333945.0,4623.0,False,Trachymyrmex zeteki
0,Frieseomelitta,Scaffold,92.0,False,PRJNA528016,KAF3422851.1,719,mrfysisnkllpksfviyiiifgfdvwtivsnaqevsnltlngknnvsrdstptnlntnvsielhtfensdnnnlklnttaasiintsqnvsttsirpdrdnqttekintvststvndktgnnmsdftissqspdisnttntstttvvpaepvlpdkgsaeeehnssmsiffvlcvlalgillihlmlqtnfqylpesvvivflggaigmiinlmsnqnianwrkeeafsptafflvllppiifesgynlhkgnffqnigsilvfaifgtaisafvigagiyllglaqvayklsfvesfafgslisavdpvatvaifhalevdpvlnmlvfgesilndaisivlttsvlesnnatttseaiilglnrfclmffasagigvvfalisalllkhvdlrknpslefglmlvftyapyvlaegiqlsgimailfngivmshythfnlstvtqitmqqtmrtlafiaetcvfaylglalfsfrhrvepaliiwsiilcligraanifplaflvnrfrehqitrkmmfimwfsglrgaisyalslhldfsdetrhviitttliivlfttlifggstmpllkflraekkqknnsrrkrkdkevslsktrewgqtidsehlselteeeievsflqsrirgfarwdlkffipfftrrftqqelkdcksqmtdltnqwyqairispmesddevtastaqlninlsvenqsqihgkqskrrpshgsilsi,False,467007.0,2173.0,IlluminaHiSeq;,Frieseomelitta varia
0,ASM1904944v1,Scaffold,157.0,False,PRJNA731354,KAG7188112.1,737,mhrlpnrfgagpftiilycftlcfalseqeifnlkssnvtldntpnaalnvqdyqttvnvpipknlttsfvnkstelnavtysttlistvqsegdlkdgsteksstvsagavndknatvmpdysmssqaldivnvtntstttvapaepvlpdkgsaeeehnssmsiffvlcvlalgillihlmlqtnfqylpesvvivflgaaigmiinlmshqnianwrkeeafsptafflvllppiifesgynlhkgnffqnigsilvfaifgtaisafvigagiyllglaqvayklsfvesfafgslisavdpvatvaifhaldvdpilnmlvfgesilndaisivlttsvlesnnatttseaiilglnrfclmffasagigvvfalisalllkhmdlrknpslefgimlvftyapyvlaegiqlsgimailfngivmshythfnlstvtqitmqqtmrtlafiaetcvfaylglalfsfrhrvepalivwsiilcligraanifplallvnrfrehqitkkmmfimwfsglrgaisyalslhldfsdetrhviitttliivlfttlifggstmpllklmraekkprnnrrkkkdkevslsktrewgqtidsehlselteeemevsflqsrirgfarwdlkffipfftrrftqqelkdcksqmtdltnqwyqairispiesddettnasstqlninvlgesrnpgcgsqkngrpshgsilnwmrnglndvlgflvklvalflhd,34166422,9128341.0,7342.0,IlluminaHiSeq;,Ampulex compressa
0,ASM1904944v1,Scaffold,157.0,False,PRJNA731354,KAG7188111.1,717,mhrlpnrfgagpftiilycftlcfalseqeifnlkssnvtldntpnaalnvqdyqttvnvpipknlttsfvnkstelnavtysttlistvqsegdlkdgsteksstvsagavndknatvmpdysmssqaldivnvtntstttvapaepvlpdkgsaeeehnssmsiffvlcvlalgillihlmlqtnfqylpesvvivflgaaigmiinlmshqnianwrkeeafsptafflvllppiifesgynlhkgnffqnigsilvfaifgtaisafvigagiyllglaqvayklsfvesfafgslisavdpvatvaifhaldvdpilnmlvfgesilndaisivlttsvlesnnatttseaiilglnrfclmffasagigvvfalisalllkhmdlrknpslefgimlvftyapyvlaegiqlsgimailfngivmshythfnlstvtqitmqqtmrtlafiaetcvfaylglalfsfrhrvepalivwsiilcligraanifplallvnrfrehqitkkmmfimwfsglrgaisyalslhldfsdetrhviitttliivlfttlifggstmpllklmraekkprnnrrkkkdkevslsktrewgqtidsehlselteeemevsflqsrirgfarwdlkffipfftrrftqqelkdcksqmtdltnqwyqairispiesddettnasstqlninvlgesrnpgcgsqkngrpshgldeewse,34166422,9128341.0,7342.0,IlluminaHiSeq;,Ampulex compressa
0,ApisCC1.0,Scaffold,122.0,False,PRJNA239323,PBC31578.1,728,mwiikscaqensnlkyenvtlddknilkdsmstnlstdmliehtlnnsnnnnlklnitpnivnitqnvftttvrsdhdfnnqttekinilptnitnnkngnnildftipsqssdvnnitnistttiipaepilpdkgsaeeehnssmsiffvlcvlalgillihlmlqtnfqylpesvvivflggaigmiinlmsnqnianwrkeeafsptafflvllppiifesgynlhkgnffqnigsilvfaifgtaisafvigagiyllglaqvayklsfvesfafgslisavdpvatvaifhalevdpvlnmlvfgesilndaisivlttsvlesnnatttseaiilglnrfclmffasagigvvfalisalllkhvdlrknpslefglmlvftyapyvlaegiqlsgimailfngivmshythfnlstvtqitmqqtmrtlafiaetcvfaylglalfsfrhrvepaliiwsiilcligraanifplaflvnrfrehqitrkmmfimwfsglrgaisyalslhldfsdetrhviitttliivlfttlifggstmpllkflraekkqknnsrrkrkdkevslsktrewgqtidsehlselteeeievsflqsrirgfarwdlkffipfftrrftqqelkdcksqmtdltnqwyqairispmesddevtnastaqlninlsvenqnqihgkqskrrpshgsilinslqllysnknlvkiiafkhllcyikaycw,False,1393515.0,879.0,False,Apis cerana cerana
0,ASM1336807v1,Contig,74.0,False,PRJNA556754,KAF5289025.1,630,msaddnkqssphpernrkasslsdcghdnpvfesprsrkvsstsdhaeigpvrkksilhitqnynvdlphpslqevtkhingdtrskklsvsdsmqerrklssvqqndnrswwftfcikcrkkdsnpswepplwprlcpypfcptyrqfsriigiafigmflwgvtysivgetaapggqlfqlfllticahfggwlislttlpaligmlftgllfqnvgfinfddsfkivtkelrkialviiltragldldphalkklkitvpklglapwlveavitavlshyflnlpwdwclllgtiiaavspavvvpclcrlrgkgygvakgiptliiavagiddaasvagygiiqsimfshesltnqilqgpicllggigfgviwgaisnyipekhdpfvvplrilmllsggliavfgseligyegagplgcvaaafvslcfwtkqgwevednpantafeifwmifepilfgitgaqikfselkvevvtiglgilvagcliricatvlvgigsklnlkekifvalswmakatvqaalgplalvvvgdkepereyaekilmicvlsimltaptgaiiitlsgprlltklktpahipegwkrshrpsiydisiideedeykrddstenessgksnrqdp,False,3509824.0,2684.0,PacBioRSII;,Lamprigera yunnana
0,tlon_1.0,Scaffold,85.0,False,PRJNA449506,TGZ49087.1,617,mdiemgssrtnkpseelakrrvsisdqvmgidnpafehnrrisassehnsdqgrrksilhhggsaenipqykfdlengringnrkksayslsssirdkieyseelerswlylfcarchgrddtpsweppgwrracpqpfcptyrkfarvlclfllglllwgvvysvigndaapggqlfglaalciaahfggwlislttlpaligmlitglilqnvglvkiegqytvvvsnlrkialviiltragldldptalkrlkvtvpklglipwvveatvvatltkylldlpwvwgfllgsviaavspavvvpclfrlrskgygvakgiptliiavagiddaasvavfgivksvmfshdalwyqilqgpiaiigglgfgimwgwlakyvpekgdpfmvplrvlmllgggllavfgseaielggagplavvaaafvscyfwqqegwdvddnpvatsfeifwmifepilfgvtgtqikinelegktvxlglgclvagivirigatvlvgigsklnlkekvfialswmakatvqaalgpvtldevdkndqqqveyaetvlmmcvlsvlltapagaiiislsgpklltkttapvtppeawktrrpsmrdisiinedpdleetanerkp,30967075,514432.0,3987.0,IlluminaHiSeq;,Temnothorax longispinosus
0,Ebur_v1.0,Scaffold,250.0,False,PRJNA632625,KAH0956584.1,620,meidmggrtnrpseelakrrvsisdqimgldnpafehhrrisassehnsdqgrrksilhhggshcdsaenipqykfdlengringnrkksayslsssirdkieyseelerswlylfcarchgrddtpsweppgwrracpqpfcptyrkfarvlclfllglllwgivysvigddaapggqlfglaalciaahfggwlislttlpaligmlitglilqniglvtiegqyntvianlrkialviiltragldldptalkrlkvtvpklglipwvveatvvaaltnylldlpwiwgfllgsiiaavspavvvpclfrlrakgygvakgiptliiavagiddaasvaiygivksvmfsqdalwyqilqgpiaivgglgfgimwgwlakyvpekgdpfivplrvlmllgggllavfgseaielggagplavvaaafvscyfwqqegwevddnpvatafeifwmifepilfgvtgtqirikelegktvylglgcllagivirisatvlvsigsklnlkekvfialswmskatvqaalgpvtldevdkndekqfeyaqtvlmmcvlsvlltapsgaiiislsgpklltkttapvgppeiwktrrpsirdisiinedpdleetandrkp,34582590,2464435.0,449.0,IlluminaHiSeq;IlluminaMiSeq;,Eciton burchellii
0,MPM_Cglom_v2.3,Chromosome,130.0,False,PRJNA715233,KAH0554196.1,613,mdnigqnlrsfedttrsrrvsisdqvigidnpifdhhrqisvssdhnsdcqkkksilhhssvenlqhkldldnghtnnqirkksamslsssirdkieyteelkrswlylfctrchgkddtpsweppgwrracprpfcpsfrkfarilclvllglmiwgvtysvigadaapggplfglatlaiaahfggwlfslttlpaligmlltgfvmqntglvyiegrysevianlrkvalviiliragldldpnalkrqkitlpkiglipwtveatlvavttrylldlpwiwtfligsivaavspavvvpclfrlrrkgygvakgiptliiaiagiddaasvaifgiiksvlfshdslwyqilqgpisiigglgfgilwgylskyvpekgdpykiplrvlmllfgglisvfgseaielggagplavvaaafvscyfwqeegwdvednpvaiafeifwmifepilfgitgtqikidelegetiylsvgclliaiilrivvtfvvsfkskvnnkekifialacmakatvqaalgpvaldfvkkddieqkryaettltfcilsilltaptgaiiislagpklltktttpaepqegwrsrkpsirdisiinedpdleensvnnh,34043785,27756834.0,3354.0,OxfordNanoporeMinION;IlluminaHiSeq;Hi-C;,Cotesia glomerata
0,CerBir1.0,Scaffold,123.0,False,PRJNA230364,EZA57806.1,621,meidmsgrtnrpseemakrrvsisdqimgidnpafehhrrisassehnsdqgrrksilhhgggshcdsaenipqykfdlengringnrkksayslsssirdkieyseelerswlylfcarchgrddtpsweppgwrracpqpfcptyrkfarvlclfllglllwgvvysvigddaapggqlfglaalciaahfggwlislttlpaligmlitglilqniglvsiegqytvvvanlrkialviiltragldldptalkrlkvtvpklglipwvveatviavttkylldlpwvwgfllgsiiaavspavvvpclfrlrakgygvakgiptliiavagiddaasvaiygiiksvmfshdalwyqilqgpiaivgglgfgimwgwlakyvpekgdpfivplrvlmllgggllavfgseaielggagplavvaaafvscyfwqqegwevddnpvatsfeifwmifepilfgvtgtqirinelegktvylglgcllagivirisatvlvsigsklnlkekvfialswmskatvqaalgpvtldevdkndekqleyaqtvlmmcvlsvlltapsgaivislsgpklltkttapvgppevwktrrpsirdisiinedpdleetandrkp,24508170,1350650.0,4579.0,False,Ooceraea biroi
0,ASM1904944v1,Scaffold,157.0,False,PRJNA731354,KAG7201324.1,620,mdvdmpgrtnkpseelakrrvsiseqvlgvdnpafdhhrrisassehnsdqgrrksilhhggsncgsaenipqykfdlengringnrkksafslsssirdkieyseelerswlylfcarchgrddtpsweppgwrracpqpfcptyrkfarvlclfllglmlwgivysiigedaapggplfglaalciaahfggwlfslttlpaligmlitgiilqnvglvsiegrynivvanlrkialviiltragldldpnalkrlkvtvpklglipwvieatvvaaltryllglpwiwgfllgsviaavspavvvpclfrlrekgygvakgiptliiavagiddaasvaiygivksvmfshdalwyqilqgpiaivgglgfgvlwgwlakyvpekgdpfmvplrvlmllgggllavfgseaielggagplavvaaafvscyfwqkegwevddnpvatsfeifwmifepilfgvtgtqikidmlegktvylalsclvagiviriaatilvgigsklnlkekvfialswmakatvqaalgpttldevnaddpvqvayaetvlticvlsilltapagailislsgpklltkttapvvppegwrtrrpsirdisiinedpdleetanerkp,34166422,9128341.0,7342.0,IlluminaHiSeq;,Ampulex compressa
0,Cotesia_congregata_Chromosomal_scale_assembly,Scaffold,157.0,False,PRJEB43234,CAG5095999.1,618,mdnigqnlrsfedttrsrrvsisdqvigidnpifdhhrrisassdhnpdcqkkksilhhssvenlqhkldldnghtnnqirkksamslsssirdkieyteelkspcfsrswlylfctrchgkddtpsweppgwrracprpfcpsyrkfarvlclillglmiwgvtysvigadaapggplfglatlaiaahfggwlfslttlpaligmlltgfvmqntglvyiegrysevianlrkvalviiliragldldpnalkrqkitlpkiglipwtveatlvavttrylldlpwiwtfligsivaavspavvvpclfrlrrkgygvakgiptliiaiagiddaasvaifgivksvlfshdslwyqilqgpisiigglgfgilwgylskyvpekgdpykiplrvlmllfgglisvfgseaielggagplavvaaafvscyfwqeegwdvednpvaiafeifwmifepilfgitgtqikidelegetiylsvgclliaitlrivvtfvvsfkskvnnkekifialacmakatvqaalgpvaldfvkkddieqkryaettltfcilsilltaptgaiiislagpklltktttpaepqegwrsrkpsirdisiinedpdleensvnnh,False,20027981.0,1978.0,False,Cotesia congregata
0,Aech_3.9,Scaffold,107.0,False,PRJNA62733,EGI63990.1,620,mdiemsgrtnkpseelakrrvsisdqvigldnlafehhrrisagsehnsdqgrrksilhhggshcdsvenipqykfdlengringnrkksayslsssirdkieyseelkrswlylfcarchglddtpsweppgwrkacpqpfcptyrkfarivclfllglllwgviysiigndaapggqlfglaavciaayfggwlfslttlpaligmlitglilqnvglvkiegqytlvvsnlrkislviilvkagldldpvalkklkvtvpklglipwvvetivvavltkylldlpwvwgfllgsviaavspavvvsclfrlrakgygvakgiptliiaisgiddavsvavfsivksvmfshdalwyqilqgpisiigglgfgvvwgwlakyvpekgdpfivplrvlmllgggllavfgseaielggagplavvaaafvscyfwrqdgwdmddnpvatsfeifwiifesilfgltgtqikiselegktvyialgcllvgivirigitivlgigsklnfkekmfialalmskatvqaalapvtldevdkndheqveyaeivlmmcvlsvlltapagaimitilgpklltkttvpvsppeawktrrpsirdisiinedpdleetanerkp,False,1110580.0,4339.0,False,Acromyrmex echinatior
0,Pv_5.2,Chromosome,375.0,False,PRJNA660906,KAG5673013.1,524,mlnnsyentendtnghqqnlnhnstvpvpsidlnmaleareveegqkiaafeatninhtnethhnsapkiwqylkrhwpvasqpialviifllswgiasslfpgqvyanstlmriiflfigaqasgylvsfaglpdmlgmigfgvlyknigvgyfdgyekleavlremalvnimllaglgldldalrrlfgiimrltliptiaevaiitvcvyyllnfpwlwgvllgfivtaispnvvvsillnlkeerlglnkgihtviiavtscndviaiflfgvvlgiafstgnlthqllqgpvgivmgcvfgalsglvvlkfpsdkskyanglrfttivlsgalsvmgskylgypsagalgcisasfvagtgwrrhkkrnaafatevesyldllwkflkpvsfsligkevdfkvldgnivlygmvaliagvvfrlvsgylsfcggnmnskekayitlsgfpkatvqaalgpvaldlaraqkvddatyslansvlvisvlaiistaplgallmtklapkwlkkgnsdenet,False,35209052.0,387.0,IlluminaHiSeq;PacBioRS;,Polypedilum vanderplanki
0,Pv_5.2,Chromosome,375.0,False,PRJNA660906,KAG5673012.1,518,mknlkntnghqqnlnhnstvpvpsidlnmaleareveegqkiaafeatninhtnethhnsapkiwqylkrhwpvasqpialviifllswgiasslfpgqvyanstlmriiflfigaqasgylvsfaglpdmlgmigfgvlyknigvgyfdgyekleavlremalvnimllaglgldldalrrlfgiimrltliptiaevaiitvcvyyllnfpwlwgvllgfivtaispnvvvsillnlkeerlglnkgihtviiavtscndviaiflfgvvlgiafstgnlthqllqgpvgivmgcvfgalsglvvlkfpsdkskyanglrfttivlsgalsvmgskylgypsagalgcisasfvagtgwrrhkkrnaafatevesyldllwkflkpvsfsligkevdfkvldgnivlygmvaliagvvfrlvsgylsfcggnmnskekayitlsgfpkatvqaalgpvaldlaraqkvddatyslansvlvisvlaiistaplgallmtklapkwlkkgnsdenet,False,35209052.0,387.0,IlluminaHiSeq;PacBioRS;,Polypedilum vanderplanki
0,Pv_5.2,Chromosome,375.0,False,PRJNA660906,KAG5681232.1,1045,mlafmkenmmlskkknlifmvlfnvlllncgyvqarpnatasfqgtgdnskiqsleppnlnlptgdassshinhedsalpsiqhdhhmiksvqhndehvahgehasevgghsvperypvttvdfarvelpfiigiwilfasiakigfhmtpkinkilpessllivvgiviglilytstklhvqpltpntfffymlppiildagyfmpnrlffdnigtillmavvgtiynvatiggalyfcgmtgifgvetplldtflfsslisavdpvavlavfeeihvneilyivvfgesllndavtvvlyhmfetynemgasniqladvvngalsflcvalggvaigviwgfltglvtrftdhvrviepifvfvmaylaylnaeifhwsgilaitfcgitmknyveanishkshttikyalkmlssssetiififlgvatvnnqhvwntwfvlltivfcsvfrvigvimlvaianrfrihklsnvdqfvmsygglrgaiafalvllidpnhvplaplfvttticviyftvflqgitikplvrilnvkraekrkptmneriherfidhmmagmedicgktgnytirdkfkrfdnrfirpylirdlkgaepkiietysklamkdaidymrrnpstigqmtgtesmsalfrnytsgalggspsfsnfesstrnldmqeldynpsrkdltdarihhllaeelkpyrrhrrlsysrhtvddrdlstqvnykmrmnihrmaqgdrkhhkrskrmnkdgskqnhvsfpefqqngsakqlandyinevlnekheedsrqaqsddweggltfiakssrengnaqdeskrysrdsegeanrvttptapesilpwkreddkedcgviqqtefpswannkeylaynspsatflggitkpkqknsviglfrreshgesdgggirdkrsgsiggqvvyeieptghssqfpvtashrrntrkgsllevsgdttipeeildatklpkrgggqpqqyiiakttpkntrsrnngsssqqtrgllshssdseisddggvkeklmkqqksklhfsvgsddeddeeeglrmkrs,False,35209052.0,387.0,IlluminaHiSeq;PacBioRS;,Polypedilum vanderplanki
0,Edan_2.0,Scaffold,207.0,False,PRJNA171755,KAF4525946.1,497,metlmkelntndcemsatdlelqapetktgetdkephagcmrrawevarpdvlcprpsrvqhavllliaplvlllsvvslvgppalppsgpifqmlllfvmaaavgqlvslvrlppllgmlltgillrnvgafymeggylqavsslrlcamvvilskaglglnaaalrklscavlrlalgpcgveaatsacaarlllgmpwlwaallgcilaavspavvvpallglkergygedkgistlviaassiddiaaisafgiflgiifaegsltrqilqgpleviigltyglcygfmliyvphakasmaaswrallvaaggvmavlgsqsigfdgagplgcitaafvaacgwraqdststapveetfsqlwllfqpvlfgligteiviseldrstvvlglcvllcgltlrivavglvtmggflslkeqlfvtiawlpkatvqaalapvaldiarqtgaseevielaeqvltvavlsilvtapigaigisvsgprllnasrp,False,599527.0,8161.0,IlluminaHiSeq;,Ephemera danica
0,CLODIP2,Scaffold,132.0,False,PRJEB34721,CAB3359964.1,444,mtlclaiaatlltfgalisllgnaavppdggifqlvmltfvalafgflaslcklppllgmliagimlknvgafnlegtyldavstlrklamvvilikaglgldplalkrlsctvlrlafcpclveavtvmcaanlllrmpwlwgillgcvlgavspavvvpsllglkeqgygedkgiatlviaasslddiaaislfgiflgliftdqggnltmlilqgpieifigiafglcygllivyvphreesnvkiwrillllgggilsvlgserigfggagplglivaafvassgwfsnpnnanitktvegffstawvifqpilfgligteikfseletstlllglavlffglclrvatvwiitvngilslkerlfvsiawfpkatvqallapialdlaretnapeemihlgeqvltiavlsilvtapigavaikfsgprllnqmkneqs,False,461411.0,1395.0,False,Cloeon dipterum
0,CRF-UY_Dcit,Scaffold,100.0,False,PRJNA800468,KAI5704627.1,520,msknsvsfskivhkyisgyeelaggnypgnpgnngkhqqkmtestiqlestdpaypnghpninaqhtednflvrflrapldfvspllisyitwaiilllvwgllycilttdalpggsafnicllilvaqifgkaveylrlpsllgmliagifmknvglfsvtpgveialttilikagmgldaaallklsfvvirlallpclaetagasiaahfilnfpwlwglllgfilsavspavvvptllelkengygndksistlviaassvddiaaislfgvilgcifsegdltskivqgplevliglawgliwglilacfpnrldknvitkrclmlgsvcslavlgsqvidlagagplgcittafiagvcwklqgwthqynpvaehfasvwnviqitlfgligaeidllemdvkvvmagavvllcgltfritacaialigaklnmkevlfvnlawlpkatvqaalapvalnlvnklnmedtpehtyatsiltiavlsilitaplgsigitwggtrllhksevair,35866687,22577667.0,383.0,PacBioSequelII;IlluminaNovaSeq;,Diaphorina citri
0,Mus_1.0,Chromosome,380.0,False,PRJNA896355,KAJ1530432.1,542,mtsdsatnqesgglgqepsnttqllpekekevltetgkddnseqaraeadpesvsaqskiasgvaptlicptmtrhhfiatrleifailgalfyvvisfswaepirepalqlvslfvlaqifgvlvkfvhlppllgmllagillkqidyfhaegiflkftatvrscamtmillraglglnplvlcrlstvvlrvavfpcsveavtvavvshylldlpwqwgfllgfilsavspavlvpslltlqsngygenkgiatlviaassldniyaitifgiflsaifsqgsimelvvqgplevligiiwgiligvisiyiphsdeksviklrtimvcasgllavlgsqlvgyagagplgcivgafvagcgwrafsststyepvmlhlteywlllqpflfgligteidisslggnslqvaglsaavitigvvvrmlaccisvqgcglnfqetlfvglswlpkatvqaaigpvaldlarsiafnqeqnihlaekvlmiavlsviltapigaigilgagpllltrskteesiiekksededhpdaelqevl,False,13852586.0,907.0,PacBioSequel;,Megalurothrips usitatus
0,PGI_NEZAVIv3,Chromosome,100.0,False,PRJEB47893,CAH1388393.1,555,mssqdmdsspveelrpaishdrlggsdgavnqlsqsrsntpqktisvldvpekdaeigkcdnrrcgwlerglrgqcglshswsltmlglllilllvwailyallrvevapggdlfklivlilvayvsggvvarlrlppllgmliagivlrtcgffkvqgvyldiiiklretaltvilikaglgldapallklslvvlrlaflpcigeavaaafvsyylldypwlwglllgfmlsavspavvvpvllslqergygeskgistlviaasslddivaisvfgvflgmifstgdltqqilqgpiemliglafgvfwglvasfiphrsdnyvtakrsvmigagglcavlgselihysgagplacivasfiaclswklqgwssshnpvadvfsvvwqilqpmlfgligaeidltilelhtvalgllviigalvfrvivcctvllgsklnwkeilfvnlawlpkatvqaalgpealdqvrtqenpdpldmkrgaqmltiavlsilltapigsigisvtgplllsnepvknkekavavnetsmhmsegtehanakesgvgtsv,False,181513190.0,84.0,False,Nezara viridula
0,ASM973950v2,Chromosome,100.0,False,PRJNA526332,KAF6215493.1,759,mplhvelrggsastggvlpllpklswrdgrkneyaeklgalmsepldynaaaqdlvssmigrvvraaeassmggmespggrepwwdwscsrarsrsfsllrlfresgssmvraaylsanalyksvcrrrekeyydelaaqfsrvrdarydwtfsqdlfryylsefkineisiiyyggvttkkvnplegnsapsllwfssvgtkrakessedvqlmprkgldsrmtkegekapkecevllkgpeseagaqivpavngsplkketveqrkcgcgggvvklissqgnlgntwfltigsllvilaltwgvlyvllldeaapggdlfkllilivsayfagqlvalcklppllgmliagialrtcgfykiggvyleiviklreaalttilikaglgldapallklsftvlklafvpclaeaaaaavvahvcfdypyfwgfmlgfmlsavspavvvptllslkaegygeskgistlviaasglddivaislfgvfqgmiftpgsiasqvsvgpiemvmglsvgilwglfiafvphrddayvtakrtillgagslgavlgsekihyggagplacitsafvasfawknqgwsnsyhpvadnfstvwlfiqpvlfgligaeidllalhsetiamgfivvfgaliirfaacvlcvlgtklnwkeilfvnlawlpkatvqaalgpepldkvrssgdpneadllrgqqlltiavlsilitapigsigisisgpyllsnegwegdkekvksiegadtamhmsegsedverakv,32939994,68132828.0,191.0,PacBioSequel;,Apolygus lucorum
0,ASM1446618v1,Chromosome,97.0,False,PRJNA643352,KAF7383363.1,660,memegkgtttrpceeltkrrvsiseqvfgvdnpafehhrrissssehnsdqgrrksilhhtgsnydsvenipqhnkfdlaengrangnrkksafsltssirdkieyseelerswlylfcarchgrddtpsweppgwkracpqpfcpsyrkfarilclfllgllvwgvvysiagkdaapggplfglatlciaahfggwlfslttlpaligmlitgmilknadlisiddryavvvsnlrkialviiltragldldpvalkrlkitvpklglipwfveagmiavltryliglpwiwglllgsiiaavspavvvpclfrlrergygvakgiptliiavagiddaasvaiygivksvmfshdalwyqilqgpiaivgglgfgilwgclakyvpekgdpfmvplrvlmllgggmvavfgseaielggagplavvaaafvscyfwqkdgwevddnpvatsfeifwmifepilfgitgtqitiaelkgktvylgiscliagiviriivtifvgigsklntkekvfislswmakatvqaalgpvtldevnrdnveqveyantvltlcvlsilltaptgaiiislsgpklltktttpxxxxxxxtagrlenektldtryfdhqrgsrsrrncerketliffrplpffffyfpaqpnlrarwsrleskkkk,32859687,8304510.0,33.0,IlluminaHiSeq;,Vespula vulgaris
0,SNU_Nstr_1.0,Scaffold,140.0,False,PRJNA595812,KAG1694102.1,1008,mmicqisvlrnlnisstksystcnaflskmelmsnlfiqpdttlfikgsssvdqnsqvkmpqsmksrsqkllsdygiikksdaagqfhflpiglrvlkklmrviddemdhigaqkilmptmtstallkksgrlekygqdiflikdrhnkdlclgptfeeavtsmvssmnvsakmlplklyqisrkyrdeerpcfgllrgrefymkdlytfdvssedaiktyesvcnayeaifkkleiehikadgdpgniggqyshefhiiadigqdtvkicsscklginlevtekedehlcsncgnafvqhkcievghtfllsdsyskvfganlkskplqmgcygigvtrllaaavevlstennirwpkaispyqiciippkrgskeeaakdmaghlyqilsssypedviiddrddmtigqrllyakrlgfpyvlicgkhvlkstpriefidiygdktdlfthsellnklvqmkgskmgecdeksnknivgeemkplnpdndeqtdvissntipitgaleevkfsekcrsrqskmkclccqhdsgsvnnfnfvieklylceimcvillwmslysiigcqllpeghlfalfilivcciiggnlisllhfppllgnfflyfsmllvgfllrnvphinvaanlnpqwasalrsialvviliraglgldpqalkqlslvclrlaftpclvetivvavsshlvlglpwlwgfmlgfvlsavspavvvpsmisiqekglgcakgiptliiaaasvddvlaisgfgivlgitftegslgwtiakgpievliglaygiflgvtlwvipyrskenkyiyrflllstggtvavfgsriasfggagalgclilsfvaavgwkkedinesvclnpydnassgcqmiiflfiymklkkgfrkfsfkcilvyeivlhsigygiavlsiglffriiasffvvlgagltikerlfialawlpkatvqaaigpvaldlaraqadkelehyglqvltisvlvilitapigaaaialsapklltpqreasndeeksv,False,701800.0,1638.0,PacBioSequel;,Nymphon striatum
0,CLODIP2,Scaffold,132.0,False,PRJEB34721,CAB3360254.1,594,massdnpmphsilhvpnsnpkgeerrvslavgdnapskdnpafenddeaanghstkrssdthrkhksplalpngfpeenvygkqekekkslwdwlalmpngeqfarlvaymviglliwsimyvllgqdaspkggqlfqiaamcivaklggwlatrvrlpallgmlvvgiiaknvglitvhgeyehvvsdirkvalviiliragldldpsatrklfgtilklalvpwlieccmvailshflldlpwgwafmlgsieaavspavvvpgllrlrlkgfgvakgiptlilavtgiddafsvaafgvissvmltsgsllytvtlgpasvllgvayglvwgnmtrfvpkqhdpyavhlrvlllffgglmavlgsekigyegagplgvilasyicgciwmeqgweveenpvaisfevfwlifepilfgmtgtqidfsqidpkilwkailcigvaafirifftiiiaigsrlnlkekifisfswmakatvqaalgpvaidlvrehgseeekeyarsllmvcvlsilltapvgavtialtgprllkrttatmpegwrrhtrpslrdislndediedddepepeapppsgrrstrssirevlnr,False,461411.0,1395.0,False,Cloeon dipterum
