assembly-name,assembly-status,contig-N50,coverage,coverage-N50,project-accession,protein-accession,protein-length,protein-sequence,pubmed-accession,scaffold-N50,species
Tcal_SD_v2.1,Chromosome,44438,180,False,PRJNA237968,TRY75264.1,555,maspgftspgpsgspgplvpqleapplpanrghdaiksecesslegtpvvvaepnepcssadelspskssrrvvskwirpmllrhyppltsqsswrtrllyavlcpihgqiarvvtylllfvlivlvsfcllghigtppngtvflllvlvtlgalvgqaftwvhlppllgmlitgivlknlpfiefedrwavwsstlrgvalviilmraglgldpealkrlsalvfrlaflpclaetsvvavashfllgfpwlwgfmlgfvlaavspavvvpcllqlqkegygvakgiptlvmaaasvddvlaisgftivlgitfspdaslvqlafqgpleaaigvasgivgglvviflphqamdsyglarfsllvggclvclfgsklvhfpgagalavlvmsfvagfgwrkqgwsddnlvskylshlwmifqpllfgligteikvgeidqstiglglavvlisltvrvivsflsvtdrklnlrervfialawipkatvqaaigpvaydtalnleprrsdyidlghqlltiavlvilvtapigaiaimttaprlltkqgkppssa,29988158,15806032,Tigriopus californicus
ASM678305v1,Scaffold,29650,41,False,PRJNA543945,KAF2354193.1,1026,mspasqvgeiqccfitvvlpwdtssiqagdlvntlsdagergtccvgdacergtccvgdagergtccvgdagergtcfvgegsdeatsrapeedednsdclstttstsaltalstsqpnipgqsglslpppsyssdpsgassptavvptpsgtydnpaadltetpptiakssksksedlvntqqqpqnhtsspsspikpggkittdvnsgssnvvsgsskptssvssssvaspsqqllldssdftskkvpqksltsgnesevqpnpvlsptttndpeascyskvnssnapshnmhsgfdggtstsclnapptslfclstppnglsnvtngpcstscpnsltngasmnnsngvysfngfssssscgpvpsnstvnnsinnsishnntfnitsanttpltvnsnatnsttaasnglsnttsqlsnttchsrcsswvsggvtsgtqtvchsrgastegstmdafsasatdsrrgtyseagtlpigslpegslggtiieeehpleplsekklssedsssgdrdnedskkrsksaimrqlgslgsclkyctccrplmqehnplptnptradrlkyaftcpphgkvgvllthvtlllltwgslyaitgdaaapggnlfsllvvfvcsvlggkltqvcglppllgmllvgialrsvpglmiigesldpewsasirnialvvillraglgldphalkamsfvvfrlaftpcivetvvvaivthfllgfpwlwgfmlgfilaavspavvvpcllqlsqkgygvekgiptlviaaasvddvlaisgfgvllgmtfsdgslawqimhgpievlmglsygvgmgllcwvlpnkhhqdcsllqfamlftaglfalfgsqriefggagalavlcmafiagvgyrrqgwgdddnpvgqhcniawsylqpmlfaligtqiqilqleldtiglgvatlcvsltcrvvttffvvlgsglnirerlfvalawlpkatvqaaigstaldyanrigadedqivlakqvltiavlvilitapigaiaimtsaprllqrarrpsasdtv,False,120570,Trinorchestia longiramus
Hazt_2.0.2,Scaffold,112853,105,False,PRJNA243935,KAA0203922.1,343,mfaspacglppllgmllsgialrsfpgiriigeslnpnwsasirnvalvvillraglgldpkalkamslvvfrlacvpclvettvvavvshfllgfpwlwgfmlgydadmlsllfilaavspavvvpcllqlsqqgygvdkgiptlviaaasiddviaisgfgvmlgmtfsegslawqilhgplevliglsygavmgficwilpnkhhqscsllqfamlftagllalfgsqriefggagalavlsmafiagvgfrrqgwgdddnpvgqhcnvawgylqpmlfaligteiqilsleldtiglgvatlcisltcrvvttffvvlgsglnirerffvalawlpkat,29634279,213783,Hyalella azteca
ASM2691426v1,Chromosome,3381420,98,False,PRJNA874712,WAQ97368.1,562,msednpeqnhtadgaeepggkgngppakccmalrqclhsctrpcttrynplphepsipqmisyslrcpphgklakylmfvlmfgvswavlisltgpqglpggnffslvilfffcviggylvtfirlppllgmlivgcllrnvpkidivgnnldsgwssalrqialtviliraglgldpaalrklsfavvrlafspclmecvaeavaahfllglpwiwcfmlgfvlaavspavvvpsllnlsdrgyginkgiptlviaaasiddvlaitgfgvclgiafsegdlalsilkgpleaivgvlygilggliiwyipnrasrhvilyrtfllfglglmstfgsskmefpgagplgcltlafvagfrwkkedwssnggkepmtqivailwmifqpllfgligsavdiskidagsvgkgigvlgigmvirlivsffsvfgtdlnlkerlfipfawlpkatvqaaigalamdkamemgdsegvaygkeiltlavlsivitapigaaiiaitgpillhhtereqsleyvaeeveegtdneekgtllqdqtdintdevaacfwtkteasnei,False,71556252,Mya arenaria
ASM2691426v1,Chromosome,3381420,98,False,PRJNA874712,WAQ97368.1,562,msednpeqnhtadgaeepggkgngppakccmalrqclhsctrpcttrynplphepsipqmisyslrcpphgklakylmfvlmfgvswavlisltgpqglpggnffslvilfffcviggylvtfirlppllgmlivgcllrnvpkidivgnnldsgwssalrqialtviliraglgldpaalrklsfavvrlafspclmecvaeavaahfllglpwiwcfmlgfvlaavspavvvpsllnlsdrgyginkgiptlviaaasiddvlaitgfgvclgiafsegdlalsilkgpleaivgvlygilggliiwyipnrasrhvilyrtfllfglglmstfgsskmefpgagplgcltlafvagfrwkkedwssnggkepmtqivailwmifqpllfgligsavdiskidagsvgkgigvlgigmvirlivsffsvfgtdlnlkerlfipfawlpkatvqaaigalamdkamemgdsegvaygkeiltlavlsivitapigaaiiaitgpillhhtereqsleyvaeeveegtdneekgtllqdqtdintdevaacfwtkteasnei,False,71556252,Mya arenaria
SNU_Nstr_1.0,Scaffold,556992,140,False,PRJNA595812,KAG1663790.1,539,mkirlqvdkvqmkeskmgecdeksnknivgeemkplnpdndeqtdvissntipitgaleevkfsekcrsrqskmkclccqhdsgsvnnfnfvieklylceimcvillwmslysiigcqllpeghlfalfilivcciiggnlisllhfppllgmlvvgfllrnvphinvaanlnpqwasalrsialvviliraglgldpqalkqlslvclrlaftpclvetivvavsshlvlglpwlwgfmlgfvlsavspavvvpsmisiqekglgcakgiptliiaaasvddvlaisgfgivlgitftegslgwtiakgpievliglaygiflgvtlwvipyrskenkyiyrflllstggtvavfgsriasfggagalgclilsfvaavgwkkedinesdqvahifanlwyffqpilfgligaeitvdnldastvgygiavlsiglffriiasffvvlgagltmkerlfialawlpkatvqaaigpvaldlaraqadkelehyglqvltisvlvilitapigaaaialsapklltpqreasndeeksv,False,701800,Nymphon striatum
MABIK_Lsat_1.0,Contig,267064,155,False,PRJNA736170,KAI0224210.1,586,mssvvettqidkengddqcvenialdenndtdddsnvcignspdgdhdhhvdydhniicvdskhnstpvcddlatvssnrccatcrtgclnrcsternplstdascakklrfaflcpphgnvartitlvfviayiwctlwsvlgdaalpggnyfalitllvlcviageivekvhlppllgmlcagvalrnvpvvnvakdinpqwssalrnialviilcraglgldpvalkklsfgvirlaffpclveavccavsshlllgmpwtwglmlgfvisavspavvvpcllhlsemgygiakgiptlviaassiddvlaisgfgvmlgisfskghlavtiikgplealagvvygimlgivawyiphskhdhktmfrfvilffggllvtfgsrsldlagagalgcltlafvaalgwrkelqlgehmpvadamggmwmvfqpllfgligaevnvydvkestiwkgltvlgigltirlivsffavsglgfnlkehifitlawmpkatvqaaigsialdtarvknaspeiieyglqiltiavlvilitapigavaitlsgpkllaksitcisdfnisasessipntkpdeagkvv,False,267064,Lamellibrachia satsuma
MABIK_Lsat_1.0,Contig,267064,155,False,PRJNA736170,KAI0224210.1,586,mssvvettqidkengddqcvenialdenndtdddsnvcignspdgdhdhhvdydhniicvdskhnstpvcddlatvssnrccatcrtgclnrcsternplstdascakklrfaflcpphgnvartitlvfviayiwctlwsvlgdaalpggnyfalitllvlcviageivekvhlppllgmlcagvalrnvpvvnvakdinpqwssalrnialviilcraglgldpvalkklsfgvirlaffpclveavccavsshlllgmpwtwglmlgfvisavspavvvpcllhlsemgygiakgiptlviaassiddvlaisgfgvmlgisfskghlavtiikgplealagvvygimlgivawyiphskhdhktmfrfvilffggllvtfgsrsldlagagalgcltlafvaalgwrkelqlgehmpvadamggmwmvfqpllfgligaevnvydvkestiwkgltvlgigltirlivsffavsglgfnlkehifitlawmpkatvqaaigsialdtarvknaspeiieyglqiltiavlvilitapigavaitlsgpkllaksitcisdfnisasessipntkpdeagkvv,False,267064,Lamellibrachia satsuma
MEDL1,Scaffold,511485,152,False,PRJEB38403,CAG2239237.1,450,mlketdttdnmngvileedneeteqesarkchgflggylisfiklppllgmllvgallrnvpvidvvgnhldpnwsgalrqialtviliraglgldpvalrklsftvvrlacspclveciaeaiashfllglpwewafmlgfvlsavspavvvpsllnlsdrgyginkgiptlviaaasiddvlaitgfgvvlgmafstgdiavsiikgpaeallgvaygviggivlwyipakgdnfifyrgmtllgagllatfgsaaielsgagplgvltiafvaafrwrkekkdndqdpikdivailwmlfqpilfgligaevqiskidgqtvglgmatlsigmvvrlvvsflavfksglnfkemlfipfawfpkatvqaaiggvaldaarrkgdatleaygeiiltmavlsiiitapigaiaiaitgprllkrtvkdkeydeedvqntdeqaeitkv,False,1097279,Mytilus edulis
EWHU_Batt_1.0,Contig,1290776,80,False,PRJNA640962,KAG5713906.1,510,mtgdsietngdldmdltieyeikddvgpvkcmllvggvlgsapyvniakdidaewdedarqialaiiliraglgldpaalrrlsfvvvrlafspclseaitdgiashlilgfpwefglmlgfviaavspavvvpcllslsergygvdkgvptlviaaasiddvlaitgfgvtlgiasstgnlvwnifkgpveallgvifgivggivlwyipqkkskhllffrctmllsggllvifgsrkvdwdgigplgcltlafvaairwrketdhncmaaiadvvgvlwmlfqpllfgligaavrvdaleaktvglgiavlgiglgvrmvvaflavlgtnlnmkerlfvpvawlpkatvqaaigalaldwasengteeqkdyatqililavlsilltapagavlvtllgprllhyshsadrihretemifedpekpdqkpvtsdvepvtsdhvdtqsggvtsehqtkgdcggekgkpavvsrdvepinvetskqggtddseadneqdntdkrtsitkl,False,1290776,Batillaria attramentaria
MCOR1.1,Scaffold,817337,138,False,PRJEB33342,CAC5409661.1,531,msketdiansmngvileediedieqestrkchglrtfchnlclpcrtkyhplpenpkcwdrfkftfmcpphgviarylqfiflcgitfgvllalfkdyalpggnffslyvlffgsvlggylisfiklppllgmllvgallrnvpvidvvgnhldnkwsgalrqialtviliraglgldpvalrklsftvvrlacspclveciaeaiashfllglpwewafmlgfvlsavspavvvpsllnlsdrgyglnkgiptlviaaasiddvlaitgfgvvlgiafstgdlavsiikgpaeallgvaygviggillwyipakgdnfifyrgmtllgaglmatfgsaaielsgagplgvltiafvaafrwrkekkddqdpikdivailwmlfqpmlfgligaevqiskidgdtvglglatlsigmvirlavsflavfrsglnfkemlfitfawfpkatvqaaiggvaldaarrkgdvtleayggiiltmavlsiiitapigaiaiaitgprllkktvkdkeygeedvqnsdeqaeitkv,False,898347,Mytilus coruscus
MGAL_10,Scaffold,77157,242,False,PRJEB24883,VDI61892.1,555,mvaklfptqefgaqnsedhkealmlketdttdnmngvileedneeteqesarkchgcrtfchnlcmpcrtkyhplpenpncwdrfkftfmcpphgviaryfqflflcgitfgvllalfkdyalpggnffslyvlffgsvlggylisfiklppllgmllvgallrnvpvidvvgnhldpnwsgalrqialtviliraglgldpvalrklsftvvrlacspclveciaeaiashfllglpwewafmlgfvlsavspavvvpsllnlsdrgyginkgiptlviaaasiddvlaitgfgvvlgmafstgdiavsiikgpaeallgvaygviggivlwyipakgdnfifyrgmtllgagllatfgsaaielsgagplgvltiafvaafrwrkekkdndqdpikdivailwmlfqpilfgligaevqiskidgqtvglgmatlsigmvvrlvvsflavfksglnfkemlfipfawfpkatvqaaiggvaldaarrkgdatleaygeiiltmavlsiiitapigaiaiaitgprllkrtvkdkeydeedvqntdeqaeitkv,False,207642,Mytilus galloprovincialis
MGAL_10,Scaffold,77157,242,False,PRJEB24883,VDI61893.1,532,mlketdttdnmngvileedneeteqesarkchgcrtfchnlcmpcrtkyhplpenpncwdrfkftfmcpphgviaryfqflflcgitfgvllalfkdyalpggnffslyvlffgsvlggylisfiklppllgmllvgallrnvpvidvvgnhldpnwsgalrqialtviliraglgldpvalrklsftvvrlacspclveciaeaiashfllglpwewafmlgfvlsavspavvvpsllnlsdrgyginkgiptlviaaasiddvlaitgfgvvlgmafstgdiavsiikgpaeallgvaygviggivlwyipakgdnfifyrgmtllgagllatfgsaaielsgagplgvltiafvaafrwrkekkdndqdpikdivailwmlfqpilfgligaevqiskidgqtvglgmatlsigmvvrlvvsflavfksglnfkemlfipfawfpkatvqaaiggvaldaarrkgdatleaygeiiltmavlsiiitapigaiaiaitgprllkrtvkdkeydeedvqntdeqaeitkv,False,207642,Mytilus galloprovincialis
SNU_Nstr_1.0,Scaffold,556992,140,False,PRJNA595812,KAG1694105.1,990,mmicqisvlrnlnisstksystcnaflskmelmsnlfiqpdttlfikgsssvdqnsqvkmpqsmksrsqkllsdygiikksdaagqfhflpiglrvlkklmrviddemdhigaqkilmptmtstallkksgrlekygqdiflikdrhnkdlclgptfeeavtsmvssmnvsakmlplklyqisrkyrdeerpcfgllrgrefymkdlytfdvssedaiktyesvcnayeaifkkleiehikadgdpgniggqyshefhiiadigqdtvkicsscklginlevtekedehlcsncgnafvqhkcievghtfllsdsyskvfganlkskplqmgcygigvtrllaaavevlstennirwpkaispyqiciippkrgskeeaakdmaghlyqilsssypedviiddrddmtigqrllyakrlgfpyvlicgkhvlkstpriefidiygdktdlfthsellnklvqmkgskmgecdeksnknivgeemkplnpdndeqtdvissntipitgaleevkfsekcrsrqskmkclccqhdsgsvnnfnfvieklylceimcvillwmslysiigcqllpeghlfalfilivcciiggnlisllhfppllgmllvgfllrnvphinvaanlnpqwasalrsialvviliraglgldpqalkqlslvclrlaftpclvetivvavsshlvlglpwlwgfmlgfvlsavspavvvpsmisiqekglgcakgiptliiaaasvddvlaisgfgivlgitftegslgwtiakgpievliglaygiflgvtlwvipyrskenkyiyrflllstggtvavfgsriasfggagalgclilsfvaavgwkkedinesdqvahifanlwyffqpilfgligaeitvdnldastvgygiavlsiglffriiasffvvlgagltikerlfialawlpkatvqaaigpvaldlaraqadkelehyglqvltisvlvilitapigaaaialsapklltpqreasndeeksv,False,701800,Nymphon striatum
ASM2543416v1,Contig,19398339,234,False,PRJNA769727,KAI8745152.1,534,mvidqddeasentkkksmlkvkeclgrctkplmsdnhplpldapwyyrlrdnflcpphsrmgavifivlvtgsiwatlfsvtgdealpggnlfallilfvacwsggyvarlirlppllgmlivggvlgnvphinlardihsswvftlrqialtviltraglgldpkalkrlsfvvlrlaflpclteatvdaiashlilgfpwqwgfmlgfvisavspavivpsvlslgercygiekgiptlviaassvddilaitgfgvllgitfstgdivwtlfkgplevlsgvtygivggvilwyipqktsklqllfrsvllmfmglmaifgsiklhwsgagplaaltvpfvaavrwrsewkessknpveevlgvlwmifqpflfgligsevdvmkldydviglgiavlviglvfritvsflsvfftnlnykerlfvamawlpkatvqaaigtvafdlakknndvaaqtlgkqvlnlavlsilltapigsflisllgpvllkcspvttsekivveengiqekcmiedelpdskpketeekel,36085314,19398339,Biomphalaria glabrata
ASM2543416v1,Contig,19398339,234,False,PRJNA769727,KAI8745152.1,534,mvidqddeasentkkksmlkvkeclgrctkplmsdnhplpldapwyyrlrdnflcpphsrmgavifivlvtgsiwatlfsvtgdealpggnlfallilfvacwsggyvarlirlppllgmlivggvlgnvphinlardihsswvftlrqialtviltraglgldpkalkrlsfvvlrlaflpclteatvdaiashlilgfpwqwgfmlgfvisavspavivpsvlslgercygiekgiptlviaassvddilaitgfgvllgitfstgdivwtlfkgplevlsgvtygivggvilwyipqktsklqllfrsvllmfmglmaifgsiklhwsgagplaaltvpfvaavrwrsewkessknpveevlgvlwmifqpflfgligsevdvmkldydviglgiavlviglvfritvsflsvfftnlnykerlfvamawlpkatvqaaigtvafdlakknndvaaqtlgkqvlnlavlsilltapigsflisllgpvllkcspvttsekivveengiqekcmiedelpdskpketeekel,36085314,19398339,Biomphalaria glabrata
SNU_Nstr_1.0,Scaffold,556992,140,False,PRJNA595812,KAG1694104.1,997,mmicqisvlrnlnisstksystcnaflskmelmsnlfiqpdttlfikgsssvdqnsqvkmpqsmksrsqkllsdygiikksdaagqfhflpiglrvlkklmrviddemdhigaqkilmptmtstallkksgrlekygqdiflikdrhnkdlclgptfeeavtsmvssmnvsakmlplklyqisrkyrdeerpcfgllrgrefymkdlytfdvssedaiktyesvcnayeaifkkleiehikadgdpgniggqyshefhiiadigqdtvkicsscklginlevtekedehlcsncgnafvqhkcievghtfllsdsyskvfganlkskplqmgcygigvtrllaaavevlstennirwpkaispyqiciippkrgskeeaakdmaghlyqilsssypedviiddrddmtigqrllyakrlgfpyvlicgkhvlkstpriefidiygdktdlfthsellnklvqmkgskmgecdeksnknivgeemkplnpdndeqtdvissntipitgaleevkfsekcrsrqskmkclccqhdsgsvnnfnfvieklylceimcvillwmslysiigcqllpeghlfalfilivcciiggnlisllhfppllgnfflyfsmllvgfllrnvphinvaanlnpqwasalrsialvviliraglgldpqalkqlslvclrlaftpclvetivvavsshlvlglpwlwgfmlgfvlsavspavvvpsmisiqekglgcakgiptliiaaasvddvlaisgfgivlgitftegslgwtiakgpievliglaygiflgvtlwvipyrskenkyiyrflllstggtvavfgsriasfggagalgclilsfvaavgwkkedinesdqvahifanlwyffqpilfgligaeitvdnldastvgygiavlsiglffriiasffvvlgagltikerlfialawlpkatvqaaigpvaldlaraqadkelehyglqvltisvlvilitapigaaaialsapklltpqreasndeeksv,False,701800,Nymphon striatum
ASM378908v1,Scaffold,86864,84,False,PRJNA438564,ROT75079.1,487,msngmrstelavvvdsshnldgqvieeqissadkityesgsaslkyvfdcwpphgivgrcltwtllvllgwgaaiaiigisalpggnifslmclfciavlggqlatlaklpslmdkewssalrnialvvillraglgldpaalkelsfmvlrlaftpcivetvtvatvthlllgfpwlwglmlgfilsavtpavivpcmiklseegygmdkgiptlviaassvddvlaisgfgvlmgitfaegslwwiilkgpievvmglvyglgvgalfwvlpnieersaqnlrffllgcagllavfgsqmaqfggagalgclvmafvagigwrrqgmsednnpvddkllimwelfqpflfsligaeiqvseldigtvgwglvtlaiglvfrmatsflvvmggnlnikerifvalawvpkatvqaaigsqaldfaeksgagpeivrlgeqvltitvlvilitaplgavaimlsapkllskgktkdtldlpdglpdp,False,605555,Penaeus vannamei
SNU_Nstr_1.0,Scaffold,556992,140,False,PRJNA595812,KAG1663789.1,556,mkirlqvdkvqmkeskmgecdeksnknivgeemkplnpdndeqtdvissntipitgaleevkfsekcrsrqskmkclccqhdsgsvnnfnfvieklylceimcvillwmslysiigcqllpeghlfalfilivcciiggnlisllhfppllgnfflyfsmlvvgfllrnvphinvaanlnpqwasalrsialvviliraglgldpqalkqlslvclrlaftpclvetivvavsshlvlglpwlwgfmlgfvlsavspavvvpsmisiqekglgcakgiptliiaaasvddvlaisgfgivlgitftegslgwtiakgpievliglaygiflgvtlwvipyrskenkyiyrflllstggtvavfgsriasfggagalgclilsfvaavgwkkedinesvclnpydnassglahifanlwyffqpilfgligaeitvdnldastvgygiavlsiglffriiasffvvlgagltmkerlfialawlpkatvqaaigpvaldlaraqadkelehyglqvltisvlvilitapigaaaialsapklltpqreasndeeksv,False,701800,Nymphon striatum
ASM307304v1,Chromosome,1072857,60.1,False,PRJNA427478,PVD38526.1,624,mnskiengeipevefevqeepveedltkcrkchtscleccrpvlahhhplsdnpsllqrlhfaflcpphgrigacffvvlvgalwwgvlwsltgddalpggnffsllppfffllvwripcqlgeataplgmlivggilgnvpgidiakdinqswgsgarqialtviliraglgldpkalrrlsfavlrlafspclsetvaigvaaylildfpwpwgfmlgfvisavspavvvpsllslsergygidkgiptlviaaaslddvlaitgfgvllgisfstgdiawnickgpleavigivygmlggiilwyipqkksrhlllfrsamllgggmlavfgskmvdwagagplgcltisfvaalrwrsevpkgkrnpvegvtgvlwmifqpllfgligaqvniaslepetvgkgigvltiglvvrmvvsflavfgtnlnlkerlfipiawlpkatvqaaigslaldtardnnktdliplgeqvlmmavlailiaapigavvialggprmlkhcphtvsfdieksflegdriltlavlsilmtaplgavlivitgkrllnqtpdfdpqqrksiitmafdqdsllslqelnnstwltrtgeendvsqpmidssktteekengnalqdltark,False,31531291,Pomacea canaliculata
Arma_vul_BF2787,Scaffold,38359,72,False,PRJNA501402,RXG52054.1,557,wptnrvrcgawcgavaahfqqpvrcgavrntfsaarygavwcerknksavrcgawcddfgavrgsncgssinglevnppaystnesgkvtdnescstpfrmrheevpmvgekggtpkiveksyrdsktsekegpseeerevtkwkhfknevgrfltylllfilfwgslvyivhdmalpggtifsllilivtaqlggmlvakihlppllgmllvgilfrsapfidtigksistewssslrsmalvviliraglgldpvalkklsyvvlrlavcpclvetttvavvshllldfpwkwafllgfilaavspavvvpcllnladqgfgvekgiptlviaaasiddviaisgfgvclgtifsngsslwqglkgpmeigmgiayglivglilwvlpskkegnaniyrflmlfcagllaifgskgidfggagalgclcvafiagygwrregrvgnkkpvseyfnfvwillqpmlfgligteirvgdlhpatvgwgvvtliigltlrvivsffavlgggltlkercfvtlawlpkatvqvltiavlvilitapvgavaimlsaiv,False,51088,Armadillidium vulgare
Arma_vul_BF2787,Scaffold,38359,72,False,PRJNA501402,RXG52054.1,557,wptnrvrcgawcgavaahfqqpvrcgavrntfsaarygavwcerknksavrcgawcddfgavrgsncgssinglevnppaystnesgkvtdnescstpfrmrheevpmvgekggtpkiveksyrdsktsekegpseeerevtkwkhfknevgrfltylllfilfwgslvyivhdmalpggtifsllilivtaqlggmlvakihlppllgmllvgilfrsapfidtigksistewssslrsmalvviliraglgldpvalkklsyvvlrlavcpclvetttvavvshllldfpwkwafllgfilaavspavvvpcllnladqgfgvekgiptlviaaasiddviaisgfgvclgtifsngsslwqglkgpmeigmgiayglivglilwvlpskkegnaniyrflmlfcagllaifgskgidfggagalgclcvafiagygwrregrvgnkkpvseyfnfvwillqpmlfgligteirvgdlhpatvgwgvvtliigltlrvivsffavlgggltlkercfvtlawlpkatvqvltiavlvilitapvgavaimlsaiv,False,51088,Armadillidium vulgare
CRF-CA_Dcit,Scaffold,1349711,119,False,PRJNA800468,KAI5704272.1,552,mdnkksilpqnqnrtpsiivqnnsnkvqrpedidvrnkllppsgngskdfksrtpqrekkppsrirriitepfgpknlyvlrllgwvicllvswgllytlvkeevapggqllklltlivsahiagiivshvnlppllgmlvtgivlrnikffevsgtyreivvttreialtvilikaglgldakalkklsfvvlklafipciveatgaavccyfilgmpwvwgfllgfvlsavspavvvptllklssegygeskgistmviaasslddivaisafgiflgfatnvgksdaditnqllqapieislgvlfgivwglisawlphkedkfvvfkrvfmigggglfsvlgsqmigyngagplsciisafvaclcwkwqgwsdsynpvatafsglwlimqpalfgligaeidlsqidatqigqglivlagglafraiacttcllgtnlnwkemifvniawlpkatvqaalgsvaldilknnapppadsveyptylqelsfgrgvltiavlsilvtapvgaigiafsgtrlltnepskeknqqpsnsqiaasidhldv,35866687,22629945,Diaphorina citri
CRF-CA_Dcit,Scaffold,1349711,119,False,PRJNA800468,KAI5736882.1,552,mdnkksilpqnqnrtpsiivqnnsnkvqrpedidvrnkllppsgngskdfksrtpqrekkppsrirriitepfgpknlyvlrllgwvicllvswgllytlvkeevapggqllklltlivsahiagiivshvnlppllgmlvtgivlrnikffevsgtyreivvttreialtvilikaglgldakalkklsfvvlklafipciveatgaavccyfilgmpwvwgfllgfvlsavspavvvptllklssegygeskgistmviaasslddivaisafgiflgfatnvgksdaditnqllqapieislgvlfgivwglisawlphkedkfvvfkrvfmigggglfsvlgsqmigyngagplsciisafvaclcwkwqgwsdsynpvatafsglwlimqpalfgligaeidlsqidatqigqglivlagglvfraiacttcllgtnlnwkemifvniawlpkatvqaalgsvaldilknnspppadsveyptylqelsfgrgvltiavlsilvtapvgaigiafsgtrlltnepskeknqqpsnsqiaasidhldv,35866687,22629945,Diaphorina citri
CRF-CA_Dcit,Scaffold,1349711,119,False,PRJNA800468,KAI5704273.1,519,msdertllahsftqdicyeaisprekkppsrirriitepfgpknlyvlrllgwvicllvswgllytlvkeevapggqllklltlivsahiagiivshvnlppllgmlvtgivlrnikffevsgtyreivvttreialtvilikaglgldakalkklsfvvlklafipciveatgaavccyfilgmpwvwgfllgfvlsavspavvvptllklssegygeskgistmviaasslddivaisafgiflgfatnvgksdaditnqllqapieislgvlfgivwglisawlphkedkfvvfkrvfmigggglfsvlgsqmigyngagplsciisafvaclcwkwqgwsdsynpvatafsglwlimqpalfgligaeidlsqidatqigqglivlagglafraiacttcllgtnlnwkemifvniawlpkatvqaalgsvaldilknnapppadsveyptylqelsfgrgvltiavlsilvtapvgaigiafsgtrlltnepskeknqqpsnsqiaasidhldv,35866687,22629945,Diaphorina citri
SNU_Nstr_1.0,Scaffold,556992,140,False,PRJNA595812,KAG1694103.1,1007,mmicqisvlrnlnisstksystcnaflskmelmsnlfiqpdttlfikgsssvdqnsqvkmpqsmksrsqkllsdygiikksdaagqfhflpiglrvlkklmrviddemdhigaqkilmptmtstallkksgrlekygqdiflikdrhnkdlclgptfeeavtsmvssmnvsakmlplklyqisrkyrdeerpcfgllrgrefymkdlytfdvssedaiktyesvcnayeaifkkleiehikadgdpgniggqyshefhiiadigqdtvkicsscklginlevtekedehlcsncgnafvqhkcievghtfllsdsyskvfganlkskplqmgcygigvtrllaaavevlstennirwpkaispyqiciippkrgskeeaakdmaghlyqilsssypedviiddrddmtigqrllyakrlgfpyvlicgkhvlkstpriefidiygdktdlfthsellnklvqmkgskmgecdeksnknivgeemkplnpdndeqtdvissntipitgaleevkfsekcrsrqskmkclccqhdsgsvnnfnfvieklylceimcvillwmslysiigcqllpeghlfalfilivcciiggnlisllhfppllgnfflyfsmllvgfllrnvphinvaanlnpqwasalrsialvviliraglgldpqalkqlslvclrlaftpclvetivvavsshlvlglpwlwgfmlgfvlsavspavvvpsmisiqekglgcakgiptliiaaasvddvlaisgfgivlgitftegslgwtiakgpievliglaygiflgvtlwvipyrskenkyiyrflllstggtvavfgsriasfggagalgclilsfvaavgwkkedinesvclnpydnassglahifanlwyffqpilfgligaeitvdnldastvgygiavlsiglffriiasffvvlgagltikerlfialawlpkatvqaaigpvaldlaraqadkelehyglqvltisvlvilitapigaaaialsapklltpqreasndeeksv,False,701800,Nymphon striatum
PoB_v1,Scaffold,5479,250,False,PRJDB3267,GFN98310.1,542,mssekvememidggdatdqgcchrtrmschscvrpclaeshplppnasccrrlldnllcpphsragavlfivifsvvawttllavtgdsalpggnlfslavlfvacwcagyiiglirlppllgmliiggvlgnaphinfandihpswssgcrqialtiiliraglgldpkalrrlsfvvlrlaflpclvetlvggischlilgfpwpwgfmlgfiiaavspavvvpsllglsergygldkgiptlviaaasvddvlaitgfgvllgisfssgnilwtlakgplealvgivagivggfilwyipqrtskhqllfrsslllcmglmfifgsqkidwagagplaaltlpfvaalrwraeceegaknpvedvvgvlwmvfqpllfgligaevkiesldgnivglgvavlgigltfraavsylavmgtdlnfkerlfipiawlpkatvqaaigavaldrakdvgdedliklgeqvlmlavlvilitapigaigialagprllkrqpqrqtieevskrnsaenlengekepeteqdglihrgskeqel,33902812,1453842,Plakobranchus ocellatus
Btru.v1,Scaffold,234305,100,False,PRJNA680620,KAH9519772.1,431,mpggnlfalfvlfvacwtggyvmrlirlppllgmliaggilgnvpyiniakdidqtwlftlrqialtviltraglgldpkalkrlsfvvlrlaflpcltetvvdgiashlilglpwqwgfmlgfviaavspavivpsllnlserrfgidkgiptlviaaasvddilaitgfgvllgitfstgdivwtlskgpleviigvvygvvggivlwyipqkssklllffrtvllmtfglmavfgsiklhwagagplaaltvpfvaairwrselkenekvpienvfgvmwmifqpflfgligsevdvlqldidvvglgiavlaigltariivsflsvfftnlsykerlfvavawlpkatvqaaigtvaydlarknsdataeglgkqvlnlavlsilvtaplgsilisllgpkllhetpyptleieaplkdsaveeske,False,4956851,Bulinus truncatus
CUNI_anot_genome.v2,Scaffold,246413,146,False,PRJEB41346,CAG5128447.1,565,mdprqtterdfdhqevngthssllhigiiasareeeesrvcsrlkicfqsctrpclakshplpynagccrkfwdnflcpphsrmaavifiicfsasawtalysmtdkealpggnlfsllvlfvacwcggylvglvrlppllgmllvggalgnvpyiavakdidpswssslrqialtiiltraglgldpqalrrlsfvvlrlaflpclaetlvdgiachlilgfpwpwafmlgfviaavspavvvpsllglsdrgfgidkgiptliiaaasvddvlaitgfgvllgisfssgnivwtlfkgplealagvacgvvggilmwyipqrssknhllfrstllmvlslmflfgsnklnwagagplasltlpfiaalrwraelksgeqnpvddvvgvlwmmfqpllfgligaevdvtsldgslvgfgiavlgiglffrgivsflsvfgtnltlreklfipfawlpkatvqaaigavaldtamakgdedlislgkqilnlavlsiiltaplgslliailgplllnksatfrdstvlvpgyddcvddqelgnrvmqdknnlenieernrasshh,False,398520,Candidula unifasciata
Dgyrociliatus_assembly,Scaffold,979161,73,False,PRJEB37657,CAD5122438.1,557,mdsmssksnfhgsedarkseieiptikihneegeeeenslvafatgnrnnqlnvethepnsrcnkccsivrsffkpclrnenplpsnpsklqrfkygllcppfgrfakflayiillfliwcvlwsitkkealpggnffsifvlciccicggdladllkmppllgmlitgcllrnvpgiktigesinqdwssalrnlaliviltraglgldpvalkklsfgvirlafipclvealtvgvvshflldlpwswgfmlgfvlaavspavvvpsllnlkergygidkgiptlviaaasvddvlaitafglcvgiafsegsfglliakgpleafggvlfgvilgtilwfiptatsknkhpirfiflfgygilavfgsknldfagagalacltipfvaainwrkdegsdkiiseyfanlwivfqpllfgligaeiditkiksstiglglavlaigllfrviasflavlrlglntkekffiplawlpkatvqaaigsqalditrekklfnsveekngliilavavmvilvtapvgaaaisisgprllkkqtdnseenmnarddei,False,2241898,Dimorphilus gyrociliatus
