assembly-name,assembly-status,contig-N50,coverage,project-accession,protein-accession,protein-length,protein-sequence,pubmed-accession,scaffold-N50,species
Tcal_SD_v2.1,Chromosome,44438,180,PRJNA237968,TRY75264.1,555,maspgftspgpsgspgplvpqleapplpanrghdaiksecesslegtpvvvaepnepcssadelspskssrrvvskwirpmllrhyppltsqsswrtrllyavlcpihgqiarvvtylllfvlivlvsfcllghigtppngtvflllvlvtlgalvgqaftwvhlppllgmlitgivlknlpfiefedrwavwsstlrgvalviilmraglgldpealkrlsalvfrlaflpclaetsvvavashfllgfpwlwgfmlgfvlaavspavvvpcllqlqkegygvakgiptlvmaaasvddvlaisgftivlgitfspdaslvqlafqgpleaaigvasgivgglvviflphqamdsyglarfsllvggclvclfgsklvhfpgagalavlvmsfvagfgwrkqgwsddnlvskylshlwmifqpllfgligteikvgeidqstiglglavvlisltvrvivsflsvtdrklnlrervfialawipkatvqaaigpvaydtalnleprrsdyidlghqlltiavlvilvtapigaiaimttaprlltkqgkppssa,29988158,15806032,Tigriopus californicus
ASM678305v1,Scaffold,29650,41,PRJNA543945,KAF2354193.1,1026,mspasqvgeiqccfitvvlpwdtssiqagdlvntlsdagergtccvgdacergtccvgdagergtccvgdagergtcfvgegsdeatsrapeedednsdclstttstsaltalstsqpnipgqsglslpppsyssdpsgassptavvptpsgtydnpaadltetpptiakssksksedlvntqqqpqnhtsspsspikpggkittdvnsgssnvvsgsskptssvssssvaspsqqllldssdftskkvpqksltsgnesevqpnpvlsptttndpeascyskvnssnapshnmhsgfdggtstsclnapptslfclstppnglsnvtngpcstscpnsltngasmnnsngvysfngfssssscgpvpsnstvnnsinnsishnntfnitsanttpltvnsnatnsttaasnglsnttsqlsnttchsrcsswvsggvtsgtqtvchsrgastegstmdafsasatdsrrgtyseagtlpigslpegslggtiieeehpleplsekklssedsssgdrdnedskkrsksaimrqlgslgsclkyctccrplmqehnplptnptradrlkyaftcpphgkvgvllthvtlllltwgslyaitgdaaapggnlfsllvvfvcsvlggkltqvcglppllgmllvgialrsvpglmiigesldpewsasirnialvvillraglgldphalkamsfvvfrlaftpcivetvvvaivthfllgfpwlwgfmlgfilaavspavvvpcllqlsqkgygvekgiptlviaaasvddvlaisgfgvllgmtfsdgslawqimhgpievlmglsygvgmgllcwvlpnkhhqdcsllqfamlftaglfalfgsqriefggagalavlcmafiagvgyrrqgwgdddnpvgqhcniawsylqpmlfaligtqiqilqleldtiglgvatlcvsltcrvvttffvvlgsglnirerlfvalawlpkatvqaaigstaldyanrigadedqivlakqvltiavlvilitapigaiaimtsaprllqrarrpsasdtv,False,120570,Trinorchestia longiramus
SNU_Nstr_1.0,Scaffold,556992,140,PRJNA595812,KAG1663790.1,539,mkirlqvdkvqmkeskmgecdeksnknivgeemkplnpdndeqtdvissntipitgaleevkfsekcrsrqskmkclccqhdsgsvnnfnfvieklylceimcvillwmslysiigcqllpeghlfalfilivcciiggnlisllhfppllgmlvvgfllrnvphinvaanlnpqwasalrsialvviliraglgldpqalkqlslvclrlaftpclvetivvavsshlvlglpwlwgfmlgfvlsavspavvvpsmisiqekglgcakgiptliiaaasvddvlaisgfgivlgitftegslgwtiakgpievliglaygiflgvtlwvipyrskenkyiyrflllstggtvavfgsriasfggagalgclilsfvaavgwkkedinesdqvahifanlwyffqpilfgligaeitvdnldastvgygiavlsiglffriiasffvvlgagltmkerlfialawlpkatvqaaigpvaldlaraqadkelehyglqvltisvlvilitapigaaaialsapklltpqreasndeeksv,False,701800,Nymphon striatum
CRF-TW_Dcit,Scaffold,602947,98,PRJNA800468,KAI5736882.1,552,mdnkksilpqnqnrtpsiivqnnsnkvqrpedidvrnkllppsgngskdfksrtpqrekkppsrirriitepfgpknlyvlrllgwvicllvswgllytlvkeevapggqllklltlivsahiagiivshvnlppllgmlvtgivlrnikffevsgtyreivvttreialtvilikaglgldakalkklsfvvlklafipciveatgaavccyfilgmpwvwgfllgfvlsavspavvvptllklssegygeskgistmviaasslddivaisafgiflgfatnvgksdaditnqllqapieislgvlfgivwglisawlphkedkfvvfkrvfmigggglfsvlgsqmigyngagplsciisafvaclcwkwqgwsdsynpvatafsglwlimqpalfgligaeidlsqidatqigqglivlagglvfraiacttcllgtnlnwkemifvniawlpkatvqaalgsvaldilknnspppadsveyptylqelsfgrgvltiavlsilvtapvgaigiafsgtrlltnepskeknqqpsnsqiaasidhldv,35866687,23565919,Diaphorina citri
CRF-UY_Dcit,Scaffold,408991,100,PRJNA800468,KAI5704272.1,552,mdnkksilpqnqnrtpsiivqnnsnkvqrpedidvrnkllppsgngskdfksrtpqrekkppsrirriitepfgpknlyvlrllgwvicllvswgllytlvkeevapggqllklltlivsahiagiivshvnlppllgmlvtgivlrnikffevsgtyreivvttreialtvilikaglgldakalkklsfvvlklafipciveatgaavccyfilgmpwvwgfllgfvlsavspavvvptllklssegygeskgistmviaasslddivaisafgiflgfatnvgksdaditnqllqapieislgvlfgivwglisawlphkedkfvvfkrvfmigggglfsvlgsqmigyngagplsciisafvaclcwkwqgwsdsynpvatafsglwlimqpalfgligaeidlsqidatqigqglivlagglafraiacttcllgtnlnwkemifvniawlpkatvqaalgsvaldilknnapppadsveyptylqelsfgrgvltiavlsilvtapvgaigiafsgtrlltnepskeknqqpsnsqiaasidhldv,35866687,22577667,Diaphorina citri
CRF-UY_Dcit,Scaffold,408991,100,PRJNA800468,KAI5704273.1,519,msdertllahsftqdicyeaisprekkppsrirriitepfgpknlyvlrllgwvicllvswgllytlvkeevapggqllklltlivsahiagiivshvnlppllgmlvtgivlrnikffevsgtyreivvttreialtvilikaglgldakalkklsfvvlklafipciveatgaavccyfilgmpwvwgfllgfvlsavspavvvptllklssegygeskgistmviaasslddivaisafgiflgfatnvgksdaditnqllqapieislgvlfgivwglisawlphkedkfvvfkrvfmigggglfsvlgsqmigyngagplsciisafvaclcwkwqgwsdsynpvatafsglwlimqpalfgligaeidlsqidatqigqglivlagglafraiacttcllgtnlnwkemifvniawlpkatvqaalgsvaldilknnapppadsveyptylqelsfgrgvltiavlsilvtapvgaigiafsgtrlltnepskeknqqpsnsqiaasidhldv,35866687,22577667,Diaphorina citri
SNU_Nstr_1.0,Scaffold,556992,140,PRJNA595812,KAG1694105.1,990,mmicqisvlrnlnisstksystcnaflskmelmsnlfiqpdttlfikgsssvdqnsqvkmpqsmksrsqkllsdygiikksdaagqfhflpiglrvlkklmrviddemdhigaqkilmptmtstallkksgrlekygqdiflikdrhnkdlclgptfeeavtsmvssmnvsakmlplklyqisrkyrdeerpcfgllrgrefymkdlytfdvssedaiktyesvcnayeaifkkleiehikadgdpgniggqyshefhiiadigqdtvkicsscklginlevtekedehlcsncgnafvqhkcievghtfllsdsyskvfganlkskplqmgcygigvtrllaaavevlstennirwpkaispyqiciippkrgskeeaakdmaghlyqilsssypedviiddrddmtigqrllyakrlgfpyvlicgkhvlkstpriefidiygdktdlfthsellnklvqmkgskmgecdeksnknivgeemkplnpdndeqtdvissntipitgaleevkfsekcrsrqskmkclccqhdsgsvnnfnfvieklylceimcvillwmslysiigcqllpeghlfalfilivcciiggnlisllhfppllgmllvgfllrnvphinvaanlnpqwasalrsialvviliraglgldpqalkqlslvclrlaftpclvetivvavsshlvlglpwlwgfmlgfvlsavspavvvpsmisiqekglgcakgiptliiaaasvddvlaisgfgivlgitftegslgwtiakgpievliglaygiflgvtlwvipyrskenkyiyrflllstggtvavfgsriasfggagalgclilsfvaavgwkkedinesdqvahifanlwyffqpilfgligaeitvdnldastvgygiavlsiglffriiasffvvlgagltikerlfialawlpkatvqaaigpvaldlaraqadkelehyglqvltisvlvilitapigaaaialsapklltpqreasndeeksv,False,701800,Nymphon striatum
SNU_Nstr_1.0,Scaffold,556992,140,PRJNA595812,KAG1694104.1,997,mmicqisvlrnlnisstksystcnaflskmelmsnlfiqpdttlfikgsssvdqnsqvkmpqsmksrsqkllsdygiikksdaagqfhflpiglrvlkklmrviddemdhigaqkilmptmtstallkksgrlekygqdiflikdrhnkdlclgptfeeavtsmvssmnvsakmlplklyqisrkyrdeerpcfgllrgrefymkdlytfdvssedaiktyesvcnayeaifkkleiehikadgdpgniggqyshefhiiadigqdtvkicsscklginlevtekedehlcsncgnafvqhkcievghtfllsdsyskvfganlkskplqmgcygigvtrllaaavevlstennirwpkaispyqiciippkrgskeeaakdmaghlyqilsssypedviiddrddmtigqrllyakrlgfpyvlicgkhvlkstpriefidiygdktdlfthsellnklvqmkgskmgecdeksnknivgeemkplnpdndeqtdvissntipitgaleevkfsekcrsrqskmkclccqhdsgsvnnfnfvieklylceimcvillwmslysiigcqllpeghlfalfilivcciiggnlisllhfppllgnfflyfsmllvgfllrnvphinvaanlnpqwasalrsialvviliraglgldpqalkqlslvclrlaftpclvetivvavsshlvlglpwlwgfmlgfvlsavspavvvpsmisiqekglgcakgiptliiaaasvddvlaisgfgivlgitftegslgwtiakgpievliglaygiflgvtlwvipyrskenkyiyrflllstggtvavfgsriasfggagalgclilsfvaavgwkkedinesdqvahifanlwyffqpilfgligaeitvdnldastvgygiavlsiglffriiasffvvlgagltikerlfialawlpkatvqaaigpvaldlaraqadkelehyglqvltisvlvilitapigaaaialsapklltpqreasndeeksv,False,701800,Nymphon striatum
2S_Tcm_b3v08,Scaffold,17799,68,PRJEB31411,CAD7578322.1,381,mlvagialrnigfinisggyimvaavlrqaalviiliragleldpaalrklkgmvfrlavvpsvveiasiavltrylldfpwiwgfllgsvlaavspavvipclfslaargygtdkgiptlivaaasfddiiaisvfgilisiifstgsltvqiirgpaglvlgmvfgilwglmarhipahsdpwvigsrtiligggglmavlgsqaisfdgagplgcivaafvascgwrsqgwgeehnpvaenfaliwtffqpilfsligteinifvleghtvglglvclmlallikmllsimaamgggfswkeklfvsmawfpkatvqaalgpialdlarnldakdsivladkvlmvavlaimitaplgaivitlfgprllnktltslp,False,66553,Timema californicum
ASM171814v1,Scaffold,64904,40,PRJNA294050,ODN02785.1,531,meteaegsissepptasrslitlitqwtppiwleklaisfavpiliwmvtflwvgedglpggqifallvliffgiatgyamelirfppllgmlmvgmairnvpgikfavdltgdvsstlrqtalvviliraglgldptalaklsavviklafgpclmeaatigiathfildfpwawgflmgfiiaavspavivpcllnlrdqgygvakgiptiviaaasvddilaisafgvalgfalnqdeslamtiiqgpielvlgisfgifwglglgiflsqsedtnkdstifrlvfllfggclsvfgfqyikfagsgalgcltaafvaatlwrrkgvladndnlnwsfqklwfvfqpllfgligceidfstldpnivllgliclviglsirittsfymvaragltvkerlfiamawlpkatvqaaigpvaydlarqqnagasaeklglevltiavlailvtapigaiaimlfgpkllskdsevisgesanltadkfeteskneeeavssnngegdlknkstaikltsisiqvplnddn,27289101,65879,Orchesella cincta
PGI_NEZAVIv3,Chromosome,6352814,100,PRJEB47893,CAH1388393.1,555,mssqdmdsspveelrpaishdrlggsdgavnqlsqsrsntpqktisvldvpekdaeigkcdnrrcgwlerglrgqcglshswsltmlglllilllvwailyallrvevapggdlfklivlilvayvsggvvarlrlppllgmliagivlrtcgffkvqgvyldiiiklretaltvilikaglgldapallklslvvlrlaflpcigeavaaafvsyylldypwlwglllgfmlsavspavvvpvllslqergygeskgistlviaasslddivaisvfgvflgmifstgdltqqilqgpiemliglafgvfwglvasfiphrsdnyvtakrsvmigagglcavlgselihysgagplacivasfiaclswklqgwssshnpvadvfsvvwqilqpmlfgligaeidltilelhtvalgllviigalvfrvivcctvllgsklnwkeilfvnlawlpkatvqaalgpealdqvrtqenpdpldmkrgaqmltiavlsilltapigsigisvtgplllsnepvknkekavavnetsmhmsegtehanakesgvgtsv,False,181513190,Nezara viridula
SNU_Nstr_1.0,Scaffold,556992,140,PRJNA595812,KAG1663789.1,556,mkirlqvdkvqmkeskmgecdeksnknivgeemkplnpdndeqtdvissntipitgaleevkfsekcrsrqskmkclccqhdsgsvnnfnfvieklylceimcvillwmslysiigcqllpeghlfalfilivcciiggnlisllhfppllgnfflyfsmlvvgfllrnvphinvaanlnpqwasalrsialvviliraglgldpqalkqlslvclrlaftpclvetivvavsshlvlglpwlwgfmlgfvlsavspavvvpsmisiqekglgcakgiptliiaaasvddvlaisgfgivlgitftegslgwtiakgpievliglaygiflgvtlwvipyrskenkyiyrflllstggtvavfgsriasfggagalgclilsfvaavgwkkedinesvclnpydnassglahifanlwyffqpilfgligaeitvdnldastvgygiavlsiglffriiasffvvlgagltmkerlfialawlpkatvqaaigpvaldlaraqadkelehyglqvltisvlvilitapigaaaialsapklltpqreasndeeksv,False,701800,Nymphon striatum
Arma_vul_BF2787,Scaffold,38359,72,PRJNA501402,RXG52054.1,557,wptnrvrcgawcgavaahfqqpvrcgavrntfsaarygavwcerknksavrcgawcddfgavrgsncgssinglevnppaystnesgkvtdnescstpfrmrheevpmvgekggtpkiveksyrdsktsekegpseeerevtkwkhfknevgrfltylllfilfwgslvyivhdmalpggtifsllilivtaqlggmlvakihlppllgmllvgilfrsapfidtigksistewssslrsmalvviliraglgldpvalkklsyvvlrlavcpclvetttvavvshllldfpwkwafllgfilaavspavvvpcllnladqgfgvekgiptlviaaasiddviaisgfgvclgtifsngsslwqglkgpmeigmgiayglivglilwvlpskkegnaniyrflmlfcagllaifgskgidfggagalgclcvafiagygwrregrvgnkkpvseyfnfvwillqpmlfgligteirvgdlhpatvgwgvvtliigltlrvivsffavlgggltlkercfvtlawlpkatvqvltiavlvilitapvgavaimlsaiv,False,51088,Armadillidium vulgare
4S_Tte_b3v08,Scaffold,28042,63,PRJEB31411,CAD7456214.1,464,memkipeeelfptlltprivskdlgppdgtgthtkpvgsfslfdgvkwgrlfqlleepaapggqvftigvlfvvaqvagwlihflhlppllgmliagvtlrnigfinisggqvalviiliragleldpaalrklkgmvfrlaivpslveiasiavlthylldlpwiwgfllgsvlaavspavvipclfslaargygtdkgiptlivaaasfddiiaislfgilisvifstgsltvqiirgpaglilgmvfgilwglmarhipthsdpwvigsrtiligggglmavlgseaisfdgagplgcivaafvascgwrnqgwgekhnpvadnfaliwtffqpilfsligteinifmleghtvglglvclvlallmkmllsimaamggglswkeklfvsmawfpkatvqaalgpialdlarnldakdsfvfadkvlivavlaivitaplgalvitlfgprllnktptslp,False,125371,Timema tahoe
SNU_Nstr_1.0,Scaffold,556992,140,PRJNA595812,KAG1694103.1,1007,mmicqisvlrnlnisstksystcnaflskmelmsnlfiqpdttlfikgsssvdqnsqvkmpqsmksrsqkllsdygiikksdaagqfhflpiglrvlkklmrviddemdhigaqkilmptmtstallkksgrlekygqdiflikdrhnkdlclgptfeeavtsmvssmnvsakmlplklyqisrkyrdeerpcfgllrgrefymkdlytfdvssedaiktyesvcnayeaifkkleiehikadgdpgniggqyshefhiiadigqdtvkicsscklginlevtekedehlcsncgnafvqhkcievghtfllsdsyskvfganlkskplqmgcygigvtrllaaavevlstennirwpkaispyqiciippkrgskeeaakdmaghlyqilsssypedviiddrddmtigqrllyakrlgfpyvlicgkhvlkstpriefidiygdktdlfthsellnklvqmkgskmgecdeksnknivgeemkplnpdndeqtdvissntipitgaleevkfsekcrsrqskmkclccqhdsgsvnnfnfvieklylceimcvillwmslysiigcqllpeghlfalfilivcciiggnlisllhfppllgnfflyfsmllvgfllrnvphinvaanlnpqwasalrsialvviliraglgldpqalkqlslvclrlaftpclvetivvavsshlvlglpwlwgfmlgfvlsavspavvvpsmisiqekglgcakgiptliiaaasvddvlaisgfgivlgitftegslgwtiakgpievliglaygiflgvtlwvipyrskenkyiyrflllstggtvavfgsriasfggagalgclilsfvaavgwkkedinesvclnpydnassglahifanlwyffqpilfgligaeitvdnldastvgygiavlsiglffriiasffvvlgagltikerlfialawlpkatvqaaigpvaldlaraqadkelehyglqvltisvlvilitapigaaaialsapklltpqreasndeeksv,False,701800,Nymphon striatum
ASM378908v1,Scaffold,86864,84,PRJNA438564,ROT75079.1,487,msngmrstelavvvdsshnldgqvieeqissadkityesgsaslkyvfdcwpphgivgrcltwtllvllgwgaaiaiigisalpggnifslmclfciavlggqlatlaklpslmdkewssalrnialvvillraglgldpaalkelsfmvlrlaftpcivetvtvatvthlllgfpwlwglmlgfilsavtpavivpcmiklseegygmdkgiptlviaassvddvlaisgfgvlmgitfaegslwwiilkgpievvmglvyglgvgalfwvlpnieersaqnlrffllgcagllavfgsqmaqfggagalgclvmafvagigwrrqgmsednnpvddkllimwelfqpflfsligaeiqvseldigtvgwglvtlaiglvfrmatsflvvmggnlnikerifvalawvpkatvqaaigsqaldfaeksgagpeivrlgeqvltitvlvilitaplgavaimlsapkllskgktkdtldlpdglpdp,False,605555,Penaeus vannamei
Csec_1.0,Scaffold,63940,45,PRJNA381866,PNF25772.1,493,msindltnavqlsstsytdgykqrsdgnpaevareqmnpllnhisernelsttsnksvigtgknentilteqadsspdykrssvvkriaenlapanlcpqfnlplriatvilmllllwgvmftifqdavlpqskifelttvvilayiagwlvslirlppllgmlvtgillrnigsfhmvgsyatavstlrlvamvvilikaglgldsaalrrlsfvvtklafipclveaatdavvahlvlgfpwlwgtllgfvlgavspavvvpsllglqekgygedkgistlviaassiddiaaisgfgvvlglifskggdlmqqlvhgpievaiglsfgvgwgillmffphkddlwvvgertfligggglfavlgsslvgysgagplgciiaafvacsgwklqgwssnfnpvadiygdiwkvfqpvlfgligteidlsqleentvlyglcilavglmlrllascfatmggtlnpreilfvaiawfpkatvqvtmyglsktp,False,1184893,Cryptotermes secundus
Hazt_2.0.2,Scaffold,112853,105,PRJNA243935,KAA0203922.1,343,mfaspacglppllgmllsgialrsfpgiriigeslnpnwsasirnvalvvillraglgldpkalkamslvvfrlacvpclvettvvavvshfllgfpwlwgfmlgydadmlsllfilaavspavvvpcllqlsqqgygvdkgiptlviaaasiddviaisgfgvmlgmtfsegslawqilhgplevliglsygavmgficwilpnkhhqscsllqfamlftagllalfgsqriefggagalavlsmafiagvgfrrqgwgdddnpvgqhcnvawgylqpmlfaligteiqilsleldtiglgvatlcisltcrvvttffvvlgsglnirerffvalawlpkat,29634279,213783,Hyalella azteca
PGI_BMITA_v3,Chromosome,1927910,40,PRJEB47898,CAH0753751.1,549,meltdidpstelkelrdngagqnlldektnfvkiekyehssprdreviktnksksvaqnvssinassldnsesqrgcsaqpfgpknhwyltwvtnalcvvllylvlyfllknemlpggqllsllavilcayfvgqvvklmhlppllgmlvtgiifrntglfhadgvyreavlvlrdvalttilikaglgldpkamrklsmvvlglsfvpclveaagvaifafvilgfpwvwgfslgfvlsavspavvvptllklqnegygeskgiatmviaasslddvvaisafglclslvldekdsnlvlkfikgpaeaiggliigtlwgilvgylphqkeqiltvrraflvgaggltavlgahhlgypgagplvsitaafvacicwknqgysveynpvetvfsgiwkilqptlfgltgaeidfnqihgatilegigvlaggllfrvvgcclvlistklnfkevvfvniawlpkatvqaalgsvlldsvlameshsdqevkfgrdcltiavlsilitapigaigisilgpkclstegakgkttklevkkpaskedniv,False,57159704,Bemisia tabaci
ASM144370v1,Contig,33367,100,PRJNA293509,KRT86794.1,642,maaldssastviptkrssviwepdanvqipvrkislknplhgfdnptfdsprsrkistassheevgpvrkksclhnpnfvtdaigydtgkcangntrtkklstsesvhsktrfsdiadedgddrswwytfclkcrarethpswqppiwskicpypfcltyrqfsrivalsligvllwavlytivgdtaapggllfqlillalcahfggflmslttlppligmlitglvlqnvgivdinesfgevtkelrkialviiliragldldplalkrlkfitikvglvpwvveavvitltthflldlpwiwavmlgvliaavspavvvsclfrlrskgygvakgiptliiavagiddatsvamygilqsimfsndsltsqiiqgpvsvvggigfgilwgiisnyapekfdpfvvplrilmllvgglvsvfgsemigyggagplacvtaafvslvcwsrsgweiddnpaatafeifwmifepilfsitgaqikineldphiigigtgcliagiilrmlvtllvgigcglnlkekifvslslmakatvqaalgpvalgfvlgqtpqqtygetvlmicvlsimitaptgailititgprlltktklpaptpegwrrshrpsirdisiideeeerhnnienqntiniekdsp,False,33367,Oryctes borbonicus
ZooNev1.0,Scaffold,22794,98,PRJNA203242,KDR23967.1,468,mnidevahdnaaetateqtnpllnqrsdenellkivemtvmqsgktdnaalngqgeptdskhrysvlkrtgkrlapanlcpqmnlplrvvtlllillllwgvtftlfqdavlpqgkvfalatlfvlaylagwlislihlppllgmlvmgillrnigffhmtgpyatavstlrlvamvvilikaglgldaaalkrlsfvvvklafipclveaatvavvahlvlgfpwlwgillgfvlgavspavvvpsllalqgkgygedkgiatlviaassiddivaisgfgvvvglifstgdlmqqlvhgpievviglsfgigwgillmfiphkddvwvvrerafligggglfavlgsslvgysgagplacivaaflacsgwkmlgwsssfnpvadiysviwkvfepvlfgligteidlsqleantilyglcvlavglmlrllasclatmggtlnlkemlfvtiawfpkatvqirsr,24845553,751105,Zootermopsis nevadensis
PGI_BMITA_v3,Chromosome,1927910,40,PRJEB47898,CAH0381819.1,533,mlrkyfsanprvrllpwphpysldygtsklhelsvdgledgksvgnarndgahncgrsspeslgghssegsrircwkqivkadsrlvqifssiicgllgwgilytlfhnevapggqlfsliflyllasyagylisflrlpallgmllmgillrnigffdvsgvykeiiissreialtvilikaglgldpvalmklkfvvlrlalvpcigeaaavaaaahfllgfpwlwgillgctqsavspavvvptllnldskgygtnkgistliiaassiddifsisafgvclgalftqgditmsilkgptevglglfvgilwgamayvvphpddkyvvlkrfifvgggglfmvlgsqmigfpgagplscissafvanlswkhrgwddettpvstiisklwkivepllfaligteinfqvinlslvgtgllvlfsglvirvvccsiaiyganlnsketlfvnmawlpkatvqaalapvamdmvrqaqyendsplyvyssqiltiavisilvtapigsvginiggpklltktethtvserdp,False,57159704,Bemisia tabaci
ASM2559430v2,Scaffold,1935226,40,PRJNA779823,KAJ4436481.1,635,mtstlevpgneltvpqeprrrvsiasdtptvvdgrlspyhhsdnhesrrrvsaascehdgrrksilvqhtpdtmsvsshhshyvnhgfqfegtgkpangegphkkystseslheklklpesqrvekswlflfckrcredegsqawepplwqrlcpypfcpsyrqfarilalfligvlcwgivyavlgetaapggqlfglailciaahfggwlmslttlpaligmlmvgilfqnvglvhiegeynevvvvlrkialviiltragldldpaalkrlritvpklglvpwvvecvvmaimtyyllglpwiwgfllgsviaavspavvvsclfrlrqkgygvakgiptliiavsgiddatsvavfgiihsimftsetllfqiiqgplsiiggigfgvlwgillkyvpekqdpfvvplrilmlfgggliavlgsesigyggagplgciaaafvslyfwsqqgwevednpvatafeifwmifepvlfgltgtqikidelephtvtiglaclvagivariiftviiavgsklnlkekifvalswmakatvqaalgpvamdsvrdsgssqdkqyaeyvlvicvlsilltapigaiiitlsgprllkkttapvivegwrrsarpslrditiideeedgdgdsvpt,36153808,150668874,Periplaneta americana
ASM973950v2,Chromosome,783891,100,PRJNA526332,KAF6215493.1,759,mplhvelrggsastggvlpllpklswrdgrkneyaeklgalmsepldynaaaqdlvssmigrvvraaeassmggmespggrepwwdwscsrarsrsfsllrlfresgssmvraaylsanalyksvcrrrekeyydelaaqfsrvrdarydwtfsqdlfryylsefkineisiiyyggvttkkvnplegnsapsllwfssvgtkrakessedvqlmprkgldsrmtkegekapkecevllkgpeseagaqivpavngsplkketveqrkcgcgggvvklissqgnlgntwfltigsllvilaltwgvlyvllldeaapggdlfkllilivsayfagqlvalcklppllgmliagialrtcgfykiggvyleiviklreaalttilikaglgldapallklsftvlklafvpclaeaaaaavvahvcfdypyfwgfmlgfmlsavspavvvptllslkaegygeskgistlviaasglddivaislfgvfqgmiftpgsiasqvsvgpiemvmglsvgilwglfiafvphrddayvtakrtillgagslgavlgsekihyggagplacitsafvasfawknqgwsnsyhpvadnfstvwlfiqpvlfgligaeidllalhsetiamgfivvfgaliirfaacvlcvlgtklnwkeilfvnlawlpkatvqaalgpepldkvrssgdpneadllrgqqlltiavlsilitapigsigisisgpyllsnegwegdkekvksiegadtamhmsegsedverakv,32939994,68132828,Apolygus lucorum
SNU_Nstr_1.0,Scaffold,556992,140,PRJNA595812,KAG1663791.1,557,mkirlqvdkvqmkeskmgecdeksnknivgeemkplnpdndeqtdvissntipitgaleevkfsekcrsrqskmkclccqhdsgsvnnfnfvieklylceimcvillwmslysiigcqllpeghlfalfilivcciiggnlisllhfppllgnfflyfsmlvvgfllrnvphinvaanlnpqwasalrsialvviliraglgldpqalkqlslvclrlaftpclvetivvavsshlvlglpwlwgfmlgfvlsavspavvvpsmisiqekglgcakgiptliiaaasvddvlaisgfgivlgitftegslgwtiakgpievliglaygiflgvtlwvipyrskenkyiyrflllstggtvavfgsriasfggagalgclilsfvaavgwkkedinesvclnpydnassgcqmiiflfiymklkkgfrkssfkcilvyeivlhsigygiavlsiglffriiasffvvlgagltmkerlfialawlpkatvqaaigpvaldlaraqadkelehyglqvltisvlvilitapigaaaialsapklltpqreasndeeksv,False,701800,Nymphon striatum
3S_Tce_b3v08,Scaffold,20744,70,PRJEB31411,CAD7413317.1,328,mvfrlavvpsvveiasiavlthyllnfpwiwgfllgsvlaavspavvipclfslaargygtdkgiptlivaaasfddiiaisvfgilisiifstgsltvqiirgpaglilglvfgilwglmarhipahshpwvvgsrtiligggglmavlgseaisfdgagplgcivaafvascgwrnqgwseehnpvaenfaliwtffqpilfsligteinifvlevhivglglvclmlallvkmllsimaamgggfswkeklfvsmawfpkatvqaalgpialdlarnldakdnivladkvlivavlaimitaplgaivitlfgprllnktptslp,False,112671,Timema cristinae
Dst_b1v02_max_arth_b2g_genome,Scaffold,38545,353,PRJEB38362,CAD7247776.1,539,mqdplrpsaskqddddektstrcpfllrderelppeatrwerfrrnlpcppgvklgrvctfllalplfwlagygltgsemllngnlfklyivffacllggwfmeiirlpgllgmllvgillgnlerqtgwmehplqpgwsgkirgialvviliraglglnpeqlrrlslmvtrlafvpctveaiavacfsyfilelpwtwgfmlgfalaavspaivvpcmlriqeegygvdkgiptlllaassmddvlaisafvvflgvtfsqgsiikkifmpfaeiivgllygiilgvifwfvpnhkdsfavtevrsimlliggiasyfgsmfiemhsagalgvlslafvssigwrrqgyqddnpvslnfnylwlifqpllfgligteidlvqirvttvgyalivicgglifrccaaflavsggdlnmkekvftaiawlpkatvqaaigpnaldtalamhdpnpqhidwgrdiltiavmailisapiggicirycspkllvksrymppacvlnvsqtldegpetlgaslainasdtrvtfldqpssqd,False,56422,Darwinula stevensoni
