assembly.name,assembly.status,coverage,project.accession,protein.accession,protein.length,protein.sequence,scaffold.N50,scaffold.count,sequencing.technology,species,fasta.names,type,cds-seq,comments
SNU_Nstr_1.0,Scaffold,140,PRJNA595812,KAG1663790.1,539,mkirlqvdkvqmkeskmgecdeksnknivgeemkplnpdndeqtdvissntipitgaleevkfsekcrsrqskmkclccqhdsgsvnnfnfvieklylceimcvillwmslysiigcqllpeghlfalfilivcciiggnlisllhfppllgmlvvgfllrnvphinvaanlnpqwasalrsialvviliraglgldpqalkqlslvclrlaftpclvetivvavsshlvlglpwlwgfmlgfvlsavspavvvpsmisiqekglgcakgiptliiaaasvddvlaisgfgivlgitftegslgwtiakgpievliglaygiflgvtlwvipyrskenkyiyrflllstggtvavfgsriasfggagalgclilsfvaavgwkkedinesdqvahifanlwyffqpilfgligaeitvdnldastvgygiavlsiglffriiasffvvlgagltmkerlfialawlpkatvqaaigpvaldlaraqadkelehyglqvltisvlvilitapigaaaialsapklltpqreasndeeksv,701800,1638,PacBioSequel;,Nymphon striatum,>N.striatum-KAG1663790.1,spider,,FALSE
SNU_Nstr_1.0,Scaffold,140,PRJNA595812,KAG1694105.1,990,mmicqisvlrnlnisstksystcnaflskmelmsnlfiqpdttlfikgsssvdqnsqvkmpqsmksrsqkllsdygiikksdaagqfhflpiglrvlkklmrviddemdhigaqkilmptmtstallkksgrlekygqdiflikdrhnkdlclgptfeeavtsmvssmnvsakmlplklyqisrkyrdeerpcfgllrgrefymkdlytfdvssedaiktyesvcnayeaifkkleiehikadgdpgniggqyshefhiiadigqdtvkicsscklginlevtekedehlcsncgnafvqhkcievghtfllsdsyskvfganlkskplqmgcygigvtrllaaavevlstennirwpkaispyqiciippkrgskeeaakdmaghlyqilsssypedviiddrddmtigqrllyakrlgfpyvlicgkhvlkstpriefidiygdktdlfthsellnklvqmkgskmgecdeksnknivgeemkplnpdndeqtdvissntipitgaleevkfsekcrsrqskmkclccqhdsgsvnnfnfvieklylceimcvillwmslysiigcqllpeghlfalfilivcciiggnlisllhfppllgmllvgfllrnvphinvaanlnpqwasalrsialvviliraglgldpqalkqlslvclrlaftpclvetivvavsshlvlglpwlwgfmlgfvlsavspavvvpsmisiqekglgcakgiptliiaaasvddvlaisgfgivlgitftegslgwtiakgpievliglaygiflgvtlwvipyrskenkyiyrflllstggtvavfgsriasfggagalgclilsfvaavgwkkedinesdqvahifanlwyffqpilfgligaeitvdnldastvgygiavlsiglffriiasffvvlgagltikerlfialawlpkatvqaaigpvaldlaraqadkelehyglqvltisvlvilitapigaaaialsapklltpqreasndeeksv,701800,1638,PacBioSequel;,Nymphon striatum,>N.striatum-KAG1694105.1,spider,,FALSE
Ogib_1.0,Chromosome,80,PRJNA681589,KAG8183784.1,557,mtnpsiipspceeddavsetsksakelwsslwtcppisplttmtsmaaiaflfygsiwgltakeampggpvfglfmlalvcylggqftkliklptlvgmmvfgfilrnvpainiakdipsewgsnirhmalilillraglevdsdillkqkatctklifipfifelvagslaakylldmpwlwaftlgsmlsavspavvlpvmlklqkkgigtengvptmviavagiddvlaltayevlfgvlmgkgnmewliargpievivgiiygialgiflwyiphpeerktsvfrflllllggmfclfgsqqiewgaagalgciclpfvaairwkkhkdwddeenpvgealafiwkiiepflfgligseiklemlkptlvglslatmfialffrmaasmlaawtaglsfkeqvfvtfaglpkatvqaaigpqalnyvrgdeelagqkdliahatmiltvavlaiiifaplgsvlisilaprllskptnndveksktsvpaimdsipmyqqnssydiknenrlsnpensnsrehqnnqyssssvcsqnwrniennsnvntsekl,979336,7802,PacBioSequel;,Oedothorax gibbosus,>O.gibbosus-KAG8183784.1,spider,,FALSE
SNU_Nstr_1.0,Scaffold,140,PRJNA595812,KAG1663789.1,556,mkirlqvdkvqmkeskmgecdeksnknivgeemkplnpdndeqtdvissntipitgaleevkfsekcrsrqskmkclccqhdsgsvnnfnfvieklylceimcvillwmslysiigcqllpeghlfalfilivcciiggnlisllhfppllgnfflyfsmlvvgfllrnvphinvaanlnpqwasalrsialvviliraglgldpqalkqlslvclrlaftpclvetivvavsshlvlglpwlwgfmlgfvlsavspavvvpsmisiqekglgcakgiptliiaaasvddvlaisgfgivlgitftegslgwtiakgpievliglaygiflgvtlwvipyrskenkyiyrflllstggtvavfgsriasfggagalgclilsfvaavgwkkedinesvclnpydnassglahifanlwyffqpilfgligaeitvdnldastvgygiavlsiglffriiasffvvlgagltmkerlfialawlpkatvqaaigpvaldlaraqadkelehyglqvltisvlvilitapigaaaialsapklltpqreasndeeksv,701800,1638,PacBioSequel;,Nymphon striatum,>N.striatum-KAG1663789.1,spider,,FALSE
SNU_Nstr_1.0,Scaffold,140,PRJNA595812,KAG1694104.1,997,mmicqisvlrnlnisstksystcnaflskmelmsnlfiqpdttlfikgsssvdqnsqvkmpqsmksrsqkllsdygiikksdaagqfhflpiglrvlkklmrviddemdhigaqkilmptmtstallkksgrlekygqdiflikdrhnkdlclgptfeeavtsmvssmnvsakmlplklyqisrkyrdeerpcfgllrgrefymkdlytfdvssedaiktyesvcnayeaifkkleiehikadgdpgniggqyshefhiiadigqdtvkicsscklginlevtekedehlcsncgnafvqhkcievghtfllsdsyskvfganlkskplqmgcygigvtrllaaavevlstennirwpkaispyqiciippkrgskeeaakdmaghlyqilsssypedviiddrddmtigqrllyakrlgfpyvlicgkhvlkstpriefidiygdktdlfthsellnklvqmkgskmgecdeksnknivgeemkplnpdndeqtdvissntipitgaleevkfsekcrsrqskmkclccqhdsgsvnnfnfvieklylceimcvillwmslysiigcqllpeghlfalfilivcciiggnlisllhfppllgnfflyfsmllvgfllrnvphinvaanlnpqwasalrsialvviliraglgldpqalkqlslvclrlaftpclvetivvavsshlvlglpwlwgfmlgfvlsavspavvvpsmisiqekglgcakgiptliiaaasvddvlaisgfgivlgitftegslgwtiakgpievliglaygiflgvtlwvipyrskenkyiyrflllstggtvavfgsriasfggagalgclilsfvaavgwkkedinesdqvahifanlwyffqpilfgligaeitvdnldastvgygiavlsiglffriiasffvvlgagltikerlfialawlpkatvqaaigpvaldlaraqadkelehyglqvltisvlvilitapigaaaialsapklltpqreasndeeksv,701800,1638,PacBioSequel;,Nymphon striatum,>N.striatum-KAG1694104.1,spider,,FALSE
SNU_Nstr_1.0,Scaffold,140,PRJNA595812,KAG1694103.1,1007,mmicqisvlrnlnisstksystcnaflskmelmsnlfiqpdttlfikgsssvdqnsqvkmpqsmksrsqkllsdygiikksdaagqfhflpiglrvlkklmrviddemdhigaqkilmptmtstallkksgrlekygqdiflikdrhnkdlclgptfeeavtsmvssmnvsakmlplklyqisrkyrdeerpcfgllrgrefymkdlytfdvssedaiktyesvcnayeaifkkleiehikadgdpgniggqyshefhiiadigqdtvkicsscklginlevtekedehlcsncgnafvqhkcievghtfllsdsyskvfganlkskplqmgcygigvtrllaaavevlstennirwpkaispyqiciippkrgskeeaakdmaghlyqilsssypedviiddrddmtigqrllyakrlgfpyvlicgkhvlkstpriefidiygdktdlfthsellnklvqmkgskmgecdeksnknivgeemkplnpdndeqtdvissntipitgaleevkfsekcrsrqskmkclccqhdsgsvnnfnfvieklylceimcvillwmslysiigcqllpeghlfalfilivcciiggnlisllhfppllgnfflyfsmllvgfllrnvphinvaanlnpqwasalrsialvviliraglgldpqalkqlslvclrlaftpclvetivvavsshlvlglpwlwgfmlgfvlsavspavvvpsmisiqekglgcakgiptliiaaasvddvlaisgfgivlgitftegslgwtiakgpievliglaygiflgvtlwvipyrskenkyiyrflllstggtvavfgsriasfggagalgclilsfvaavgwkkedinesvclnpydnassglahifanlwyffqpilfgligaeitvdnldastvgygiavlsiglffriiasffvvlgagltikerlfialawlpkatvqaaigpvaldlaraqadkelehyglqvltisvlvilitapigaaaialsapklltpqreasndeeksv,701800,1638,PacBioSequel;,Nymphon striatum,>N.striatum-KAG1694103.1,spider,,FALSE
ASM378908v1,Scaffold,84,PRJNA438564,ROT75079.1,487,msngmrstelavvvdsshnldgqvieeqissadkityesgsaslkyvfdcwpphgivgrcltwtllvllgwgaaiaiigisalpggnifslmclfciavlggqlatlaklpslmdkewssalrnialvvillraglgldpaalkelsfmvlrlaftpcivetvtvatvthlllgfpwlwglmlgfilsavtpavivpcmiklseegygmdkgiptlviaassvddvlaisgfgvlmgitfaegslwwiilkgpievvmglvyglgvgalfwvlpnieersaqnlrffllgcagllavfgsqmaqfggagalgclvmafvagigwrrqgmsednnpvddkllimwelfqpflfsligaeiqvseldigtvgwglvtlaiglvfrmatsflvvmggnlnikerifvalawvpkatvqaaigsqaldfaeksgagpeivrlgeqvltitvlvilitaplgavaimlsapkllskgktkdtldlpdglpdp,605555,4683,PacBio;IlluminaHiSeq;,Penaeus vannamei,>P.vannamei-ROT75079.1,shrimp,,FALSE
SNU_Nstr_1.0,Scaffold,140,PRJNA595812,KAG1663791.1,557,mkirlqvdkvqmkeskmgecdeksnknivgeemkplnpdndeqtdvissntipitgaleevkfsekcrsrqskmkclccqhdsgsvnnfnfvieklylceimcvillwmslysiigcqllpeghlfalfilivcciiggnlisllhfppllgnfflyfsmlvvgfllrnvphinvaanlnpqwasalrsialvviliraglgldpqalkqlslvclrlaftpclvetivvavsshlvlglpwlwgfmlgfvlsavspavvvpsmisiqekglgcakgiptliiaaasvddvlaisgfgivlgitftegslgwtiakgpievliglaygiflgvtlwvipyrskenkyiyrflllstggtvavfgsriasfggagalgclilsfvaavgwkkedinesvclnpydnassgcqmiiflfiymklkkgfrkssfkcilvyeivlhsigygiavlsiglffriiasffvvlgagltmkerlfialawlpkatvqaaigpvaldlaraqadkelehyglqvltisvlvilitapigaaaialsapklltpqreasndeeksv,701800,1638,PacBioSequel;,Nymphon striatum,>N.striatum-KAG1663791.1,spider,,FALSE
Tcal_SD_v2.1,Chromosome,180,PRJNA237968,TRY75264.1,555,maspgftspgpsgspgplvpqleapplpanrghdaiksecesslegtpvvvaepnepcssadelspskssrrvvskwirpmllrhyppltsqsswrtrllyavlcpihgqiarvvtylllfvlivlvsfcllghigtppngtvflllvlvtlgalvgqaftwvhlppllgmlitgivlknlpfiefedrwavwsstlrgvalviilmraglgldpealkrlsalvfrlaflpclaetsvvavashfllgfpwlwgfmlgfvlaavspavvvpcllqlqkegygvakgiptlvmaaasvddvlaisgftivlgitfspdaslvqlafqgpleaaigvasgivgglvviflphqamdsyglarfsllvggclvclfgsklvhfpgagalavlvmsfvagfgwrkqgwsddnlvskylshlwmifqpllfgligteikvgeidqstiglglavvlisltvrvivsflsvtdrklnlrervfialawipkatvqaaigpvaydtalnleprrsdyidlghqlltiavlvilvtapigaiaimttaprlltkqgkppssa,15806032,459,Illumina;PacBioRSII;,Tigriopus californicus,>T.californicus-TRY75264.1,copepod,,FALSE
SNU_Aamp_1,Scaffold,116,PRJNA549550,KAF0289584.1,580,madptatyvfppvdpspaeqrrraserstsseekqsrsswresltgtdlatrgsgskpptisddvadgdvflgeplelqspepsgpchrcarpllrssyappagaalwrralygctcppwgwlegllsaaavtlavwglalaltgphalpggqifgilcllvlclaagwvaalvrlppllgmlimglclanvpglrsvassipegtssllrnmalmviltraglgldaaalrrlslvvlrlaftpclcetltvgvaahlllgfpwiwafmlgfvlaavspavvvpcllslqqqgygvekgvptlviaaasvddvlaisgfgvllgvnfsrgaltekllsgplevvmglgygvvggvllwylpgasnsrlallrlllltctgllalfgsqkvgyagagalaaltlafvaghgwrrsgwtgdtnpvsdaysvlwfvfqpllfgligaeiqvnalradtvglgllvlfigltvrmavtffvvlgggltvkerlfvtlawlpkatvqaaigpvaldfarqyaptpeniglgeqvvaiavlvilvtaplgaaaimlsaprllskasqvgpddkevqkvangdnta,458238,2240,PacBioSequel;IlluminaHiSeq;,Amphibalanus amphitrite,>A.amphitrite-KAF0289584.1,barnacle,,FALSE
CRF-TW_Dcit,Scaffold,98,PRJNA800468,KAI5736882.1,552,mdnkksilpqnqnrtpsiivqnnsnkvqrpedidvrnkllppsgngskdfksrtpqrekkppsrirriitepfgpknlyvlrllgwvicllvswgllytlvkeevapggqllklltlivsahiagiivshvnlppllgmlvtgivlrnikffevsgtyreivvttreialtvilikaglgldakalkklsfvvlklafipciveatgaavccyfilgmpwvwgfllgfvlsavspavvvptllklssegygeskgistmviaasslddivaisafgiflgfatnvgksdaditnqllqapieislgvlfgivwglisawlphkedkfvvfkrvfmigggglfsvlgsqmigyngagplsciisafvaclcwkwqgwsdsynpvatafsglwlimqpalfgligaeidlsqidatqigqglivlagglvfraiacttcllgtnlnwkemifvniawlpkatvqaalgsvaldilknnspppadsveyptylqelsfgrgvltiavlsilvtapvgaigiafsgtrlltnepskeknqqpsnsqiaasidhldv,23565919,453,PacBioSequelII;IlluminaNovaSeq;,Diaphorina citri,>D.citri-KAI5736882.1,hemiptera,,FALSE
CRF-UY_Dcit,Scaffold,100,PRJNA800468,KAI5704272.1,552,mdnkksilpqnqnrtpsiivqnnsnkvqrpedidvrnkllppsgngskdfksrtpqrekkppsrirriitepfgpknlyvlrllgwvicllvswgllytlvkeevapggqllklltlivsahiagiivshvnlppllgmlvtgivlrnikffevsgtyreivvttreialtvilikaglgldakalkklsfvvlklafipciveatgaavccyfilgmpwvwgfllgfvlsavspavvvptllklssegygeskgistmviaasslddivaisafgiflgfatnvgksdaditnqllqapieislgvlfgivwglisawlphkedkfvvfkrvfmigggglfsvlgsqmigyngagplsciisafvaclcwkwqgwsdsynpvatafsglwlimqpalfgligaeidlsqidatqigqglivlagglafraiacttcllgtnlnwkemifvniawlpkatvqaalgsvaldilknnapppadsveyptylqelsfgrgvltiavlsilvtapvgaigiafsgtrlltnepskeknqqpsnsqiaasidhldv,22577667,383,PacBioSequelII;IlluminaNovaSeq;,Diaphorina citri,>D.citri-KAI5704272.1,hemiptera,,FALSE
CRF-UY_Dcit,Scaffold,100,PRJNA800468,KAI5704273.1,519,msdertllahsftqdicyeaisprekkppsrirriitepfgpknlyvlrllgwvicllvswgllytlvkeevapggqllklltlivsahiagiivshvnlppllgmlvtgivlrnikffevsgtyreivvttreialtvilikaglgldakalkklsfvvlklafipciveatgaavccyfilgmpwvwgfllgfvlsavspavvvptllklssegygeskgistmviaasslddivaisafgiflgfatnvgksdaditnqllqapieislgvlfgivwglisawlphkedkfvvfkrvfmigggglfsvlgsqmigyngagplsciisafvaclcwkwqgwsdsynpvatafsglwlimqpalfgligaeidlsqidatqigqglivlagglafraiacttcllgtnlnwkemifvniawlpkatvqaalgsvaldilknnapppadsveyptylqelsfgrgvltiavlsilvtapvgaigiafsgtrlltnepskeknqqpsnsqiaasidhldv,22577667,383,PacBioSequelII;IlluminaNovaSeq;,Diaphorina citri,>D.citri-KAI5704273.1,hemiptera,,FALSE
CRF-CA_Dcit,Scaffold,119,PRJNA800468,KAI5742064.1,529,msknsvsfskivhkyisgyeelaggnypgnpgnngkhqqkmtestiqlestdpaypnghpninaqhtednflvrflrapldfvspllisyitwaiilllvwgllycilttdalpggsafnicllilvaqifgkaveylrlpsllgmliagifmknvglfsvtpgvyeeivillreialttilikagmgldaaallklsfvvirlallpclaetagasiaahfildfpwlwglllgfilsavspavvvptllelkengygndksistlviaassvddiaaislfgvilgcifsegdltskivqgplevliglawgliwglilacfpnrldknvitkrclmlgsvcslavlgsqvidlagagplgcittafiagvcwklqgwthqynpvadkfasvwnviqitlfgligaeidllemdvkvvmagavvllcgltfritacaialigaklnmkevlfvnlawlpkatvqaalapvalnlvnklnmedtpehnyatsiltiavlsilitaplgsigitwggtrllhksevair,22629945,346,PacBioSequelII;IlluminaNovaSeq;,Diaphorina citri,>D.citri-KAI5742064.1,hemiptera,,FALSE
A622,Chromosome,118,PRJNA732117,KAJ0181768.1,777,mksrerrfkvdilkraksekeatksdvkglkgvnrsfkksptsrsadaaaaasarerkkrsgvdavklhlqvtggtgrssrsatsvrktsirmasikeypfdlsdlqnqpntggntqpaqaqiqptnpaapvtvpvtapittpatnvdgkrkvsimadesskdrenlpsekngrmsaqaegpsrrksnlhnamqadmdsswdrqghiegrfkkysttssvyskkalshqsehierswwyaccqkchqedsgipsweppnwqkvcpyplcpsyrqfaqtisviiigllvwlilwivmgdtaapggqlfslavltlaayfggwlmmkittlpaligmlimgivmknlgfvnfdpqfqkvssyirkialtiiltragldldpialkkffftviklalvpwtfecvlcavmsyfllglpwdwafllgsivaavspavivpclfrlrekgygvskgiptlvlavsgvddaasvaifgivssvmfsnssltmniiqgpmsifggiafgiicgylvkfiperndaflvplrvmlllagglmsvlgseeigwggagplavivfafvacknwaelgwelednpvatafeifwmfvepmlfaitgaqvviedlephlvligsgilgtcvilravltstcavrsnlnmrekifvglawmakatvqaalgpvaldevrkmvgadpilveyaesvltvcilsivitapigaivitltgprllsktskppvlegwrrshrpsirdisiideeevaegdaeaearpsppgtpvaptaystptpitvqpnhrt,24489473,49,OxfordNanoporePromethION;,Dendrolimus kikuchii,>D.kikuchii-KAJ0181768.1,lepidoptera,,FALSE
PGI_Spodlit_v1,Chromosome,100,PRJEB36692,CAB3515165.1,807,mktrdrrakqdfrgkqdkkgvkqevsrsgkrhansvgaaesaaaarertkrsgveavklhlqvtgdpgrtsrsatsvrktsirmtaikeypfdlsdlqnqpsvagdtrptqtqpaqtqpaptqptvaqpnppsikprvsvpslegkrkvsimadesskdrenlpsdrmshsslschydsylpsdssletdalnrhwngsvsakaegpsrrksnlhnamaadmdsswdrqthiegrfkkysttssvyskkalsqqseyierswwyaccqkchsedsgipsweppnwqkvcpyplcpsyrqfaqniavliigilvwvivwivmgetaapggqlfsfavltiaayfggwlmlkittlpaligmlivgiimknvglvnfdetyqhvasyirkialtiiltragldldpnamkkyfltviklalvpwtfecvlcavlayfllglpwnwafllssiiaavspavivpclfrlrekgygvskgiptlvlavsgvddaasvavfgivssimfssasltmnviqgplsviggivlgvlcgylvkfvperndaflvplrvilllagglmmvlgseeigwggagplaviafafvacknwtdlgwelednpvatafeifwmffepmlfavtgaqvviadlephlvligggilvtcavlraivtstcavrsnlnmkekifvglawmakatvqaalgpvaldevrkmaggepdpvmieyaetvitvcimsivitapigaivitltgpkllsrttkppvlegwrrshrpsirdisiideeevaerdaeaeaeysrpsspkarpavasstpapitvqpghnss,14828214,31,FALSE,Spodoptera littoralis,>S.littoralis-CAB3515165.1,lepidoptera,,FALSE
PGI_SPEXI_v6,Chromosome,100,PRJEB36598,CAH0700695.1,773,mktrdrrakqdfrgkqdkkgvkqevsrsgkkhansigaaesaaaarertkrsgveavklhlqvtgdpgrtsrsatsvrktsirmtaikeypfdlsdlqnqpsvagdtrptqtqpaqtqpaatqpnppaikprvsvpslegkrkvsimadesskdrenlpsdrngsvsakaegpsrrksnlhnamaadmdsswdrqthiegrfkkysttssvyskkalsqqseyierswwyaccqkchsedsgipsweppnwqkvcpyplcpsyrqfaqniavliigilvwvivwivmgetaapggqlfsfavltiaayfggwlmlkittlpaligmlivgiimknaglvnfdetyqhvasyirkialtiiltragldldpnamkkyfltviklalvpwtfecilcavlayfllglpwnwafllssivaavspavivpclfrlrekgygvskgiptlvlavsgvddaasvavfgivssimfssasltmnviqgplsviggivlgilcgylvkfvperndaflvplrvilllagglmmvlgseeigwggagplaviafafvacknwtdlgwelednpvatafeifwmffepmlfavtgaqvviadlephlvligggilvlcavlraivtstcavrsnlnmkekifvglawmakatvqaalgpvaldevrkmaggepdpvmieyaetvitvcimsivitapigaivitltgpkllsrttkppvlegwrrshrpsirdisiideeevaerdaeaeaehsrpsspkarpavasstpapitvqpghnss,15192570,35,FALSE,Spodoptera exigua,>S.exigua-CAH0700695.1,lepidoptera,,FALSE
ASM1567961v1,Contig,51,PRJNA641931,KAF9414715.1,566,mvaliqngsvsakaegpsrrksnlhnamaadmdsswdrqthiegrfkkysttssvyskkalsqqseyierswwyaccqkchsedsgipsweppnwqkvcpyplcpsyrqfaqniavliigilvwvivwivmgetaapggqlfsfavltiaayfggwlmlkittlpaligmlivgiimknaglvnfdetyqhvasyirkialtiiltragldldpnamkkyfltviklalvpwtfecilcavlayfllglpwnwafllssivaavspavivpclfrlrekgygvskgiptlvlavsgvddaasvavfgivssimfssasltmnviqgplsviggivlgilcgylvkfvperndaflvplrvilllagglmmvlgseeigwggagplaviafafvacknwtdlgwelednpvatafeifwmffepmlfavtgaqvviadlephlvligggilvlcavlraivtstcavrsnlnmkekifvglawmakatvqaalgpvaldevrkmaggepdpvmieyaetvitvcimsivitapigaivitltgpkllsrttkppvlegkiyytlyfv,989233,1078,OxfordNanoporeGridION;IlluminaHiSeq;,Spodoptera exigua,>S.exigua-KAF9414715.1,lepidoptera,,FALSE
iArcPla.TrioW.curated.20190705,Scaffold,75,PRJEB36595,CAB3231150.1,770,mktrdrrvksvsqrktqdkkgtqeisrgskrdrttgtahsgdtqgksharakrsgveavklhlkatgdpgrtsrsataairikvrktsvrmtaikeypfdlsdlqnqpvagedkpsalqqitvptrkksklsvgsqdgkrkvsimadesskdrenlpsererngnvsakaegpsrrksnlhnvmagdmdnswdrqghiegrfkkysttssvyskkaisqqseyierswwyaccakchtedsgipsweppnwqkvcpfplcpsyrqfaqnisvliigilvwvtiwiimgdtaapggqlfmlsiltivayfggmllmklttlpaligmlfvgiimknigfvnfdedyqhvtsyirkialtiiltragldldpiamkkhfftvvklalvpwtfecllcavlaffflglpwdwafllssivaavspavivpclfrlrekgygvskgiptlvlavsgvddaasvavfgiilsimfstvsvtmniiqgplsiiggivlgvvcgylvkyiperndaflvplrvlliligglamvlgseeigwggsgplaviaysffacknwtelgwelednpvatafevfwmffepmlfavtgaqvvivelephlvlvgggilvacvvlraivtsacavrsnlnmkekvfvglswmakatvqaalgpvaldevrkmagiepdpvlvgyaetvltvcimsivitapigaiiitlmgpkllsrttkppvlegwrrshrpsirdisiideeevaerdaeaeaqtsvpgspatpaaystpapitvqpanhs,6730127,1071,FALSE,Arctia plantaginis,>A.plantaginis-CAB3231150.1,lepidoptera,,FALSE
SP_BI_364.v2_0,Chromosome,69,PRJEB49202,CAH0726637.1,644,mshsslschydsylpsdssletdaltnrhwngrvsaqaegpsrrksnlhnalaaemdtswerpthiegrykkysttssiyskkalshqsehierswwyaccqkchaedtgipswepphwqkicpyplcpsyrrfaqnlsilligimiwvivwiilgdtaapggqlfmfavltiaahfggwlmvkvttlpaligmlivgiimknigfvnfdsdyqhvasyvrkialtiiltragldldpgamkkffftvlklalvpwtfecvlcavmsnlllglpwdwaflmgsifaavspavivpclfrlrekgygvskgiptlvlavsgiddaasvavfgivssimfsnsslttniiqgpvsiiggiafgvfcgylvkyipekndaflvpirvllllagglmsvlgseeigwggggplaviafafvackewveqgwelednpvatafeifwmffepmlfavtgaqiviadlpphlvlvsagiimtciilralltsvsavrsnlnmkekifvgfawmakatvqaalapvaldevrkmagddeskiellnyaemvftvcimsivitapigaivititgprllskttkppvlegwrrshrpsirdisiideediaerdaeaeagtqhsppvspiptavpnaistpnpitvqpnsrt,29515433,36,FALSE,Brenthis ino,>B.ino-CAH0726637.1,lepidoptera,,FALSE
iArcPla.TrioW.curated.20190705,Scaffold,75,PRJEB36595,CAB3231151.1,637,mshsslschydsylpsdssletdalnrhwngnvsakaegpsrrksnlhnvmagdmdnswdrqghiegrfkkysttssvyskkaisqqseyierswwyaccakchtedsgipsweppnwqkvcpfplcpsyrqfaqnisvliigilvwvtiwiimgdtaapggqlfmlsiltivayfggmllmklttlpaligmlfvgiimknigfvnfdedyqhvtsyirkialtiiltragldldpiamkkhfftvvklalvpwtfecllcavlaffflglpwdwafllssivaavspavivpclfrlrekgygvskgiptlvlavsgvddaasvavfgiilsimfstvsvtmniiqgplsiiggivlgvvcgylvkyiperndaflvplrvlliligglamvlgseeigwggsgplaviaysffacknwtelgwelednpvatafevfwmffepmlfavtgaqvvivelephlvlvgggilvacvvlraivtsacavrsnlnmkekvfvglswmakatvqaalgpvaldevrkmagiepdpvlvgyaetvltvcimsivitapigaiiitlmgpkllsrttkppvlegwrrshrpsirdisiideeevaerdaeaeaqtsvpgspatpaaystpapitvqpanhs,6730127,1071,FALSE,Arctia plantaginis,>A.plantaginis-CAB3231151.1,lepidoptera,,FALSE
Harm_1.0,Scaffold,267,PRJNA378437,PZC78836.1,769,mktrdrrakqdfrgkqdkkgvkqdisharsgkrhahssssaesaaaarertkrsgveavklhlkvtgdpgrtsrsatsvrktsirmtaikeypfdlsdlqnqpsvvsesrpapapapnppasaikqrvsvpslegkrkvsimadesskdrenmpsdrdrngsvsakaegpsrrksnlhnamaadmdtswdrqahiegrfkkysttssvyskkalsqqseyverswwfaccqkchsedagipsweppnwqkvcpfplcpsyrqfaqnvavliigllvwmtlwivmgdtvapggqlfsfavltivayfggwlmqkittlpaligmlimgivmknvglvnfddtfqtvasyirkialtiiltragldldpsamkkyfltviklalvpwtfecilcailayfflglpwnwafllssiiaavspavivpclfrlrakgygvskgiptlvlavsgvddaasvavfgtivsimfsnasltmniiqgplsvvggivlgvlcgylvkfvperndaflvplrvlmllmgglmmvmgseeigwagagplaviafafvacknwtemgwelednpvatafevfwmffepmlfavtgaqvviaeleprlvmigggilitcvilrsivtsvcavrsnlnmrekifvglawmakatvqaalgpvaldqvrymlvdgkpdplmiqyaetvvtvcilsivitapigaivitltgpkllsrttkppvlegwrqthrpsirdisiideeevaerdaeaegsrpgsprprtaassppapitvqpphnppq,1000414,998,FALSE,Helicoverpa armigera,>H.armigera-PZC78836.1,lepidoptera,,FALSE
IP_504.v2_0,Chromosome,56,PRJEB51340,CAH2066547.1,804,mktrdhrlsnlsqrgnrspkldkkgtkhegrrtrnsqvpgsppgarrerskrsgveavklhlqetggtgrtsrsatshkalrksqrvsgypvflvhsslrfkrksarvvpqtnvtnslvnltvrktsirmaaikeypfdlsdlqnkqncgdetsqtpdrsnqnqsklnsdsvpaqgtpeegkrkvsimanenskdrenqpsernarvsaqaegpsrrksnlhnamaaemdsswdrpahiegrykkysttssiyskkaqshqsehierswwyaccqkchqeesgvpsweppywqkicpyplcpsyrhvaqtlsvfligvlvwviiwivmgntaapggqlftlavltiaayfggwimvkvttlpaligmlivgivmknigfvnfdenylhvcsyiragldldpvalkkyfltviklalipwtfecvlcavmanlllglpwdwafllgsiiaavspavivpclfrlrgkgygvskgiptlvlavsgvddaasvavfgivssimfanssvtmniiqgpmsviggiafgvfcgylvkyiperndaflvplrvllllagglmsvlgseeigwggagplaviafgfiacknwaeqgwelednpvatafeifwmffepmlfsvtgaqvviaeldshlvlvgggilitcvvlramltsasavrsnlnmkekvfvglawmakatvqaalgpvaldevrkmsgddeskaelikyaeivvtvcimsivvtaplgamvitvtgprllskttkppvlegwrrshrpsirdisiideeevaereceadsspevspaapnayntstpapvpvtvqpnhrt,15090856,260,FALSE,Iphiclides podalirius,>I.podalirius-CAH2066547.1,lepidoptera,,FALSE
IP_504.v2_0,Chromosome,56,PRJEB51340,CAH2066549.1,706,mignswptpllksvftsltvkrlvvrktsirmaaikeypfdlsdlqnkqncgdetsqtpdrsnqnqsklnsdsvpaqgtpeegkrkvsimanenskdrenqpsernarvsaqaegpsrrksnlhnamaaemdsswdrpahiegrykkysttssiyskkaqshqsehierswwyaccqkchqeesgvpsweppywqkicpyplcpsyrhvaqtlsvfligvlvwviiwivmgntaapggqlftlavltiaayfggwimvkvttlpaligmlivgivmknigfvnfdenylhvcsyiragldldpvalkkyfltviklalipwtfecvlcavmanlllglpwdwafllgsiiaavspavivpclfrlrgkgygvskgiptlvlavsgvddaasvavfgivssimfanssvtmniiqgpmsviggiafgvfcgylvkyiperndaflvplrvllllagglmsvlgseeigwggagplaviafgfiacknwaeqgwelednpvatafeifwmffepmlfsvtgaqvviaeldshlvlvgggilitcvvlramltsasavrsnlnmkekvfvglawmakatvqaalgpvaldevrkmsgddeskaelikyaeivvtvcimsivvtaplgamvitvtgprllskttkppvlegwrrshrpsirdisiideeevaereceadsspevspaapnayntstpapvpvtvqpnhrt,15090856,260,FALSE,Iphiclides podalirius,>I.podalirius-CAH2066549.1,lepidoptera,,FALSE
IP_504.v2_0,Chromosome,56,PRJEB51340,CAH2066551.1,630,mshsslschydsylpsdssletdalnrhwnarvsaqaegpsrrksnlhnamaaemdsswdrpahiegrykkysttssiyskkaqshqsehierswwyaccqkchqeesgvpsweppywqkicpyplcpsyrhvaqtlsvfligvlvwviiwivmgntaapggqlftlavltiaayfggwimvkvttlpaligmlivgivmknigfvnfdenylhvcsyiragldldpvalkkyfltviklalipwtfecvlcavmanlllglpwdwafllgsiiaavspavivpclfrlrgkgygvskgiptlvlavsgvddaasvavfgivssimfanssvtmniiqgpmsviggiafgvfcgylvkyiperndaflvplrvllllagglmsvlgseeigwggagplaviafgfiacknwaeqgwelednpvatafeifwmffepmlfsvtgaqvviaeldshlvlvgggilitcvvlramltsasavrsnlnmkekvfvglawmakatvqaalgpvaldevrkmsgddeskaelikyaeivvtvcimsivvtaplgamvitvtgprllskttkppvlegwrrshrpsirdisiideeevaereceadsspevspaapnayntstpapvpvtvqpnhrt,15090856,260,FALSE,Iphiclides podalirius,>I.podalirius-CAH2066551.1,lepidoptera,,FALSE
EGII-3.2.1,Scaffold,100,PRJEB36344,CAD6994394.1,559,wrilvkhwpfisqplalaavfialwvlgyvllpdyalpntpimrifflfvgaqltgvlvtfialpdmlgmlffgvlytnvgladftgynkfeaflremalinimllaglgldasafkklwfmilrltlvptiaevtiiamiarftldmpwfwgillglvvtavspnvvvtvmlklkeerlglnsgihtliyamtscndvvaiflfgvilsvifstdksltqqilqgpigigigivfgyvyglmltilpstktaylnglrfvltvlggtisvmgsrtigypsagalgcmtiaffagigwkgqqqhltpqqlqrqlenenssvparldllwkflkpvsfsligkeinfdvldgrvvgygallvllgslfrlafaylstyggnltrkerayitisgfpkatvqaalgplaldmarslkgvdeqsinlasnvliisvlaiiftaplgavlmlrlaplwlqrsdvhgegngnsnsrdcdvnefvssksnntdspddtlkiskkiaqslsqagsktqnngssnslkgavdvytvdgdgdgngdagqvsrtqspwakederkasrh,77384262,71,FALSE,Ceratitis capitata,>C.capitata-CAD6994394.1,diptera,,FALSE
ASM2521726v1,Scaffold,124,PRJNA419080,KAI8130912.1,799,mtfdiatpvvtslddtnekelnrqkaynsprstttkpkceihkdknnddeyskaqqpsqitlqqiknekqqredttktagvnkkihqddgddddddevseealepnenehllggqeqqqamensatvpalvnfnetlstatsderrakykryredeeadnpnkysanplgssqsfitstkiiaedidlkthcklelhkfpkemtqsqnnineqngssiiltptlltpttdgqhvftniggsaagaegggrevaaatfhddvykgpkiwqylvrnypvtsqplailiifivlwllgyvlmpeyaipstaimrlillivgaqiagilvtfiklpdmlgmlffgvlytnvgladfsgyqkleaflremalinimllagfgldanafkklwfmilrltliptiaevaiitvlahfllnmswlwgillglvitavspnvvvtvmlklkeerlglnngihtliyamttcndvvaiflfgvfcgvifstgtlteqilqgpigigigivfgyvyglmlqylpsrnaiyvnglrfvltvlggtiavmgsktigypsagalgcvtvafiasigwkrqekkltpqqlqtyenanvgkrldlmwkflkpvsfaligkeinfavldvkvvgygvllvvlgsvfrlafaylstyggnltikergyitissfpkatvqaalgpialdmarslntdadtlslasnvliisvlaiiftaplgailmlrlapiwlkrsatnddimaednrggnvnmtveyensrqdnpnnlefagndnldrnqkaqtdklvnmnkfvgfivlrlnnnfikclhfkil,6922854,560,DovetailChicago;,Lucilia cuprina,>L.cuprina-KAI8130912.1,diptera,,FALSE
Yale_Gfus_2,Scaffold,56,PRJNA596165,KAI9577037.1,558,memlpptdnnnelngpitltpisltttnadnsltrfgsegrprenekyddhqykgpkiwlylvrnwpimseplaiififlslwtigyilmptyalphtvvmriiflfigaqtigvlftfiqlpdmlgmlffgvlyanlgwanfkdyekfeaflremalinimllaglglnanafkklwfmilrltliptvaevaiiailgrfllsmpwlwgvclgliitavspnvvvtvmlklkeerlglndgihtliyamtacndilaiflfgvmigiifskghlseqllqgpigigiglvygslfglmlqfvpsrnatyanglrfvltvlggtisvmgskaidytsagalgcvtlafiagigwrrqqlkltveerhanenstvakrldllwkflkpvsfaligkeinfavlnakvvsygallvllgslsrlvfayvstygghltkkerayitisgfpkatvqaalgpialdlarslnasadklllasnvliisvlaiiftaplgailmlrlaprwlkhtplegshpyafdnpaqysvedntidtvceqchrvepissqkrrnslnv,9601783,7986,IlluminaNovaSeq;,Glossina fuscipes,>G.fuscipes-KAI9577037.1,diptera,,FALSE
tlon_1.0,Scaffold,85,PRJNA449506,TGZ49087.1,617,mdiemgssrtnkpseelakrrvsisdqvmgidnpafehnrrisassehnsdqgrrksilhhggsaenipqykfdlengringnrkksayslsssirdkieyseelerswlylfcarchgrddtpsweppgwrracpqpfcptyrkfarvlclfllglllwgvvysvigndaapggqlfglaalciaahfggwlislttlpaligmlitglilqnvglvkiegqytvvvsnlrkialviiltragldldptalkrlkvtvpklglipwvveatvvatltkylldlpwvwgfllgsviaavspavvvpclfrlrskgygvakgiptliiavagiddaasvavfgivksvmfshdalwyqilqgpiaiigglgfgimwgwlakyvpekgdpfmvplrvlmllgggllavfgseaielggagplavvaaafvscyfwqqegwdvddnpvatsfeifwmifepilfgvtgtqikinelegktvxlglgclvagivirigatvlvgigsklnlkekvfialswmakatvqaalgpvtldevdkndqqqveyaetvlmmcvlsvlltapagaiiislsgpklltkttapvtppeawktrrpsmrdisiinedpdleetanerkp,514432,3987,IlluminaHiSeq;,Temnothorax longispinosus,>T.longispinosus-TGZ49087.1,hymenoptera,,FALSE
Ebur_v1.0,Scaffold,250,PRJNA632625,KAH0956584.1,620,meidmggrtnrpseelakrrvsisdqimgldnpafehhrrisassehnsdqgrrksilhhggshcdsaenipqykfdlengringnrkksayslsssirdkieyseelerswlylfcarchgrddtpsweppgwrracpqpfcptyrkfarvlclfllglllwgivysvigddaapggqlfglaalciaahfggwlislttlpaligmlitglilqniglvtiegqyntvianlrkialviiltragldldptalkrlkvtvpklglipwvveatvvaaltnylldlpwiwgfllgsiiaavspavvvpclfrlrakgygvakgiptliiavagiddaasvaiygivksvmfsqdalwyqilqgpiaivgglgfgimwgwlakyvpekgdpfivplrvlmllgggllavfgseaielggagplavvaaafvscyfwqqegwevddnpvatafeifwmifepilfgvtgtqirikelegktvylglgcllagivirisatvlvsigsklnlkekvfialswmskatvqaalgpvtldevdkndekqfeyaqtvlmmcvlsvlltapsgaiiislsgpklltkttapvgppeiwktrrpsirdisiinedpdleetandrkp,2464435,449,IlluminaHiSeq;IlluminaMiSeq;,Eciton burchellii,>E.burchellii-KAH0956584.1,hymenoptera,,FALSE
MPM_Cglom_v2.3,Chromosome,130,PRJNA715233,KAH0554196.1,613,mdnigqnlrsfedttrsrrvsisdqvigidnpifdhhrqisvssdhnsdcqkkksilhhssvenlqhkldldnghtnnqirkksamslsssirdkieyteelkrswlylfctrchgkddtpsweppgwrracprpfcpsfrkfarilclvllglmiwgvtysvigadaapggplfglatlaiaahfggwlfslttlpaligmlltgfvmqntglvyiegrysevianlrkvalviiliragldldpnalkrqkitlpkiglipwtveatlvavttrylldlpwiwtfligsivaavspavvvpclfrlrrkgygvakgiptliiaiagiddaasvaifgiiksvlfshdslwyqilqgpisiigglgfgilwgylskyvpekgdpykiplrvlmllfgglisvfgseaielggagplavvaaafvscyfwqeegwdvednpvaiafeifwmifepilfgitgtqikidelegetiylsvgclliaiilrivvtfvvsfkskvnnkekifialacmakatvqaalgpvaldfvkkddieqkryaettltfcilsilltaptgaiiislagpklltktttpaepqegwrsrkpsirdisiinedpdleensvnnh,27756834,3354,OxfordNanoporeMinION;IlluminaHiSeq;Hi-C;,Cotesia glomerata,>C.glomerata-KAH0554196.1,hymenoptera,,FALSE
CerBir1.0,Scaffold,123,PRJNA230364,EZA57806.1,621,meidmsgrtnrpseemakrrvsisdqimgidnpafehhrrisassehnsdqgrrksilhhgggshcdsaenipqykfdlengringnrkksayslsssirdkieyseelerswlylfcarchgrddtpsweppgwrracpqpfcptyrkfarvlclfllglllwgvvysvigddaapggqlfglaalciaahfggwlislttlpaligmlitglilqniglvsiegqytvvvanlrkialviiltragldldptalkrlkvtvpklglipwvveatviavttkylldlpwvwgfllgsiiaavspavvvpclfrlrakgygvakgiptliiavagiddaasvaiygiiksvmfshdalwyqilqgpiaivgglgfgimwgwlakyvpekgdpfivplrvlmllgggllavfgseaielggagplavvaaafvscyfwqqegwevddnpvatsfeifwmifepilfgvtgtqirinelegktvylglgcllagivirisatvlvsigsklnlkekvfialswmskatvqaalgpvtldevdkndekqleyaqtvlmmcvlsvlltapsgaivislsgpklltkttapvgppevwktrrpsirdisiinedpdleetandrkp,1350650,4579,FALSE,Ooceraea biroi,>O.biroi-EZA57806.1,hymenoptera,,FALSE
ASM1904944v1,Scaffold,157,PRJNA731354,KAG7201324.1,620,mdvdmpgrtnkpseelakrrvsiseqvlgvdnpafdhhrrisassehnsdqgrrksilhhggsncgsaenipqykfdlengringnrkksafslsssirdkieyseelerswlylfcarchgrddtpsweppgwrracpqpfcptyrkfarvlclfllglmlwgivysiigedaapggplfglaalciaahfggwlfslttlpaligmlitgiilqnvglvsiegrynivvanlrkialviiltragldldpnalkrlkvtvpklglipwvieatvvaaltryllglpwiwgfllgsviaavspavvvpclfrlrekgygvakgiptliiavagiddaasvaiygivksvmfshdalwyqilqgpiaivgglgfgvlwgwlakyvpekgdpfmvplrvlmllgggllavfgseaielggagplavvaaafvscyfwqkegwevddnpvatsfeifwmifepilfgvtgtqikidmlegktvylalsclvagiviriaatilvgigsklnlkekvfialswmakatvqaalgpttldevnaddpvqvayaetvlticvlsilltapagailislsgpklltkttapvvppegwrtrrpsirdisiinedpdleetanerkp,9128341,7342,IlluminaHiSeq;,Ampulex compressa,>A.compressa-KAG7201324.1,hymenoptera,,FALSE
Cotesia_congregata_Chromosomal_scale_assembly,Scaffold,157,PRJEB43234,CAG5095999.1,618,mdnigqnlrsfedttrsrrvsisdqvigidnpifdhhrrisassdhnpdcqkkksilhhssvenlqhkldldnghtnnqirkksamslsssirdkieyteelkspcfsrswlylfctrchgkddtpsweppgwrracprpfcpsyrkfarvlclillglmiwgvtysvigadaapggplfglatlaiaahfggwlfslttlpaligmlltgfvmqntglvyiegrysevianlrkvalviiliragldldpnalkrqkitlpkiglipwtveatlvavttrylldlpwiwtfligsivaavspavvvpclfrlrrkgygvakgiptliiaiagiddaasvaifgivksvlfshdslwyqilqgpisiigglgfgilwgylskyvpekgdpykiplrvlmllfgglisvfgseaielggagplavvaaafvscyfwqeegwdvednpvaiafeifwmifepilfgitgtqikidelegetiylsvgclliaitlrivvtfvvsfkskvnnkekifialacmakatvqaalgpvaldfvkkddieqkryaettltfcilsilltaptgaiiislagpklltktttpaepqegwrsrkpsirdisiinedpdleensvnnh,20027981,1978,FALSE,Cotesia congregata,>C.congregata-CAG5095999.1,hymenoptera,,FALSE
Aech_3.9,Scaffold,107,PRJNA62733,EGI63990.1,620,mdiemsgrtnkpseelakrrvsisdqvigldnlafehhrrisagsehnsdqgrrksilhhggshcdsvenipqykfdlengringnrkksayslsssirdkieyseelkrswlylfcarchglddtpsweppgwrkacpqpfcptyrkfarivclfllglllwgviysiigndaapggqlfglaavciaayfggwlfslttlpaligmlitglilqnvglvkiegqytlvvsnlrkislviilvkagldldpvalkklkvtvpklglipwvvetivvavltkylldlpwvwgfllgsviaavspavvvsclfrlrakgygvakgiptliiaisgiddavsvavfsivksvmfshdalwyqilqgpisiigglgfgvvwgwlakyvpekgdpfivplrvlmllgggllavfgseaielggagplavvaaafvscyfwrqdgwdmddnpvatsfeifwiifesilfgltgtqikiselegktvyialgcllvgivirigitivlgigsklnfkekmfialalmskatvqaalapvtldevdkndheqveyaeivlmmcvlsvlltapagaimitilgpklltkttvpvsppeawktrrpsirdisiinedpdleetanerkp,1110580,4339,FALSE,Acromyrmex echinatior,>A.echinatior-EGI63990.1,hymenoptera,,FALSE
Pv_5.2,Chromosome,375,PRJNA660906,KAG5673013.1,524,mlnnsyentendtnghqqnlnhnstvpvpsidlnmaleareveegqkiaafeatninhtnethhnsapkiwqylkrhwpvasqpialviifllswgiasslfpgqvyanstlmriiflfigaqasgylvsfaglpdmlgmigfgvlyknigvgyfdgyekleavlremalvnimllaglgldldalrrlfgiimrltliptiaevaiitvcvyyllnfpwlwgvllgfivtaispnvvvsillnlkeerlglnkgihtviiavtscndviaiflfgvvlgiafstgnlthqllqgpvgivmgcvfgalsglvvlkfpsdkskyanglrfttivlsgalsvmgskylgypsagalgcisasfvagtgwrrhkkrnaafatevesyldllwkflkpvsfsligkevdfkvldgnivlygmvaliagvvfrlvsgylsfcggnmnskekayitlsgfpkatvqaalgpvaldlaraqkvddatyslansvlvisvlaiistaplgallmtklapkwlkkgnsdenet,35209052,387,IlluminaHiSeq;PacBioRS;,Polypedilum vanderplanki,>P.vanderplanki-KAG5673013.1,diptera,,FALSE
Pv_5.2,Chromosome,375,PRJNA660906,KAG5673012.1,518,mknlkntnghqqnlnhnstvpvpsidlnmaleareveegqkiaafeatninhtnethhnsapkiwqylkrhwpvasqpialviifllswgiasslfpgqvyanstlmriiflfigaqasgylvsfaglpdmlgmigfgvlyknigvgyfdgyekleavlremalvnimllaglgldldalrrlfgiimrltliptiaevaiitvcvyyllnfpwlwgvllgfivtaispnvvvsillnlkeerlglnkgihtviiavtscndviaiflfgvvlgiafstgnlthqllqgpvgivmgcvfgalsglvvlkfpsdkskyanglrfttivlsgalsvmgskylgypsagalgcisasfvagtgwrrhkkrnaafatevesyldllwkflkpvsfsligkevdfkvldgnivlygmvaliagvvfrlvsgylsfcggnmnskekayitlsgfpkatvqaalgpvaldlaraqkvddatyslansvlvisvlaiistaplgallmtklapkwlkkgnsdenet,35209052,387,IlluminaHiSeq;PacBioRS;,Polypedilum vanderplanki,>P.vanderplanki-KAG5673012.1,diptera,,FALSE
Edan_2.0,Scaffold,207,PRJNA171755,KAF4525946.1,497,metlmkelntndcemsatdlelqapetktgetdkephagcmrrawevarpdvlcprpsrvqhavllliaplvlllsvvslvgppalppsgpifqmlllfvmaaavgqlvslvrlppllgmlltgillrnvgafymeggylqavsslrlcamvvilskaglglnaaalrklscavlrlalgpcgveaatsacaarlllgmpwlwaallgcilaavspavvvpallglkergygedkgistlviaassiddiaaisafgiflgiifaegsltrqilqgpleviigltyglcygfmliyvphakasmaaswrallvaaggvmavlgsqsigfdgagplgcitaafvaacgwraqdststapveetfsqlwllfqpvlfgligteiviseldrstvvlglcvllcgltlrivavglvtmggflslkeqlfvtiawlpkatvqaalapvaldiarqtgaseevielaeqvltvavlsilvtapigaigisvsgprllnasrp,599527,8161,IlluminaHiSeq;,Ephemera danica,>E.danica-KAF4525946.1,ephemera,,FALSE
CLODIP2,Scaffold,132,PRJEB34721,CAB3359964.1,444,mtlclaiaatlltfgalisllgnaavppdggifqlvmltfvalafgflaslcklppllgmliagimlknvgafnlegtyldavstlrklamvvilikaglgldplalkrlsctvlrlafcpclveavtvmcaanlllrmpwlwgillgcvlgavspavvvpsllglkeqgygedkgiatlviaasslddiaaislfgiflgliftdqggnltmlilqgpieifigiafglcygllivyvphreesnvkiwrillllgggilsvlgserigfggagplglivaafvassgwfsnpnnanitktvegffstawvifqpilfgligteikfseletstlllglavlffglclrvatvwiitvngilslkerlfvsiawfpkatvqallapialdlaretnapeemihlgeqvltiavlsilvtapigavaikfsgprllnqmkneqs,461411,1395,FALSE,Cloeon dipterum,>C.dipterum-CAB3359964.1,ephemera,,FALSE
CRF-UY_Dcit,Scaffold,100,PRJNA800468,KAI5704627.1,520,msknsvsfskivhkyisgyeelaggnypgnpgnngkhqqkmtestiqlestdpaypnghpninaqhtednflvrflrapldfvspllisyitwaiilllvwgllycilttdalpggsafnicllilvaqifgkaveylrlpsllgmliagifmknvglfsvtpgveialttilikagmgldaaallklsfvvirlallpclaetagasiaahfilnfpwlwglllgfilsavspavvvptllelkengygndksistlviaassvddiaaislfgvilgcifsegdltskivqgplevliglawgliwglilacfpnrldknvitkrclmlgsvcslavlgsqvidlagagplgcittafiagvcwklqgwthqynpvaehfasvwnviqitlfgligaeidllemdvkvvmagavvllcgltfritacaialigaklnmkevlfvnlawlpkatvqaalapvalnlvnklnmedtpehtyatsiltiavlsilitaplgsigitwggtrllhksevair,22577667,383,PacBioSequelII;IlluminaNovaSeq;,Diaphorina citri,>D.citri-KAI5704627.1,hemiptera,,FALSE
Mus_1.0,Chromosome,380,PRJNA896355,KAJ1530432.1,542,mtsdsatnqesgglgqepsnttqllpekekevltetgkddnseqaraeadpesvsaqskiasgvaptlicptmtrhhfiatrleifailgalfyvvisfswaepirepalqlvslfvlaqifgvlvkfvhlppllgmllagillkqidyfhaegiflkftatvrscamtmillraglglnplvlcrlstvvlrvavfpcsveavtvavvshylldlpwqwgfllgfilsavspavlvpslltlqsngygenkgiatlviaassldniyaitifgiflsaifsqgsimelvvqgplevligiiwgiligvisiyiphsdeksviklrtimvcasgllavlgsqlvgyagagplgcivgafvagcgwrafsststyepvmlhlteywlllqpflfgligteidisslggnslqvaglsaavitigvvvrmlaccisvqgcglnfqetlfvglswlpkatvqaaigpvaldlarsiafnqeqnihlaekvlmiavlsviltapigaigilgagpllltrskteesiiekksededhpdaelqevl,13852586,907,PacBioSequel;,Megalurothrips usitatus,>M.usitatus-KAJ1530432.1,thysanoptera,,FALSE
PGI_NEZAVIv3,Chromosome,100,PRJEB47893,CAH1388393.1,555,mssqdmdsspveelrpaishdrlggsdgavnqlsqsrsntpqktisvldvpekdaeigkcdnrrcgwlerglrgqcglshswsltmlglllilllvwailyallrvevapggdlfklivlilvayvsggvvarlrlppllgmliagivlrtcgffkvqgvyldiiiklretaltvilikaglgldapallklslvvlrlaflpcigeavaaafvsyylldypwlwglllgfmlsavspavvvpvllslqergygeskgistlviaasslddivaisvfgvflgmifstgdltqqilqgpiemliglafgvfwglvasfiphrsdnyvtakrsvmigagglcavlgselihysgagplacivasfiaclswklqgwssshnpvadvfsvvwqilqpmlfgligaeidltilelhtvalgllviigalvfrvivcctvllgsklnwkeilfvnlawlpkatvqaalgpealdqvrtqenpdpldmkrgaqmltiavlsilltapigsigisvtgplllsnepvknkekavavnetsmhmsegtehanakesgvgtsv,181513190,84,FALSE,Nezara viridula,>N.viridula-CAH1388393.1,hemiptera,,FALSE
ASM973950v2,Chromosome,100,PRJNA526332,KAF6215493.1,759,mplhvelrggsastggvlpllpklswrdgrkneyaeklgalmsepldynaaaqdlvssmigrvvraaeassmggmespggrepwwdwscsrarsrsfsllrlfresgssmvraaylsanalyksvcrrrekeyydelaaqfsrvrdarydwtfsqdlfryylsefkineisiiyyggvttkkvnplegnsapsllwfssvgtkrakessedvqlmprkgldsrmtkegekapkecevllkgpeseagaqivpavngsplkketveqrkcgcgggvvklissqgnlgntwfltigsllvilaltwgvlyvllldeaapggdlfkllilivsayfagqlvalcklppllgmliagialrtcgfykiggvyleiviklreaalttilikaglgldapallklsftvlklafvpclaeaaaaavvahvcfdypyfwgfmlgfmlsavspavvvptllslkaegygeskgistlviaasglddivaislfgvfqgmiftpgsiasqvsvgpiemvmglsvgilwglfiafvphrddayvtakrtillgagslgavlgsekihyggagplacitsafvasfawknqgwsnsyhpvadnfstvwlfiqpvlfgligaeidllalhsetiamgfivvfgaliirfaacvlcvlgtklnwkeilfvnlawlpkatvqaalgpepldkvrssgdpneadllrgqqlltiavlsilitapigsigisisgpyllsnegwegdkekvksiegadtamhmsegsedverakv,68132828,191,PacBioSequel;,Apolygus lucorum,>A.lucorum-KAF6215493.1,hemiptera,,FALSE
ASM1446618v1,Chromosome,97,PRJNA643352,KAF7383363.1,660,memegkgtttrpceeltkrrvsiseqvfgvdnpafehhrrissssehnsdqgrrksilhhtgsnydsvenipqhnkfdlaengrangnrkksafsltssirdkieyseelerswlylfcarchgrddtpsweppgwkracpqpfcpsyrkfarilclfllgllvwgvvysiagkdaapggplfglatlciaahfggwlfslttlpaligmlitgmilknadlisiddryavvvsnlrkialviiltragldldpvalkrlkitvpklglipwfveagmiavltryliglpwiwglllgsiiaavspavvvpclfrlrergygvakgiptliiavagiddaasvaiygivksvmfshdalwyqilqgpiaivgglgfgilwgclakyvpekgdpfmvplrvlmllgggmvavfgseaielggagplavvaaafvscyfwqkdgwevddnpvatsfeifwmifepilfgitgtqitiaelkgktvylgiscliagiviriivtifvgigsklntkekvfislswmakatvqaalgpvtldevnrdnveqveyantvltlcvlsilltaptgaiiislsgpklltktttpxxxxxxxtagrlenektldtryfdhqrgsrsrrncerketliffrplpffffyfpaqpnlrarwsrleskkkk,8304510,33,IlluminaHiSeq;,Vespula vulgaris,>V.vulgaris-KAF7383363.1,hymenoptera,,FALSE
SNU_Nstr_1.0,Scaffold,140,PRJNA595812,KAG1694102.1,1008,mmicqisvlrnlnisstksystcnaflskmelmsnlfiqpdttlfikgsssvdqnsqvkmpqsmksrsqkllsdygiikksdaagqfhflpiglrvlkklmrviddemdhigaqkilmptmtstallkksgrlekygqdiflikdrhnkdlclgptfeeavtsmvssmnvsakmlplklyqisrkyrdeerpcfgllrgrefymkdlytfdvssedaiktyesvcnayeaifkkleiehikadgdpgniggqyshefhiiadigqdtvkicsscklginlevtekedehlcsncgnafvqhkcievghtfllsdsyskvfganlkskplqmgcygigvtrllaaavevlstennirwpkaispyqiciippkrgskeeaakdmaghlyqilsssypedviiddrddmtigqrllyakrlgfpyvlicgkhvlkstpriefidiygdktdlfthsellnklvqmkgskmgecdeksnknivgeemkplnpdndeqtdvissntipitgaleevkfsekcrsrqskmkclccqhdsgsvnnfnfvieklylceimcvillwmslysiigcqllpeghlfalfilivcciiggnlisllhfppllgnfflyfsmllvgfllrnvphinvaanlnpqwasalrsialvviliraglgldpqalkqlslvclrlaftpclvetivvavsshlvlglpwlwgfmlgfvlsavspavvvpsmisiqekglgcakgiptliiaaasvddvlaisgfgivlgitftegslgwtiakgpievliglaygiflgvtlwvipyrskenkyiyrflllstggtvavfgsriasfggagalgclilsfvaavgwkkedinesvclnpydnassgcqmiiflfiymklkkgfrkfsfkcilvyeivlhsigygiavlsiglffriiasffvvlgagltikerlfialawlpkatvqaaigpvaldlaraqadkelehyglqvltisvlvilitapigaaaialsapklltpqreasndeeksv,701800,1638,PacBioSequel;,Nymphon striatum,>N.striatum-KAG1694102.1,spider,,FALSE
CLODIP2,Scaffold,132,PRJEB34721,CAB3360254.1,594,massdnpmphsilhvpnsnpkgeerrvslavgdnapskdnpafenddeaanghstkrssdthrkhksplalpngfpeenvygkqekekkslwdwlalmpngeqfarlvaymviglliwsimyvllgqdaspkggqlfqiaamcivaklggwlatrvrlpallgmlvvgiiaknvglitvhgeyehvvsdirkvalviiliragldldpsatrklfgtilklalvpwlieccmvailshflldlpwgwafmlgsieaavspavvvpgllrlrlkgfgvakgiptlilavtgiddafsvaafgvissvmltsgsllytvtlgpasvllgvayglvwgnmtrfvpkqhdpyavhlrvlllffgglmavlgsekigyegagplgvilasyicgciwmeqgweveenpvaisfevfwlifepilfgmtgtqidfsqidpkilwkailcigvaafirifftiiiaigsrlnlkekifisfswmakatvqaalgpvaidlvrehgseeekeyarsllmvcvlsilltapvgavtialtgprllkrttatmpegwrrhtrpslrdislndediedddepepeapppsgrrstrssirevlnr,461411,1395,FALSE,Cloeon dipterum,>C.dipterum-CAB3360254.1,ephemera,,FALSE
Release 6 plus ISO1 MT,Chromosome,FALSE,PRJNA164,NM_001260322.1,714,"MSSDSDILDVVAGSEGPPLQAFRSSNPFEDSYQMSSCQQDFERDRDANLTPLHMLRRASETVTASILEPE
KEHLLGDKPQVPPRAHGSTAPSAIEAKRSRQQPNQWQLQQQQQPSSNNNNTKRALAPGDNMTQGAAPQDS
QGDILPTRPLHTKLDIQKIPEDEAGADATQNAATIILTPTSLNLTNTTTQNVAANNAGNSSTTTSTNTNY
GPGSVSGYPTPNATPGDEYKGPKWWLYIRSHWVNTSELVALLAIFLGLWAMGWVLLPEYSQPPTVIMRIA
FLFVGAQISGILVTFVHLPDMLGMLFFGVLYANLGLANFEGYQKFELFLREMALINIMLLAGLGLDGDAF
KRLWFMILRLTLLPTIVEVAAIAGLANLTLSMPWLWGIALGLVITAVSPNVVVTVMLKLKEDRLGLNSGI
HTLIYAMTTCNDVVAIFMFGVIISVIFSTTSLTQQVLQGPIGIGIGLVFGYLYGSMLQYLPSRNATYANG
LRFVLTILGGTIAVMGSRVIGYTSAGALGCVTTAFIARIGWRREETRLTPQQLQAQQIASVPKRLDLMWK
FLKPVSFALIGKEINFNVLQGHVIGYGALLVLVGSLFRLAFAYLSTYGGNLSRKERAYITISGFPKATVQ
AALGPVALDMARAASVASPEQLALAGNLLIISVLAIIFTAPLGAILMLRLAPYWLKHGDAVEAVDSPTTP
IAPTLGSTNSSKGT","25,286,936","1,870",FALSE,Drosophila melanogaster,>D.melanogaster-NM_001260322.1,diptera,"ATGACACAAG GTGCAGCGCC GCAGGACTCA CAGGGCGACA TCCTGCCCAC CCGCCCGCTG 
CATACCAAAT TAGACATACA GAAAATCCCA GAGGATGAGG CTGGCGCTGA CGCCACACAA 
AACGCTGCAA CAATAATTTT AACGCCGACA TCATTAAATT TAACAAATAC AACAACACAA 
AATGTTGCCG CCAACAATGC GGGCAACTCC AGCACCACCA CCAGCACCAA CACCAACTAC 
GGCCCAGGAT CCGTCTCCGG CTACCCAACT CCGAACGCAA CTCCGGGCGA CGAGTACAAA 
GGACCCAAAT GGTGGCTATA TATCCGTTCG CATTGGGTGA ACACTTCCGA GCTGGTGGCC 
CTACTGGCCA TTTTCCTGGG CCTTTGGGCC ATGGGCTGGG TTCTGCTGCC GGAGTACTCC 
CAACCACCGA CCGTCATCAT GCGCATTGCA TTCCTCTTTG TGGGCGCCCA GATCTCCGGC 
ATCCTGGTCA CCTTTGTCCA TCTGCCCGAC ATGCTGGGCA TGCTTTTCTT TGGCGTACTT 
TATGCCAACC TGGGCCTGGC CAATTTCGAG GGCTATCAGA AGTTTGAGCT GTTCCTCAGG 
GAAATGGCCC TGATCAACAT CATGTTGCTG GCTGGCCTCG GGCTGGATGG AGATGCCTTC 
AAGCGGCTGT GGTTCATGAT ACTCCGGTTA ACCCTGCTGC CCACAATTGT GGAGGTGGCA 
GCCATCGCCG GACTGGCCAA TCTTACACTC TCCATGCCCT GGCTGTGGGG CATTGCTTTG 
GGCCTTGTCA TCACCGCCGT TTCACCGAAT GTGGTCGTCA CCGTGATGCT GAAGTTGAAG 
GAGGATCGAC TCGGCCTGAA CAGCGGCATT CATACGCTCA TCTATGCCAT GACCACATGC 
AACGATGTGG TAGCCATCTT CATGTTTGGC GTGATAATCA GCGTAATATT CTCAACGACT 
TCGCTTACCC AGCAAGTGCT GCAGGGTCCC ATTGGCATCG GGATTGGACT CGTTTTTGGC 
TATCTCTACG GCTCGATGCT CCAGTACTTG CCATCCCGGA ACGCGACGTA CGCAAATGGC 
CTCCGCTTCG TACTCACCAT CTTGGGCGGA ACCATCGCCG TGATGGGCAG CCGCGTCATC 
GGTTATACGT CGGCCGGAGC CCTGGGTTGT GTAACGACCG CCTTTATTGC GAGGATTGGC 
TGGCGACGGG AGGAGACCAG ACTGACGCCC CAGCAGCTGC AGGCCCAGCA AATTGCGAGT 
GTGCCCAAGC GACTGGACCT CATGTGGAAG TTCCTCAAGC CCGTCTCGTT TGCGCTCATT 
GGCAAGGAAA TTAATTTCAA CGTGCTGCAG GGCCATGTAA TCGGTTATGG CGCATTGTTG 
GTGCTCGTCG GAAGTTTGTT TCGCCTGGCT TTTGCATATT TATCCACATA TGGCGGAAAT 
CTGTCGAGAA AGGAACGTGC CTACATTACA ATTTCCGGTT TTCCCAAAGC AACTGTCCAA 
GCCGCCTTGG GTCCAGTGGC TTTGGACATG GCACGTGCTG CCAGCGTGGC CAGTCCGGAA 
CAGCTTGCGC TGGCCGGGAA TTTGCTCATC ATCTCGGTGC TGGCGATTAT ATTCACCGCC 
CCGCTGGGCG CCATTCTCAT GCTGCGGTTG GCGCCATATT GGCTCAAACA TGGAGATGCA 
GTGGAGGCGG TTGACTCTCC AACCACGCCC ATCGCCCCCA CGCTGGGCAG CACCAATTCC 
TCGAAGGGGA CATAG",not the same bioproject (annoying)
Release 6 plus ISO1 MT,Chromosome,FALSE,PRJNA165,NP_723224.2,715,"MFSSHKKMTA TGEPEAREDP SVGGAPATIT TPTTIIAPTP IPVPSDVPMP NSNGSGNGAG 
NHRSTIVIES QPKRRVSIIS DPPMIGGNGG LGTGYDNPAY EQNPRRKISQ TSTHSHTDIG 
PARRKSILKD TAPHDNESDR VSTHSYENYR QNALDVLNAK YNGHQMGHNG GGSSNGGANY 
VEESWMYNFC LKCRGEEPSA SWEPPFWQKI FPYPLCPTFR TVSRLISIIL IGVLIWVTAF 
VIIGDSAAPG GQLFGLVVLT VAANFGGYLI SLTTLPRLIG MLLVGILFQN VGWADIDGDF 
SKVTAHLRKF ALTIILTRAG LEMEPEAFKK VYKTILKLGI IPWCVEAVVM AVMSHFLLDL 
PWIWAFLLGS IIAAVSPAVV VPCLFRLRTK GYGVAKGIPT LVVAVAGVDD ALSVAIFGII 
STVMFSDKGL AYQIAQAPVC ILGGLGFGVV WGSLARIFPE KGDAYVVPLR TLLLFTGGLM 
AIYGSEELGF EGAGPLAVVF SAFVSNLFWC KDGWDVEDNP VSTAFEIFWM IFEPILFGLT 
GATIKIRELD SHTVSIGAAC IFTGAILRIL TTAGIAFGDR LNTKEKFFVG LSWMAKATVQ 
AALGPVALKH LGDDATEEER NWANIVQTIC VFSIVLTAPL GAIMISVTGT KLLTKTKQPQ 
DLSGWRRSHR PSIRDISIID EEEEREDPEI PEDKETHDNT LNNAHIPSIS YTYNT","25,286,936","1,870",FALSE,Drosophila melanogaster,>D.melanogaster-NP_723224.2,diptera,"ATGTTTAGTA GCCATAAGAA GATGACGGCC ACGGGAGAGC CAGAAGCGCG CGAGGATCCG 
TCCGTCGGCG GAGCACCAGC GACCATAACC ACACCGACGA CCATCATCGC TCCGACTCCG 
ATCCCAGTGC CCAGCGATGT GCCCATGCCC AATTCGAATG GCAGTGGCAA TGGGGCTGGC 
AACCACAGGA GCACCATCGT CATCGAGAGC CAACCCAAGC GACGGGTTAG CATTATTTCC 
GATCCTCCCA TGATCGGTGG GAATGGTGGT CTCGGCACCG GATACGATAA TCCCGCCTAT 
GAGCAAAATC CGAGGCGTAA AATTTCACAG ACTTCCACAC ATTCGCACAC GGACATTGGA 
CCGGCGCGAA GGAAGAGCAT CCTGAAGGAT ACCGCTCCCC ATGACAACGA AAGTGATCGG 
GTCTCGACTC ACAGCTATGA AAACTATCGA CAGAATGCGC TGGACGTGCT CAATGCGAAG 
TACAATGGCC ACCAGATGGG TCACAACGGA GGCGGCAGCA GCAATGGCGG TGCTAACTAC 
GTCGAGGAGT CTTGGATGTA CAACTTCTGC CTCAAGTGCC GCGGCGAGGA GCCATCCGCG 
TCCTGGGAGC CGCCCTTCTG GCAGAAGATA TTCCCCTACC CGCTCTGTCC CACATTTAGG 
ACGGTATCGC GCCTAATTTC CATTATTCTG ATTGGTGTCC TTATCTGGGT CACCGCCTTT 
GTGATCATCG GCGATTCGGC AGCCCCTGGT GGGCAGCTCT TTGGCCTGGT CGTTCTCACT 
GTGGCCGCCA ATTTCGGTGG CTACCTAATA TCGCTGACCA CCTTGCCACG TCTCATTGGC 
ATGCTCCTGG TGGGCATACT CTTCCAGAAT GTAGGCTGGG CCGACATTGA TGGTGACTTC 
TCCAAGGTGA CGGCTCACCT GCGCAAATTC GCGCTTACCA TAATCCTGAC TCGAGCTGGA 
CTCGAAATGG AGCCGGAGGC CTTTAAGAAG GTGTACAAGA CGATCCTAAA GCTGGGCATC 
ATACCGTGGT GCGTGGAGGC GGTGGTGATG GCCGTGATGT CGCATTTCCT GTTGGACCTG 
CCCTGGATCT GGGCCTTCCT GCTGGGTTCC ATCATTGCTG CTGTGTCTCC AGCTGTGGTG 
GTGCCCTGCC TGTTCCGGCT GCGGACAAAG GGCTATGGCG TGGCCAAGGG TATTCCCACA 
CTGGTGGTGG CCGTGGCCGG AGTGGACGAT GCCCTGTCGG TGGCCATTTT TGGCATCATC 
AGCACTGTGA TGTTCTCCGA CAAGGGTCTG GCCTATCAGA TCGCCCAGGC ACCGGTTTGC 
ATCTTGGGCG GTTTGGGCTT TGGCGTCGTT TGGGGCTCGC TGGCCCGCAT CTTCCCGGAG 
AAGGGGGACG CGTATGTGGT GCCATTGCGG ACGCTGCTGC TCTTCACCGG CGGACTGATG 
GCCATTTATG GCAGCGAAGA GCTGGGATTC GAGGGAGCCG GTCCCCTGGC TGTCGTCTTC 
TCGGCCTTCG TTTCGAATCT GTTCTGGTGC AAGGATGGCT GGGACGTGGA GGACAACCCG 
GTGTCCACCG CCTTCGAGAT TTTCTGGATG ATCTTCGAGC CAATTCTGTT CGGTCTGACC 
GGTGCCACCA TTAAGATTCG CGAGCTGGAC TCACACACGG TGTCTATCGG AGCGGCATGC 
ATTTTTACGG GCGCCATTTT GCGTATACTT ACCACGGCGG GTATTGCGTT CGGAGATCGC 
CTCAACACCA AGGAGAAGTT CTTTGTGGGA CTGTCGTGGA TGGCCAAGGC AACGGTGCAG 
GCGGCCCTCG GTCCGGTGGC CCTAAAGCAT CTCGGAGACG ACGCCACCGA GGAGGAACGC 
AACTGGGCGA ACATTGTGCA GACGATCTGC GTGTTCAGCA TCGTTCTGAC CGCTCCGCTG 
GGAGCGATAA TGATCTCGGT GACGGGCACG AAGTTGCTGA CCAAGACCAA GCAGCCTCAG 
GACCTCAGTG GCTGGCGACG CAGCCACCGT CCATCCATTC GCGATATCAG CATCATCGAC 
GAGGAGGAGG AGCGCGAGGA TCCCGAGATA CCCGAGGACA AGGAGACGCA CGACAACACG 
CTCAACAACG CCCACATCCC CAGCATTTCC TACACATACA ACACATAG",not the same bioproject (annoying)
FALSE,FALSE,FALSE,FALSE,EF014219.1,1944,"MPSEEGNVSSQSSSGDTKRKVSIITEPVVERLGHDNLAFEQNKR
                     KISQQSHHSEEGPARRKSNLHNDNFDTSSIHSDRYNGEAGGRAKKQSFSEALEKIERD
                     YDNSRLEQSWIYSLCMRCRVEYTTPSWEPPGWQKVCPYPLCPSYRQFARILSIILIGV
                     LLWITAFVIIGDTAAPGGQLFQLVVLTVAANFGGFLISLTTLPRLIGMLMVGILFQNV
                     GWVNLDGEFQIVTAELRKLALVIILIRAGLEMDPTAFKKIYKTILKLGLIPWFVECSL
                     IAVCARFFLQLPWMWSILLGSIVGAVSPAVVVPRLFRLRTKGYGVVKGIPTLIIAVAG
                     IDDAVSVAGFGIISSIMFSTQSLGLQIAQAPVCIIGGLGFGVVWGFLCKYVPEPGDAY
                     VVPIRTLMLFGGGLLAVFGSEEIHFEGAGPLGVVFAAFTASYFWCGQGWELEDNPVST
                     AFEIFWMIFEPILFGITGASIKIAELDPHIVSIGVGSIYAVAVIRILTTAAIAFGDKL
                     NVKEKIFVAISWMSKATVQAALGPVALKTVMSNENRTEEEVHYAELVKMVCILSIILT
                     APLGAILISVTGTKLLKKTKQQLEPLDGTLGWRRSHRPSLHDISIIDEEEEREDIEGT
                     ADEDTAANTLSNAQTATAFTITK",FALSE,FALSE,FALSE,Anopheles gambiae,>A.gambiae-EF014219.1,diptera,"ATGCCTTCGGAGGAAGGGAATGTTTCCTCCCAGTCGTCCAGCGGCGACACGAAGCGCAAGGTCAGCATCA
TCACCGAACCGGTCGTCGAGCGATTAGGTCACGATAATTTGGCCTTTGAGCAGAACAAACGCAAAATATC
GCAGCAATCGCATCATTCCGAGGAAGGACCGGCGCGAAGGAAAAGTAACCTGCACAATGACAACTTTGAC
ACCTCGTCCATCCACAGCGATCGCTACAATGGCGAGGCTGGTGGTCGTGCCAAAAAGCAATCATTCTCGG
AGGCGCTGGAAAAGATCGAACGAGACTATGATAACTCCCGGCTGGAGCAGTCGTGGATCTATTCGCTGTG
CATGAGATGTCGGGTGGAGTACACAACGCCCTCGTGGGAACCGCCCGGCTGGCAGAAAGTGTGTCCCTAT
CCGTTGTGTCCGTCCTACCGCCAGTTTGCCCGTATCCTGTCCATCATTCTTATAGGTGTACTACTATGGA
TAACGGCGTTTGTCATCATCGGTGACACTGCCGCACCCGGTGGACAGTTGTTTCAGCTTGTCGTGCTAAC
AGTGGCTGCCAACTTTGGCGGGTTTCTCATCTCCCTAACGACGCTGCCTCGGCTGATCGGGATGCTGATG
GTGGGCATACTGTTCCAGAACGTCGGCTGGGTGAATCTGGACGGCGAGTTCCAGATCGTGACGGCCGAGC
TGCGCAAGCTGGCCCTGGTAATCATTCTGATCCGAGCCGGGCTAGAGATGGACCCGACCGCGTTCAAGAA
GATCTACAAAACCATCCTGAAGCTCGGTCTCATCCCGTGGTTCGTCGAGTGCTCGCTGATTGCCGTGTGC
GCCCGGTTCTTCCTGCAGCTGCCGTGGATGTGGAGCATACTGCTCGGCTCGATCGTGGGCGCCGTCTCGC
CGGCCGTCGTCGTGCCCCGCCTGTTCCGGTTGCGCACCAAGGGGTACGGTGTGGTGAAGGGCATTCCGAC
ACTGATCATTGCGGTGGCCGGCATCGACGACGCAGTGTCGGTGGCCGGGTTCGGCATCATCTCGAGCATC
ATGTTCAGCACGCAAAGCCTCGGGCTGCAGATTGCCCAGGCGCCGGTGTGCATCATCGGCGGGCTGGGTT
TCGGTGTGGTGTGGGGCTTCCTGTGCAAATATGTGCCCGAGCCGGGCGATGCGTACGTGGTGCCGATTCG
CACACTGATGCTGTTCGGGGGTGGACTGCTGGCCGTGTTTGGCAGTGAGGAGATCCACTTCGAGGGCGCC
GGTCCGCTGGGCGTGGTGTTTGCGGCGTTCACTGCGTCGTACTTTTGGTGCGGGCAGGGCTGGGAGCTGG
AGGACAATCCGGTTTCGACGGCGTTCGAAATCTTCTGGATGATCTTCGAACCGATCCTGTTCGGCATCAC
GGGCGCGTCTATTAAGATTGCTGAGCTGGATCCTCACATCGTATCGATCGGTGTCGGTAGCATTTACGCG
GTTGCTGTGATCCGCATCTTGACAACGGCGGCAATTGCTTTTGGCGACAAGCTAAACGTCAAGGAGAAGA
TCTTTGTTGCCATTTCCTGGATGTCCAAAGCGACGGTACAGGCCGCCCTCGGTCCTGTCGCCCTGAAGAC
GGTCATGTCGAACGAAAACCGCACGGAGGAGGAAGTCCACTACGCCGAGCTGGTGAAGATGGTGTGCATC
CTGAGCATTATCCTGACGGCCCCGCTCGGGGCCATTCTCATATCCGTCACCGGCACCAAGCTGCTCAAGA
AAACGAAGCAGCAGCTTGAGCCGTTGGATGGTACGTTGGGCTGGCGGCGAAGTCATCGGCCCTCGCTGCA
CGACATCAGTATCATCGACGAGGAGGAGGAGCGGGAAGATATCGAGGGCACTGCGGACGAGGATACGGCT
GCCAACACGCTGTCCAACGCGCAGACGGCGACAGCGTTCACCATCACGAAGTAG",NHA1
UVic_Lsal_1.2,Chromosome,45,PRJNA687570,XP_040567434.1,1503,"MNCFSSSLNLKLQNFFGNFLLSHQEDELKDEDSIWKKIKFALLC
                     PPHGHIGKWLSIILVILAVYGGLLALIGQHAAAPHGILFQLFVLVIVGVLMGKVMELI
                     RLPPLLGMIVTGIFFENLNLLEKDENVWPQTSSKLRSLALVIILLKAGLGLDPKALKK
                     LSGIVFRLAFIPCCIETLFVGIAGYLIVGLPWTWSFLLGFVLSAVSPAVVVPSMLDLQ
                     ARGYGVEKGIPTLVIAAASIDDVLAISGFTLCTAIIFKPSSNIQNIILQVPLEVFIGI
                     LAGLIWGIICIFIPSKDDDNVKGFRSCILLGGSIMSHFGCQYYEVPGAGPISILIMGF
                     ISGLGWTQYGWKTNNYVVQLLSKLWMLFQPLLFVLIGTEIKIYALDIAILGQCAAVFL
                     IGMSVRLIASYLATFSKEITLKERIFISLAWLPKATVQAAVGGWALDFVKSKTDLPDW
                     STKLNYATIVLNTAVLVILVTAPLGAIAISITGPKLLKKTVTESSLETPG","48,457,437","8,066",Oxford Nanopore MinION; Illumina,Lepeophtheirus salmonis,>L.salmonis-XM_040711500.1,copepod,"ATGAATTGTTTCTCCTCAAGCCTAAATCTAAAGCTCCAGAATTTCTTTGGAAATTTCCTTTTGTCTCACC
AAGAGGATGAACTCAAGGATGAAGATTCCATTTGGAAAAAAATTAAATTTGCATTACTCTGTCCTCCTCA
TGGCCATATTGGTAAATGGTTGAGTATTATATTAGTAATTCTGGCAGTGTATGGAGGATTACTTGCTCTC
ATCGGACAGCATGCTGCAGCTCCTCATGGAATCTTATTTCAATTATTTGTCCTTGTCATTGTGGGTGTTT
TAATGGGAAAAGTAATGGAATTGATTCGACTTCCTCCTCTTCTAGGAATGATTGTAACCGGTATTTTTTT
TGAAAATCTAAATTTGCTTGAAAAAGATGAAAATGTTTGGCCTCAAACCTCCTCAAAATTGAGAAGTCTT
GCCCTTGTTATAATTCTTTTAAAGGCTGGTCTTGGGTTGGATCCTAAAGCACTTAAAAAGCTTAGTGGGA
TTGTGTTTAGATTAGCTTTTATTCCATGCTGTATCGAGACATTATTTGTGGGTATAGCTGGCTATCTAAT
TGTGGGATTACCGTGGACGTGGTCCTTCCTCCTAGGTTTCGTTCTTTCGGCTGTGTCACCTGCAGTAGTG
GTCCCTTCTATGCTTGACTTACAAGCTAGAGGGTATGGAGTAGAAAAAGGTATACCTACTCTTGTTATTG
CAGCAGCATCCATAGATGATGTACTTGCTATTTCCGGATTTACACTTTGTACCGCAATTATCTTTAAACC
TTCATCAAACATCCAGAATATTATCCTACAGGTGCCTTTAGAGGTTTTTATTGGAATATTGGCCGGCTTG
ATATGGGGTATAATTTGCATTTTTATTCCATCAAAAGACGATGATAATGTTAAAGGATTTCGATCTTGCA
TTCTTCTTGGAGGTTCAATCATGAGTCATTTTGGATGCCAGTATTACGAAGTTCCAGGAGCTGGGCCTAT
CAGTATTCTCATTATGGGTTTTATTTCTGGTCTTGGTTGGACACAATATGGATGGAAAACCAATAATTAT
GTCGTACAACTTCTATCCAAACTATGGATGTTATTTCAACCTTTGCTTTTTGTTCTCATCGGTACAGAAA
TTAAAATTTACGCATTGGATATCGCCATATTAGGTCAATGTGCCGCTGTTTTCTTGATTGGTATGTCTGT
ACGTTTAATTGCTTCATATTTAGCCACTTTCAGTAAGGAAATTACCTTGAAAGAGAGGATATTTATATCG
CTCGCATGGCTTCCGAAGGCAACAGTGCAAGCTGCTGTTGGTGGCTGGGCACTTGATTTTGTCAAATCGA
AGACTGACTTGCCAGATTGGTCAACTAAATTAAACTATGCTACAATAGTACTCAATACAGCAGTCCTTGT
AATTCTTGTAACAGCTCCCTTGGGAGCAATTGCTATTTCTATTACGGGTCCAAAATTATTAAAAAAGACT
GTCACAGAGAGTTCATTGGAGACTCCGGGCTAA",not the same bioproject (annoying)